,yearstate,electionyear,stateabbreviation,statename,voterturnout,competivness,website_pollingplace,website_reg_status,website_precinct_ballot,website_absentee_status,website_provisional_status,reg_rej,prov_partic,prov_rej_all,abs_rej_all_ballots,abs_nonret,uocava_rej,uocava_nonret,eavs_completeness,post_election_audit,nonvoter_illness_pct,nonvoter_reg_pct,online_reg,wait,residual,pct_reg_of_vep_vrs,midterm,percentcitizenwhite,percentcitizenblack,percentcitizenasian,percentcitizenhispanic
0,2008-AL,2008,AL,Alabama,0.608,0.2158,0,0.0,,,,0.0004391,,,,,,0.3100032,0.4860942,0.0,0.2261501,0.0759389,0.0,14.2608,,0.8522075,0,0.725616921,0.257050529,0.002350176,0.002056404
1,2008-AK,2008,AK,Alaska,0.68,0.2153,0,0.0,,,,0.0681019,0.0621388,0.0007813,0.0018604,0.1645482,0.0429646,0.1546564,1.0,1.0,0.15214236,0.05210728,0.0,5.7127,0.0034948,0.875693,0,0.735042735,0.032051282,0.036324786,0.027777778
2,2008-AZ,2008,AZ,Arizona,0.567,0.0852,0,0.0,,,,,0.0654066,0.0191624,0.0029416,0.0642906,0.0190819,0.3659405,0.9894488,1.0,0.12171349,0.09185892,1.0,23.71424,0.0117957,0.8294159,0,0.699448309,0.043655553,0.019189254,0.190933077
3,2008-AR,2008,AR,Arkansas,0.525,0.1986,1,1.0,,,,,0.002031,,,,,0.2600094,0.7073488,0.0,0.17098345,0.03797669,0.0,21.48361,0.0085277,0.742385,0,0.816748768,0.148275862,0.002955665,0.009852217
4,2008-CA,2008,CA,California,0.609,0.2406,0,0.0,,,,,0.0578562,0.0098768,0.0096583,0.1615253,0.0566575,0.373328,0.9675562,1.0,0.14775597,0.08574958,0.0,13.64365,0.0131903,0.8248458,0,0.552255226,0.075449212,0.117436744,0.238036304
5,2008-CO,2008,CO,Colorado,0.71,0.0895,0,1.0,,,,,0.0218914,0.0033937,0.0032985,0.0900125,0.0580932,0.2623838,0.9396685,1.0,0.11898357,0.06445456,0.0,12.64701,0.0086181,0.840033,0,0.809425015,0.040901008,0.020746888,0.112625963
6,2008-CT,2008,CT,Connecticut,0.666,0.2237,0,0.0,,,,0.0042329,0.0004347,0.0002718,0.0018683,,,,0.7778371,1.0,0.21747319,0.04721039,0.0,10.07436,,0.8556383,0,0.803839733,0.093489149,0.025459098,0.079716194
7,2008-DE,2008,DE,Delaware,0.656,0.2499,1,0.0,,,,0.246144,0.0009478,0.0007987,0.0008011,0.0355968,0.0737514,0.2255319,1.0,1.0,0.21303475,0.04752197,0.0,12.16164,0.0027807,0.8579402,0,0.752475248,0.198019802,0.01320132,0.031353135
8,2008-FL,2008,FL,Florida,0.661,0.0281,0,0.0,,,,0.0043993,0.0041851,0.0021517,0.0021675,0.1405957,0.0237567,0.2162445,1.0,1.0,0.16753253,0.09558636,0.0,28.8429,0.0073533,0.8768896,0,0.693628631,0.135211042,0.012598299,0.159524956
9,2008-GA,2008,GA,Georgia,0.625,0.0521,1,1.0,,,,0.0014454,0.0043675,0.0022621,0.000882,0.0164289,0.0225782,0.3132415,0.9998797,,0.14203437,0.0584905,0.0,37.57042,0.0053731,0.8493528,0,0.642056792,0.295932464,0.023791251,0.035917114
10,2008-HI,2008,HI,Hawaii,0.488,0.4527,1,0.0,,,,,0.0011469,0.0008838,0.0018352,0.0893652,,,0.9012241,1.0,0.12623376,0.06466489,0.0,5.735971,0.0054807,0.6961197,0,0.233295583,0.018120045,0.406568516,0.050962627
11,2008-ID,2008,ID,Idaho,0.636,0.2543,1,0.0,,,,,,,0.0013438,0.0334968,0.1277148,0.2272357,0.9375,0.0,0.15048735,0.02202454,0.0,6.491838,0.0186875,0.7710114,0,0.875119161,0.010486177,0.013346044,0.081982841
12,2008-IL,2008,IL,Illinois,0.636,0.2514,0,0.0,,,,0.0456816,,,,0.0742571,0.0297539,0.3062727,0.6392842,1.0,0.1864434,0.06370506,0.0,9.287217,0.0098856,0.852006,0,0.745075452,0.145144569,0.024536344,0.077295242
13,2008-IN,2008,IN,Indiana,0.591,0.0104,1,1.0,,,,0.0204084,,,,0.0365818,,0.4717899,0.9436936,0.0,0.17045112,0.06861136,0.0,24.05688,0.0193628,0.8106478,0,0.891494958,0.078912758,0.002849627,0.022358615
14,2008-IA,2008,IA,Iowa,0.694,0.0954,1,1.0,,,,0.0081065,0.002785,0.0002496,0.0027941,0.0513921,0.0813025,0.2499575,0.9444444,0.0,0.12207783,0.03788294,0.0,5.006278,0.0062291,0.8531576,0,0.925128685,0.031820309,0.014974263,0.014506317
15,2008-KS,2008,KS,Kansas,0.62,0.1496,0,1.0,,,,0.000404,0.031835,0.0098227,0.0032542,0.0658288,0.1010196,0.2447344,0.8860591,0.0,0.1657014,0.05095426,0.0,10.75167,,0.7717946,0,0.846832814,0.059190031,0.0192108,0.039460021
16,2008-KY,2008,KY,Kentucky,0.579,0.1623,1,1.0,,,,,0.0004593,0.0003642,0.0010153,0.0618627,,0.2498479,0.7222222,0.0,0.22425771,0.05889091,0.0,12.31409,0.0188383,0.8316791,0,0.913380737,0.06302521,0.003555268,0.005494505
17,2008-LA,2008,LA,Louisiana,0.612,0.1863,1,0.0,,,,0.0590698,0.0040746,0.0023788,0.0009476,0.0259305,0.0691343,0.2909663,1.0,0.0,0.2016062,0.04526043,0.0,19.07261,0.0107515,0.8808801,0,0.659031414,0.308573298,0.004253927,0.018979058
18,2008-ME,2008,ME,Maine,0.706,0.1733,1,0.0,,,,0.008236,,,0.0024635,0.0276688,0.0559273,0.2873508,0.9314949,0.0,0.13937449,0.01420892,0.0,4.3596,0.017856,0.8645574,0,0.954228856,0.006965174,0.000995025,0.014925373
19,2008-MD,2008,MD,Maryland,0.67,0.2545,1,1.0,,,,,0.0192204,0.0064431,0.0007224,0.0926865,0.0856509,0.1741222,0.8888889,1.0,0.19235945,0.09176812,0.0,24.49189,0.0113862,0.8700553,0,0.64042887,0.277719665,0.035041841,0.03791841
20,2008-MA,2008,MA,Massachusetts,0.668,0.2581,1,0.0,,,,,0.0037744,0.002718,0.0006381,0.0913532,0.073864,0.2611423,0.6666667,0.0,0.22329813,0.08706032,0.0,5.630793,0.006981,0.8705575,0,0.853077432,0.051842047,0.047209354,0.04257666
21,2008-MI,2008,MI,Michigan,0.692,0.1647,1,1.0,,,,0.0023448,0.0007535,0.0003917,0.0016918,0.0250295,0.0905497,0.2733931,0.9634053,0.0,0.15839989,0.04656121,0.0,20.39494,0.0074049,0.9044471,0,0.818561873,0.133221851,0.012681159,0.02048495
22,2008-MN,2008,MN,Minnesota,0.778,0.1024,1,0.0,,,,0.0013859,,,0.003398,,0.063601,0.2778373,0.968371,1.0,0.13356462,0.01187608,0.0,8.646645,0.0033713,0.9181286,0,0.90891789,0.032354541,0.026644916,0.018488309
23,2008-MS,2008,MS,Mississippi,0.61,0.1318,0,0.0,,,,,,,,,,,0.7352235,0.0,0.18534994,0.08251782,0.0,11.00348,,0.8682269,0,0.63372093,0.347868217,0.001453488,0.007267442
24,2008-MO,2008,MO,Missouri,0.676,0.0014,1,1.0,,,,,0.0023175,0.0017253,0.0018226,0.0426211,0.0460646,0.1912849,0.9568514,1.0,0.16619581,0.09915379,0.0,25.94895,,0.8546824,0,0.860379103,0.104946833,0.006010171,0.011558021
25,2008-MT,2008,MT,Montana,0.663,0.0226,0,0.0,,,,0.0098772,0.0075603,0.000201,0.0039429,0.040865,0.0671113,0.3245223,0.9959454,0.0,0.13680297,0.03711556,0.0,6.151454,0.0116828,0.8020693,0,0.918508287,0.002762431,0.006906077,0.01519337
26,2008-NE,2008,NE,Nebraska,0.629,0.1493,1,1.0,,,,0.0046349,0.0190667,0.0041994,0.0022987,0.0401351,0.0785109,0.1882458,1.0,0.0,0.08956382,0.07084619,0.0,9.290749,0.0131072,0.8273379,0,0.900239425,0.02952913,0.013567438,0.037509976
27,2008-NV,2008,NV,Nevada,0.57,0.125,1,1.0,,,,0.0612805,0.0068071,0.0039401,0.0056215,0.0880472,0.1285561,0.3744487,0.996626,1.0,0.09896084,0.09457508,0.0,12.10235,0.0022381,0.7760054,0,0.696616103,0.079929988,0.068261377,0.13302217
28,2008-NH,2008,NH,New Hampshire,0.717,0.0961,0,0.0,,,,,,,0.001764,0.0474093,0.0436164,0.1798152,0.6875,0.0,0.1706019,0.02197219,0.0,7.460956,0.0119488,0.8431196,0,0.950704225,0.00804829,0.012072435,0.014084507
29,2008-NJ,2008,NJ,New Jersey,0.67,0.1557,1,1.0,,,,0.0453738,0.0182946,0.0046115,0.0016587,0.4337221,0.0294278,0.3158344,0.8954756,,0.19134796,0.06595119,0.0,7.351229,0.0183422,0.8546985,0,0.681409692,0.135506608,0.065198238,0.116475771
30,2008-NM,2008,NM,New Mexico,0.609,0.1513,1,1.0,,,,,0.0085491,,0.0016928,,0.0201342,0.2546192,0.81182,,0.16679956,0.06040423,0.0,12.25702,0.0038483,0.8082556,0,0.483727811,0.022928994,0.014053254,0.398668639
31,2008-NY,2008,NY,New York,0.59,0.2685,1,1.0,,,,,,,,,,,0.0,1.0,0.17072251,0.06192229,0.0,8.54381,0.0108864,0.8393219,0,0.689314344,0.152307573,0.057825512,0.104910888
32,2008-NC,2008,NC,North Carolina,0.655,0.0032,1,1.0,,,,0.0325179,0.012442,0.0063319,0.0061039,0.1448793,0.0793941,0.3295829,1.0,1.0,0.16834645,0.07527958,0.0,21.04392,0.0100543,0.8450992,0,0.739694303,0.207657866,0.012351397,0.018218311
33,2008-ND,2008,ND,North Dakota,0.627,0.0863,1,,,,,,,,0.0012028,0.0635516,0.0225933,0.2337565,1.0,1.0,0.10326316,0.02251222,,5.319697,0.0161802,0.8318359673469388,0,0.894957983,0.004201681,0.004201681,0.010504202
34,2008-OH,2008,OH,Ohio,0.669,0.0459,1,0.0,,,,,0.0355628,0.0068449,0.0046072,0.0506325,0.0490007,0.1851302,0.974529,0.0,0.15677163,0.08091176,0.0,15.59497,0.0130494,0.8442057,0,0.849647424,0.107087367,0.012907852,0.016971435
35,2008-OK,2008,OK,Oklahoma,0.558,0.313,1,0.0,,,,,0.0019102,0.0015922,0.0013616,0.1699076,0.0595024,0.2772467,0.9444444,0.0,0.18444355,0.0941416,0.0,22.38293,,0.8108133,0,0.756819953,0.072096648,0.009353079,0.03624318
36,2008-OR,2008,OR,Oregon,0.677,0.1635,0,1.0,,,,,0.0017071,,0.0069996,0.1366947,,,0.6541629,1.0,0.09805038,0.13361974,0.0,,0.0094226,0.8504665,0,0.874209155,0.020096762,0.020096762,0.037216226
37,2008-PA,2008,PA,Pennsylvania,0.636,0.1032,1,0.0,,,,0.3685709,0.0054186,0.0023927,0.00032,0.1132009,0.0066625,0.2062861,0.9444652,1.0,0.16668096,0.05822749,0.0,14.49461,0.0153798,0.8138801,0,0.858244623,0.090918966,0.01129698,0.034651314
38,2008-RI,2008,RI,Rhode Island,0.618,0.278,1,1.0,,,,,0.0015829,0.0006363,0.000181,0.0280802,,0.2053333,0.5,0.0,0.23239689,0.08160677,0.0,5.235795,0.0077025,0.8417301,0,0.871010638,0.053191489,0.021276596,0.055851064
39,2008-SC,2008,SC,South Carolina,0.58,0.0897,0,1.0,,,,,0.0049406,0.002585,0.000559,0.0257519,0.0308621,0.26298,0.8796172,0.0,0.2167241,0.07513268,0.0,61.50213,0.0105646,0.8066244,0,0.712679575,0.264522174,0.004372267,0.011555278
40,2008-SD,2008,SD,South Dakota,0.647,0.0841,1,1.0,,,,,0.000839,,,0.0247254,,0.1427321,0.8119472,0.0,0.07955895,0.07778592,0.0,3.912501,0.0141283,0.8361611,0,0.916521739,0.003478261,0.005217391,0.013913043
41,2008-TN,2008,TN,Tennessee,0.57,0.1507,1,1.0,,,,,0.0016775,0.001058,0.0009786,,0.0537774,0.174034,0.8842599,0.0,0.17391336,0.10324624,0.0,19.43365,0.0065219,0.8022472,0,0.806800618,0.150585118,0.017222345,0.016118348
42,2008-TX,2008,TX,Texas,0.541,0.1177,0,1.0,,,,0.2131805,0.0051113,0.003938,0.0019582,0.087005,0.0644787,0.3066428,0.9739842,1.0,0.13463944,0.06953745,0.0,12.03378,,0.7947317,0,0.546077128,0.122340426,0.023404255,0.298736702
43,2008-UT,2008,UT,Utah,0.56,0.2817,1,0.0,,,,,0.0452866,0.0071467,0.0017521,0.2500228,0.0422491,0.3119984,0.973514,1.0,0.14134705,0.09332602,0.0,13.73014,0.0193732,0.7581635,0,0.903280543,0.01300905,0.01300905,0.052036199
44,2008-VT,2008,VT,Vermont,0.673,0.3701,0,0.0,,,,0.0022088,0.0001018,8.99e-06,0.0037844,0.0310253,0.0598608,0.1551453,0.995383,0.0,0.13854671,0.04103221,0.0,2.480046,0.0068897,0.8342508,0,0.966386555,0.008403361,0.004201681,0.006302521
45,2008-VA,2008,VA,Virginia,0.67,0.063,1,1.0,,,,0.0522084,0.0024944,0.0017968,0.0017925,0.0731891,0.0777565,0.2994109,0.9978397,0.0,0.17687869,0.10059811,0.0,28.68236,0.0078868,0.8730558,0,0.735891648,0.189051919,0.041572611,0.0248307
46,2008-WA,2008,WA,Washington,0.666,0.1717,0,1.0,,,,,0.0175958,0.0037593,0.0081961,0.134653,0.0115889,0.2820906,0.8869602,1.0,0.06415436,0.10604227,1.0,,0.0113,0.8419077,0,0.810652174,0.02673913,0.056956522,0.060869565
47,2008-WV,2008,WV,West Virginia,0.499,0.1312,1,1.0,,,,,,,,,,,0.7684922,1.0,0.22706275,0.04861556,0.0,15.01558,0.0316884,0.7814252,0,0.961067051,0.02739726,0.002162942,0.004325883
48,2008-WI,2008,WI,Wisconsin,0.724,0.1391,1,1.0,,,,,7.04e-05,3.9e-05,0.000914,0.0532762,0.0392338,0.3104991,0.8815994,1.0,0.17287897,0.00817329,0.0,7.936197,0.0044887,0.8691568,0,0.893165556,0.049099433,0.00912904,0.037009623
49,2008-WY,2008,WY,Wyoming,0.628,0.3224,1,0.0,,,,,,,0.0008827,0.0275452,,0.2339181,0.8834472,0.0,0.12815282,0.05982095,0.0,5.620379,0.0053494,0.7828825,0,0.922879177,0.010282776,0.002570694,0.038560411
50,2012-AL,2012,AL,Alabama,0.586,0.2219,1,1.0,0.0,1.0,1.0,,0.0036719,0.0021163,,,,,0.5824811,0.0,0.23142886,0.07635505,0.0,11.30834,0.006219,0.863281,0,0.709111814,0.25524576,0.007185973,0.010060362
51,2012-AK,2012,AK,Alaska,0.587,0.1399,1,1.0,0.0,1.0,0.0,0.0970629,0.0603541,0.00081,0.0026615,0.154525,0.082484,0.193297,1.0,1.0,0.12015536,0.06383421,0.0,3.656872,0.0039742,0.8684716,0,0.711111111,0.04040404,0.042424242,0.036363636
52,2012-AZ,2012,AZ,Arizona,0.526,0.0906,1,1.0,0.0,1.0,1.0,,0.0788693,0.0142117,0.0053323,0.1967418,0.0095289,0.2858332,0.990735,1.0,0.12530252,0.09045524,1.0,10.78703,0.0104688,0.7745221,0,0.645340751,0.04798331,0.037088549,0.229253593
53,2012-AR,2012,AR,Arkansas,0.507,0.2369,1,1.0,1.0,1.0,0.0,,0.0024149,0.0015701,0.0009498,0.0907552,0.1001417,0.2774451,0.9692506,0.0,0.17145225,0.05128189,0.0,12.88792,0.0084187,0.7594837,0,0.794689426,0.148411569,0.009957326,0.034613561
54,2012-CA,2012,CA,California,0.551,0.2312,0,0.0,0.0,0.0,0.0,,0.0814496,0.0136471,0.0045501,0.2938262,0.0848288,0.4602846,0.9831181,1.0,0.13636522,0.09350371,1.0,5.803193,0.0123927,0.8010042,0,0.506682608,0.074298646,0.121226355,0.277979418
55,2012-CO,2012,CO,Colorado,0.699,0.0536,1,1.0,0.0,1.0,1.0,0.0167844,0.024222,0.003804,0.0063234,0.1249349,0.0365144,0.3044472,1.0,1.0,0.09195083,0.06357475,1.0,6.306886,0.0104516,0.8784338,0,0.79006772,0.03527088,0.02765237,0.14023702
56,2012-CT,2012,CT,Connecticut,0.613,0.1733,1,1.0,0.0,1.0,0.0,,0.0006171,0.0005402,0.0015096,0.0865572,0.0096428,0.1145186,0.7777778,1.0,0.18870133,0.04193211,0.0,8.502415,,0.844919,0,0.772709084,0.102440976,0.032012805,0.088035214
57,2012-DE,2012,DE,Delaware,0.623,0.1863,1,0.0,1.0,1.0,1.0,0.0414882,0.0010847,0.0010009,0.0005747,0.0763399,0.0977143,0.2850829,1.0,1.0,0.18058525,0.05101806,0.0,4.920934,0.0088689,0.8627042,0,0.730109204,0.209048362,0.023400936,0.037441498
58,2012-FL,2012,FL,Florida,0.628,0.0088,1,1.0,1.0,1.0,0.0,0.0629904,0.0049949,0.0021158,0.0024058,0.1815513,0.0308689,0.2495005,1.0,1.0,0.14670882,0.0782752,0.0,44.97699,0.007481,0.852604,0,0.658187003,0.144004202,0.027014858,0.168842864
59,2012-GA,2012,GA,Georgia,0.59,0.0782,1,1.0,1.0,1.0,0.0,,0.0053178,0.002761,0.0001813,0.0168093,0.024003,0.3453543,0.9413403,0.0,0.16754481,0.06287351,0.0,17.77648,0.0049256,0.8632095,0,0.619768477,0.306173939,0.029385574,0.035322054
60,2012-HI,2012,HI,Hawaii,0.442,0.4271,1,0.0,1.0,0.0,0.0,,0.0016278,0.0013943,0.0025322,0.0981071,,0.3262103,0.9262494,1.0,0.12792197,0.0816899,0.0,7.027607,0.005638,0.7091731,0,0.225806452,0.019354839,0.433333333,0.078494624
61,2012-ID,2012,ID,Idaho,0.598,0.3191,1,1.0,0.0,1.0,,,,,0.0014318,0.0325269,0.1358954,0.1849817,0.9366804,0.0,0.13142571,0.03208783,0.0,7.092125,0.0210359,0.7705358,0,0.898496241,0.006578947,0.005639098,0.063909774
62,2012-IL,2012,IL,Illinois,0.589,0.1687,1,1.0,0.0,0.0,1.0,0.0369644,0.00383,0.0056721,0.0007937,0.0793134,,,0.8224649,1.0,0.1558387,0.06105107,0.0,11.71202,0.0071714,0.8482321,0,0.725625637,0.144717473,0.040312535,0.087192843
63,2012-IN,2012,IN,Indiana,0.552,0.102,1,1.0,1.0,1.0,1.0,0.0407637,0.0018026,0.0015007,0.0045217,0.0065626,0.2058374,0.1347832,0.9932502,0.0,0.17448731,0.06457779,1.0,14.31977,0.0145808,0.7842379,0,0.878704488,0.08149873,0.008679086,0.024978831
64,2012-IA,2012,IA,Iowa,0.703,0.0581,1,1.0,0.0,1.0,0.0,0.0057212,0.0031422,0.000544,0.0051373,0.0700988,0.0592933,0.2159142,1.0,0.0,0.12272054,0.01885386,0.0,7.495293,0.0048876,0.864816,0,0.921594982,0.022849462,0.015681004,0.031810036
65,2012-KS,2012,KS,Kansas,0.569,0.2172,1,1.0,1.0,1.0,0.0,,0.0348477,0.0120929,0.0045388,,0.056887,0.2277816,0.9444444,0.0,0.15518427,0.06523893,1.0,11.49815,0.0224194,0.8128678,0,0.843385707,0.052204764,0.013684744,0.054738976
66,2012-KY,2012,KY,Kentucky,0.557,0.2269,1,1.0,0.0,0.0,1.0,0.2089529,0.000158,0.0001305,0.000999,0.0808597,0.0809474,0.2237081,1.0,0.0,0.17743474,0.04519943,0.0,8.032156,0.0102602,0.8081189,0,0.903569192,0.068879148,0.010331872,0.010644959
67,2012-LA,2012,LA,Louisiana,0.602,0.172,1,1.0,1.0,1.0,1.0,0.0780137,0.0034063,0.0021112,0.0011784,0.2173492,0.0428422,0.3880275,1.0,0.0,0.17045942,0.03318321,1.0,20.24693,0.0101675,0.8502548,0,0.656992899,0.307502316,0.007100957,0.021611609
68,2012-ME,2012,ME,Maine,0.682,0.1529,1,0.0,1.0,0.0,,0.0165906,0.0004346,0.0,0.0029748,0.0319774,0.0794365,0.2551909,0.9999949,0.0,0.15452802,0.01218966,0.0,3.730127,0.015975,0.8545574,0,0.961764706,0.006862745,0.007843137,0.006862745
69,2012-MD,2012,MD,Maryland,0.666,0.2607,1,1.0,1.0,1.0,1.0,0.0025462,0.0292138,0.0040703,0.0005537,0.1245651,0.1123021,0.2578093,1.0,1.0,0.19453773,0.06644569,1.0,29.18414,0.0097785,0.8707171,0,0.626653357,0.291240329,0.032692788,0.043923135
70,2012-MA,2012,MA,Massachusetts,0.659,0.2314,1,0.0,1.0,1.0,0.0,0.0334102,0.0040575,0.0030215,0.0007845,0.0823438,0.0050396,0.1808857,0.9998856,0.0,0.20336337,0.06830429,0.0,8.758975,0.0051595,0.8773614,0,0.812107248,0.067239212,0.045873481,0.06744868
71,2012-MI,2012,MI,Michigan,0.647,0.095,1,1.0,1.0,1.0,0.0,0.0027539,0.0005595,0.0003106,0.0016836,0.029106,0.0872351,0.2511595,1.0,1.0,0.16374734,0.03245489,0.0,21.92964,0.0104043,0.8952891,0,0.804648589,0.1371057,0.019507471,0.031128943
72,2012-MN,2012,MN,Minnesota,0.76,0.0769,1,1.0,1.0,1.0,,0.0008924,,,0.0026342,0.0431996,0.0763144,0.2107462,1.0,1.0,0.16280241,0.01234857,0.0,6.224818,0.0048187,0.8768958,0,0.898795798,0.03638227,0.032026646,0.024596464
73,2012-MS,2012,MS,Mississippi,0.593,0.115,1,0.0,0.0,0.0,0.0,,,,,,,,0.7214549,0.0,0.20690326,0.06482957,0.0,7.692284,,0.9019811,0,0.620187793,0.349295775,0.004694836,0.007981221
74,2012-MO,2012,MO,Missouri,0.622,0.0938,1,1.0,1.0,0.0,0.0,0.0843807,0.0022504,0.0015879,0.0017868,0.0459155,0.0386089,0.2168997,0.9968871,1.0,0.16751409,0.07580572,0.0,12.70876,,0.867941,0,0.846450442,0.105466092,0.006804264,0.023588115
75,2012-MT,2012,MT,Montana,0.625,0.1365,1,1.0,1.0,1.0,0.0,0.0110177,0.0113057,0.0005448,0.0017339,0.0926698,0.0099294,0.3299346,1.0,1.0,0.13012452,0.05535465,0.0,16.50092,0.0163304,0.8272051,0,0.901856764,0.0,0.0,0.017241379
76,2012-NE,2012,NE,Nebraska,0.603,0.2177,1,1.0,0.0,1.0,1.0,0.0034177,0.0185515,0.0039948,0.0048334,0.1055464,0.0459311,0.1462063,0.9822419,1.0,0.09139717,0.07870281,0.0,5.841214,0.0122674,0.814917,0,0.887345679,0.034722222,0.013888889,0.049382716
77,2012-NV,2012,NV,Nevada,0.564,0.0668,1,1.0,0.0,1.0,0.0,0.0390697,0.0081836,0.0047761,0.0011397,0.1497916,0.0433715,0.1792526,1.0,1.0,0.12433895,0.08226512,1.0,8.453208,0.0017174,0.7899016,0,0.645464602,0.090707965,0.063606195,0.167035398
78,2012-NH,2012,NH,New Hampshire,0.702,0.0558,1,1.0,0.0,1.0,,1.73e-05,,,0.0024141,0.0472792,0.0733716,0.1266404,1.0,0.0,0.15795779,0.02003147,0.0,10.68225,0.0109887,0.8415838,0,0.943491423,0.010090817,0.009081736,0.02320888
79,2012-NJ,2012,NJ,New Jersey,0.615,0.1779,1,1.0,0.0,0.0,0.0,0.0860244,0.0265077,0.0035571,0.0017768,0.1560629,0.0144084,0.2898931,1.0,0.0,0.1966214,0.05321155,0.0,4.718296,0.0101081,0.8654117,0,0.6797099,0.133074717,0.062911115,0.130376117
80,2012-NM,2012,NM,New Mexico,0.546,0.1015,1,1.0,1.0,0.0,1.0,,0.0096773,0.0032017,0.0021323,0.0623519,0.0296384,0.3298872,0.9605955,1.0,0.1630815,0.06005833,0.0,4.220051,0.0035041,0.8249483,0,0.5,0.027349229,0.008415147,0.381486676
81,2012-NY,2012,NY,New York,0.531,0.2818,1,1.0,0.0,0.0,0.0,,0.068903,0.0181273,,,0.1731335,0.3083219,0.8380723,1.0,0.16882285,0.05321604,1.0,9.53844,0.0077084,0.825425,0,0.662895582,0.160755236,0.064821893,0.11833053
82,2012-NC,2012,NC,North Carolina,0.648,0.0204,1,1.0,1.0,1.0,1.0,0.042992,0.0112764,0.0061303,0.0004928,0.1070831,0.0089706,0.2089184,1.0,1.0,0.17357709,0.07726049,0.0,13.54665,0.0081709,0.8882124,0,0.718116806,0.223629321,0.008492253,0.025178784
83,2012-ND,2012,ND,North Dakota,0.598,0.1963,1,,1.0,1.0,,,,,0.0011004,0.0546361,0.0135849,0.1830635,1.0,1.0,0.10116036,0.02324787,,7.457581,0.0089915,0.8303118693877551,0,0.883268482,0.007782101,0.001945525,0.027237354
84,2012-OH,2012,OH,Ohio,0.645,0.0298,1,1.0,0.0,0.0,0.0,0.0696685,0.0369445,0.0060936,0.0022813,0.0641368,0.0228531,0.2056003,0.9921069,1.0,0.13769524,0.08025426,0.0,11.00186,0.0091614,0.8496608,0,0.849356725,0.114035088,0.007017544,0.020233918
85,2012-OK,2012,OK,Oklahoma,0.492,0.3354,1,0.0,0.0,0.0,0.0,,0.0039549,0.0026716,0.0014181,0.1564268,0.0545769,0.3106389,0.9444444,0.0,0.1740918,0.09773163,0.0,15.88929,0.0063333,0.7696237,0,0.70435419,0.068422978,0.015001829,0.046469082
86,2012-OR,2012,OR,Oregon,0.631,0.1209,1,1.0,1.0,1.0,0.0,,0.0009728,4.12e-05,0.0073375,0.1704226,0.0207677,0.3434479,0.9388529,1.0,0.11949157,0.13784543,1.0,,0.0171584,0.8586776,0,0.857091946,0.014255167,0.025302922,0.043121882
87,2012-PA,2012,PA,Pennsylvania,0.595,0.0538,1,1.0,0.0,0.0,1.0,0.0276397,0.0084722,0.0035026,0.000319,0.1211398,0.0188189,0.3073439,1.0,1.0,0.15651499,0.03901308,0.0,9.092713,,0.8098683,0,0.835907744,0.099449852,0.011637749,0.04305967
88,2012-RI,2012,RI,Rhode Island,0.58,0.2746,1,1.0,1.0,1.0,1.0,,0.0052193,0.0028233,0.0007219,0.0988747,0.0017271,0.3321799,0.9455113,0.0,0.21198045,0.06445334,0.0,11.67514,0.0088438,0.8356545,0,0.841544607,0.057256991,0.021304927,0.075898802
89,2012-SC,2012,SC,South Carolina,0.563,0.1047,1,1.0,0.0,1.0,1.0,,,,0.000328,0.0317492,,0.2233468,0.8180441,0.0,0.21609727,0.0607966,1.0,25.17696,0.0087801,0.8249078,0,0.699112426,0.269526627,0.00887574,0.010946746
90,2012-SD,2012,SD,South Dakota,0.593,0.1802,1,1.0,1.0,1.0,0.0,,0.0011957,0.00093,0.0004013,0.0215005,0.056005,0.2179742,0.9725954,0.0,0.09250011,0.08560098,0.0,4.274655,0.0129012,0.8313653,0,0.866556837,0.008237232,0.001647446,0.021416804
91,2012-TN,2012,TN,Tennessee,0.519,0.204,1,1.0,0.0,0.0,0.0,,0.0028583,0.0022039,0.0002476,0.0736923,0.0590969,0.2213037,0.9898868,1.0,0.16834518,0.06841523,0.0,13.6949,0.0087111,0.7862397,0,0.80076956,0.154339461,0.004275331,0.02864472
92,2012-TX,2012,TX,Texas,0.496,0.1579,1,1.0,0.0,0.0,0.0,0.0260142,0.0063533,0.005223,0.0005616,0.0634162,0.0429503,0.4736454,0.9450474,1.0,0.12941456,0.06497302,0.0,12.43597,,0.7708747,0,0.520483128,0.133482754,0.031502926,0.303013323
93,2012-UT,2012,UT,Utah,0.555,0.4804,1,1.0,1.0,1.0,1.0,0.0332757,0.0522787,0.0099684,0.0019559,0.225745,0.0157807,0.2831068,0.9444444,1.0,0.1552075,0.10198568,1.0,10.31847,0.0110285,0.7678974,0,0.862242052,0.010039041,0.020635806,0.084216397
94,2012-VT,2012,VT,Vermont,0.607,0.356,0,0.0,0.0,0.0,0.0,,6.52e-05,,,0.0434572,0.0180965,0.2125,0.927192,0.0,0.09656254,0.04790612,0.0,1.959669,0.0082938,0.8266858,0,0.94661191,0.01026694,0.008213552,0.01026694
95,2012-VA,2012,VA,Virginia,0.661,0.0388,1,1.0,1.0,1.0,1.0,0.024471,0.0033006,0.0020776,0.0005846,0.0399651,0.017418,0.1692877,0.997191,0.0,0.1964353,0.07693179,0.0,23.64561,0.0108696,0.8612301,0,0.728786537,0.188308237,0.039503986,0.027280779
96,2012-WA,2012,WA,Washington,0.648,0.1487,1,1.0,1.0,0.0,0.0,0.0116896,0.0021307,0.0009512,0.0093492,0.1806237,0.0110057,0.3665684,1.0,1.0,0.03453196,0.11444009,1.0,,0.0149461,0.8401185,0,0.792425497,0.030836093,0.052773179,0.061672185
97,2012-WV,2012,WV,West Virginia,0.463,0.2676,1,1.0,0.0,1.0,1.0,,,,,,0.0017847,0.2078228,0.9601688,1.0,0.22853476,0.04861714,0.0,9.792584,0.0213969,0.7887503,0,0.955617198,0.026352288,0.003467406,0.009015257
98,2012-WI,2012,WI,Wisconsin,0.729,0.0694,1,1.0,1.0,1.0,1.0,0.001222,4.46e-05,2.5e-05,0.0013365,0.0669222,0.0706578,0.3358462,0.9990603,1.0,0.22164091,0.01235712,0.0,8.215319,0.0029845,0.8777779,0,0.877796091,0.053449494,0.004709206,0.038380033
99,2012-WY,2012,WY,Wyoming,0.586,0.4082,1,0.0,0.0,0.0,0.0,,,,0.000706,0.026823,0.0326158,0.2848958,0.9005393,1.0,0.11532616,0.04179411,0.0,4.516539,0.0065417,0.7467319,0,0.887828162,0.007159905,0.0,0.064439141
100,2016-AL,2016,AL,Alabama,0.588,0.2772,1,1.0,1.0,1.0,1.0,0.0160717,,,,0.10026,0.0392465,0.3813421,0.7435867,0.0,0.22291428,0.05076856,1.0,13.17053,0.0062881,0.8621275,0,0.691865242,0.261024377,0.002738976,0.022733498
101,2016-AK,2016,AK,Alaska,0.61,0.1473,1,1.0,1.0,1.0,0.0,0.1116463,0.0613138,0.0008383,0.0027097,0.131722,0.0793299,0.1236304,1.0,1.0,0.12192352,0.05422933,1.0,6.428843,0.0082947,0.875029,0,0.655378486,0.033864542,0.037848606,0.045816733
102,2016-AZ,2016,AZ,Arizona,0.549,0.0354,1,1.0,0.0,1.0,1.0,,0.0376507,0.0087999,0.0039553,0.1857665,0.0269812,0.1832532,0.9855512,1.0,0.08287324,0.06346135,1.0,5.688967,0.0213564,0.809389,0,0.627044711,0.051690294,0.023555071,0.249727372
103,2016-AR,2016,AR,Arkansas,0.528,0.2692,1,1.0,0.0,1.0,0.0,0.0337863,0.0041318,0.003051,0.0016215,0.079493,,0.1725993,0.9339136,0.0,0.20186481,0.04649762,0.0,15.3538,0.0093646,0.8370594,0,0.791115312,0.149338374,0.007561437,0.036389414
104,2016-CA,2016,CA,California,0.565,0.3011,1,1.0,0.0,1.0,1.0,0.1585112,0.0894693,0.0132462,0.0040015,0.2917455,0.0473816,0.2925338,0.9912663,1.0,0.11564228,0.07864251,1.0,6.625767,0.0255033,0.797656,0,0.480273202,0.071032543,0.144033748,0.284933708
105,2016-CO,2016,CO,Colorado,0.7,0.0491,1,1.0,0.0,1.0,1.0,0.0329898,0.0020491,0.0005142,0.0080608,0.2216624,0.0161276,0.4022006,1.0,1.0,0.070554,0.06149936,1.0,2.399448,0.0276191,0.9004806,0,0.802310655,0.042875481,0.026700899,0.109370988
106,2016-CT,2016,CT,Connecticut,0.637,0.1364,1,1.0,1.0,1.0,0.0,,3.94e-05,2.15e-05,0.0015108,0.0634724,0.0179473,0.1825397,0.8888889,1.0,0.20214406,0.03287137,1.0,6.073258,0.0185037,0.8654541,0,0.763995167,0.107128474,0.033427306,0.111961337
107,2016-DE,2016,DE,Delaware,0.642,0.1138,1,1.0,1.0,1.0,1.0,0.0757975,0.0006604,0.0006091,0.0004819,0.119254,0.0399523,0.196,1.0,1.0,0.17922233,0.04036922,1.0,4.889554,0.0031759,0.8698691,0,0.693572496,0.215246637,0.032884903,0.058295964
108,2016-FL,2016,FL,Florida,0.645,0.012,1,1.0,0.0,1.0,0.0,0.0601564,0.0025443,0.0014002,0.0022856,0.2170942,0.0316635,0.2767455,0.9999695,1.0,0.13161255,0.06030143,0.0,5.551784,0.0081146,0.8701133,0,0.628361519,0.144372054,0.026406986,0.198988079
109,2016-GA,2016,GA,Georgia,0.591,0.0513,1,1.0,1.0,1.0,1.0,0.0029336,0.0040363,0.0022056,0.0032979,0.100842,0.0814246,0.2736933,1.0,0.0,0.14848693,0.06040053,1.0,16.55033,0.0057517,0.8330312,0,0.587684449,0.319948922,0.03192395,0.047531215
110,2016-HI,2016,HI,Hawaii,0.423,0.3218,1,1.0,1.0,0.0,0.0,,0.0019306,0.0016244,0.0028421,0.1524386,0.0259301,0.2264261,0.9710841,1.0,0.09996945,0.07057734,1.0,3.780215,0.01994,0.7187587,0,0.210472279,0.024640657,0.428131417,0.075975359
111,2016-ID,2016,ID,Idaho,0.592,0.3177,1,1.0,0.0,1.0,,,,,0.0012329,0.029666,0.1374101,0.1514851,0.9375,0.0,0.1310991,0.02422966,0.0,8.013486,0.028305,0.7803469,0,0.864347826,0.004347826,0.010434783,0.099130435
112,2016-IL,2016,IL,Illinois,0.622,0.1707,1,1.0,0.0,0.0,1.0,0.0340921,0.0047393,0.002206,0.001079,0.1204674,0.0246251,0.2156082,0.9996744,1.0,0.12755969,0.04162676,1.0,6.372737,0.0125823,0.8841081,0,0.685953177,0.147268673,0.043589744,0.119620959
113,2016-IN,2016,IN,Indiana,0.564,0.1917,1,1.0,1.0,1.0,1.0,0.0659661,0.0010711,0.0008437,0.0007399,0.0026247,0.0252196,0.0877317,1.0,0.0,0.17443781,0.05207844,1.0,17.09024,0.0177785,0.8135898,0,0.846506778,0.092179353,0.016058394,0.028779979
114,2016-IA,2016,IA,Iowa,0.684,0.0941,1,1.0,0.0,1.0,0.0,0.0060064,0.0016144,0.000437,0.00268,0.0310747,0.0381659,0.2040688,0.9441887,0.0,0.09004534,0.01586474,1.0,3.84448,0.0097004,0.8584474,0,0.922338569,0.028359511,0.013089005,0.022251309
115,2016-KS,2016,KS,Kansas,0.577,0.206,1,1.0,1.0,0.0,0.0,,0.033406,0.0112114,0.0035644,0.0881266,0.0128312,0.1590704,0.939796,0.0,0.13775086,0.05513639,1.0,5.504723,0.025307,0.8075151,0,0.824051257,0.059635288,0.015278462,0.0680138
116,2016-KY,2016,KY,Kentucky,0.586,0.2984,1,1.0,1.0,1.0,1.0,0.6719736,0.0001493,0.0001195,0.0011004,0.1036478,0.0418269,0.4587776,1.0,0.0,0.166482,0.04025738,1.0,7.643252,0.0166829,0.8296631,0,0.887553913,0.07116451,0.004313001,0.024337646
117,2016-LA,2016,LA,Louisiana,0.6,0.1964,1,1.0,1.0,1.0,1.0,0.0528649,0.002409,0.0017826,0.0011079,0.2150946,0.0593993,0.4196441,1.0,1.0,0.18314131,0.04184529,1.0,12.29062,0.0100018,0.8641496,0,0.626304802,0.314345362,0.019385625,0.036087086
118,2016-ME,2016,ME,Maine,0.707,0.0296,1,1.0,1.0,0.0,1.0,0.0111876,0.0002514,0.0,0.0031908,0.0226125,0.5,0.0,1.0,0.0,0.14256482,0.00995806,0.0,4.057429,0.0311288,0.8765755,0,0.936416185,0.009633911,0.007707129,0.015414258
119,2016-MD,2016,MD,Maryland,0.664,0.2642,1,1.0,1.0,1.0,1.0,0.0015408,0.0280195,0.0033566,0.0008506,0.2210732,0.076238,0.3234063,1.0,1.0,0.16130018,0.05530486,1.0,15.78131,0.0092173,0.8847268,0,0.575276575,0.31000481,0.051226551,0.06012506
120,2016-MA,2016,MA,Massachusetts,0.672,0.272,1,1.0,1.0,1.0,0.0,0.0334912,0.002175,0.0015227,0.0015248,0.1074175,0.0095038,0.1721112,0.9999976,1.0,0.19432175,0.0651627,1.0,5.338932,0.0159095,0.8767485,0,0.799073888,0.074088987,0.047916247,0.079927522
121,2016-MI,2016,MI,Michigan,0.647,0.0023,1,1.0,1.0,1.0,0.0,0.0007218,0.0003879,0.0003186,0.0012659,0.0612349,0.0251353,0.2177158,1.0,0.0,0.13583705,0.03093756,1.0,8.301167,0.010273,0.8890972,0,0.803327878,0.139116203,0.014729951,0.028096017
122,2016-MN,2016,MN,Minnesota,0.741,0.0152,1,1.0,1.0,1.0,,0.000659,,,0.0020449,0.0754312,0.0757648,0.2334821,1.0,1.0,0.15444912,0.02014818,1.0,6.853027,0.0077648,0.8865658,0,0.854454203,0.042409034,0.031116688,0.03412798
123,2016-MS,2016,MS,Mississippi,0.552,0.1783,1,1.0,1.0,0.0,0.0,0.0021845,0.0177723,0.0044271,0.0013073,0.0601137,0.0089538,0.2659979,0.9444444,0.0,0.1873583,0.07497387,0.0,8.041148,,0.8704088,0,0.617050691,0.358064516,0.005990783,0.010599078
124,2016-MO,2016,MO,Missouri,0.622,0.1863,1,1.0,1.0,0.0,0.0,0.0051779,0.0020061,0.0012788,0.0019668,0.047387,0.0159935,0.2617639,0.9331664,1.0,0.17090154,0.05723101,1.0,13.85271,,0.853853,0,0.842398573,0.109451627,0.007579135,0.020731164
125,2016-MT,2016,MT,Montana,0.618,0.2042,1,1.0,1.0,1.0,0.0,0.006037,0.014732,0.0006075,0.0021764,0.0509393,0.0077465,0.150231,0.9444444,1.0,0.08457123,0.04844387,0.0,3.284164,0.0292527,0.8223944,0,0.908860759,0.003797468,0.006329114,0.024050633
126,2016-NE,2016,NE,Nebraska,0.628,0.2505,1,1.0,1.0,1.0,1.0,0.0017888,0.0186384,0.0044377,0.0030984,0.0393038,0.0468904,0.1850362,1.0,1.0,0.10420382,0.06693326,1.0,5.621894,0.0189943,0.8556443,0,0.851796407,0.038922156,0.017215569,0.048652695
127,2016-NV,2016,NV,Nevada,0.574,0.0242,1,1.0,1.0,1.0,1.0,0.1201519,0.0060763,0.0040169,0.001043,0.1559472,0.0131785,0.1365393,1.0,1.0,0.12049805,0.04818666,1.0,10.02795,0.0018201,0.8043569,0,0.625822785,0.08556962,0.082531646,0.175189873
128,2016-NH,2016,NH,New Hampshire,0.714,0.0037,1,1.0,1.0,1.0,,0.0,,,0.0020629,0.0349846,0.0493827,0.1219512,1.0,0.0,0.15510112,0.01556213,0.0,5.181927,0.0152861,0.8683236,0,0.95256917,0.008893281,0.015810277,0.010869565
129,2016-NJ,2016,NJ,New Jersey,0.644,0.141,1,1.0,0.0,0.0,0.0,0.0107858,0.014174,0.0026756,0.0025161,0.1363473,0.0107421,0.18986,1.0,0.0,0.16536908,0.04990722,1.0,6.749684,0.0127814,0.8678229,0,0.653071501,0.136623028,0.066968781,0.153239342
130,2016-NM,2016,NM,New Mexico,0.545,0.0822,1,1.0,1.0,0.0,1.0,,0.0070835,0.0039325,,0.1185405,,0.2006665,0.9304778,1.0,0.1428771,0.06389387,1.0,5.606374,0.0071561,0.7552711,0,0.388968481,0.028653295,0.019340974,0.409025788
131,2016-NY,2016,NY,New York,0.568,0.2249,1,1.0,0.0,0.0,0.0,0.063343,0.0347652,0.0154981,0.002932,0.1884263,0.0822269,,0.9365531,1.0,0.14650241,0.04676875,1.0,8.627875,0.0102782,0.8305492,0,0.645043997,0.168787725,0.077012581,0.126172642
132,2016-NC,2016,NC,North Carolina,0.645,0.0366,1,1.0,0.0,1.0,1.0,0.1058033,0.0129297,0.0071971,0.0010364,0.1563657,0.0131949,0.1876719,1.0,1.0,0.16480404,0.07247513,0.0,14.30434,0.0058864,0.8798371,0,0.672270115,0.227298851,0.030316092,0.050287356
133,2016-ND,2016,ND,North Dakota,0.608,0.3573,1,,1.0,1.0,,,,,0.001746,0.0496749,0.0326667,0.1349481,1.0,1.0,0.1006645,0.02373986,,6.714323,0.0159597,0.8399012142857144,0,0.90070922,0.015957447,0.005319149,0.012411348
134,2016-OH,2016,OH,Ohio,0.629,0.0813,1,1.0,1.0,1.0,0.0,0.0566396,0.0276346,0.0040976,0.001817,0.0621985,0.014607,0.1940907,1.0,1.0,0.12379792,0.05618551,1.0,6.320169,0.0126781,0.8158428,0,0.830450641,0.114954701,0.013883986,0.020355336
135,2016-OK,2016,OK,Oklahoma,0.523,0.3639,1,1.0,1.0,1.0,0.0,0.067791,0.0050317,0.0036977,0.0020232,0.170587,0.0521507,0.3447722,1.0,0.0,0.15385503,0.07825445,0.0,16.23908,,0.7826113,0,0.738892935,0.064821559,0.020393299,0.054624909
136,2016-OR,2016,OR,Oregon,0.662,0.1098,1,1.0,1.0,1.0,0.0,,6.63e-05,3.17e-05,0.0085666,0.1704226,0.019071,0.2342014,0.9444444,1.0,0.0895839,0.13933808,1.0,0.4887287,0.0244276,0.8863636,0,0.83578013,0.013997952,0.031410038,0.0761352
137,2016-PA,2016,PA,Pennsylvania,0.636,0.0072,1,1.0,0.0,0.0,1.0,0.09419,0.0042504,0.0015092,0.0004072,0.0889247,0.0272731,0.2450305,1.0,1.0,0.1544196,0.03976578,1.0,11.49782,,0.8205137,0,0.82159233,0.104939558,0.02323885,0.046165069
138,2016-RI,2016,RI,Rhode Island,0.591,0.1551,1,1.0,1.0,1.0,1.0,,0.00844,0.0040805,0.0022575,0.069342,0.0,0.1950399,0.9444444,0.0,0.18508898,0.04371075,1.0,8.298128,0.0116132,0.8585309,0,0.767624021,0.075718016,0.020887728,0.127937337
139,2016-SC,2016,SC,South Carolina,0.567,0.1427,1,1.0,1.0,1.0,1.0,,0.004753,0.0022753,0.001368,0.0217735,0.0061207,0.2037596,0.8888889,1.0,0.1745697,0.04918834,1.0,18.83706,0.0096803,0.8330215,0,0.683435242,0.267926626,0.013340745,0.021122846
140,2016-SD,2016,SD,South Dakota,0.586,0.2979,1,1.0,1.0,1.0,0.0,0.0003893,0.0010161,,0.0009652,0.0079744,0.0346166,0.3014336,0.9848165,0.0,0.09996125,0.06240718,0.0,4.749842,0.0234884,0.8417823,0,0.887254902,0.013071895,0.003267974,0.024509804
141,2016-TN,2016,TN,Tennessee,0.511,0.26,1,1.0,1.0,0.0,0.0,0.0732938,0.004592,0.0033065,0.000233,0.0923587,0.0419968,0.2111828,1.0,1.0,0.14362681,0.07830131,0.0,10.07612,0.0146326,0.7851641,0,0.776477833,0.164203612,0.01683087,0.025656814
142,2016-TX,2016,TX,Texas,0.514,0.0899,1,1.0,0.0,0.0,0.0,0.0542601,0.0077392,0.0063038,0.0009606,0.1022708,0.0261367,0.294544,0.9553872,1.0,0.1183734,0.05324501,1.0,10.97925,,0.8034688,0,0.539935551,0.135688802,0.041143975,0.275117965
143,2016-UT,2016,UT,Utah,0.568,0.1808,1,1.0,1.0,1.0,1.0,0.0570703,0.0308281,0.0036597,0.0062823,0.2910533,0.0417854,0.4476218,0.9997488,1.0,0.12134106,0.08183046,1.0,8.67596,0.0076087,0.8134146,0,0.87912646,0.008125952,0.013712544,0.075165058
144,2016-VT,2016,VT,Vermont,0.637,0.2641,1,1.0,1.0,1.0,0.0,0.0098526,3.43e-05,9.36e-06,0.001657,0.0418637,0.0588772,0.0408976,1.0,1.0,0.07328805,0.04464466,1.0,1.914458,0.0168504,0.8668774,0,0.942622951,0.008196721,0.014344262,0.008196721
145,2016-VA,2016,VA,Virginia,0.661,0.0532,1,1.0,1.0,1.0,0.0,0.0853247,0.003278,0.0023937,0.0007877,0.0551317,0.0642457,0.2048427,0.9444444,1.0,0.1685483,0.06501286,1.0,10.4329,0.0122884,0.8652531,0,0.666495111,0.194887631,0.051466804,0.058672156
146,2016-WA,2016,WA,Washington,0.647,0.1571,1,1.0,1.0,1.0,,,0.0018371,0.0004915,0.0090122,0.2271248,0.0215077,0.4261517,0.9916472,1.0,0.03416906,0.08854693,1.0,1.473638,0.0138085,0.8716176,0,0.776841693,0.036050157,0.046826019,0.091105016
147,2016-WV,2016,WV,West Virginia,0.502,0.4207,1,1.0,1.0,1.0,1.0,0.0018604,0.0045022,0.0011019,0.0004656,0.087421,0.0092065,0.2346984,0.9995461,1.0,0.21788637,0.05175994,1.0,7.294493,0.015196,0.7749061,0,0.939649123,0.032982456,0.004912281,0.006315789
148,2016-WI,2016,WI,Wisconsin,0.695,0.0077,1,1.0,1.0,1.0,1.0,,0.0002513,0.0002005,9.49e-05,0.1187188,0.0070181,0.3148288,0.9444444,1.0,0.15927273,0.018562,1.0,6.107525,0.0092744,0.8416695,0,0.867248507,0.045245751,0.021819017,0.059715204
149,2016-WY,2016,WY,Wyoming,0.595,0.4629,1,0.0,0.0,0.0,0.0,,0.0001871,0.0001091,0.0007172,0.032028,0.022508,0.2211704,0.9444444,1.0,0.07836531,0.03310362,0.0,5.730819,0.0113568,0.7951592,0,0.8735363,0.011709602,0.009367681,0.06088993
150,2010-AL,2010,AL,Alabama,0.43,0.3322707,1,1.0,0.0,1.0,1.0,0.0010221,0.0023871,0.0012294,,,0.1917563,0.7643077,0.5942518,0.0,0.1865659,0.078653,0.0,,,0.8214131,1,0.72251462,0.25380117,0.004678363,0.019005848
151,2010-AK,2010,AK,Alaska,0.519,0.2511795,1,1.0,0.0,1.0,0.0,0.0820497,0.0497725,0.0049784,0.0021139,0.1559424,0.0424946,0.4828166,1.0,1.0,0.0931353,0.0352794,0.0,,,0.8354309,1,0.746861925,0.050209205,0.020920502,0.041841004
152,2010-AZ,2010,AZ,Arizona,0.41,0.1767956,1,1.0,0.0,0.0,1.0,,0.0467456,0.0082612,0.0047194,0.2307793,0.0355656,0.672896,0.9910133,1.0,0.087298,0.0642903,1.0,,,0.803252,1,0.671618276,0.041863606,0.017780779,0.238802611
153,2010-AR,2010,AR,Arkansas,0.375,0.1807556,1,1.0,1.0,1.0,0.0,0.0452559,0.0016515,0.0009079,0.0016142,0.0973715,0.0419463,0.5247525,0.977605,0.0,0.1586142,0.0254112,0.0,,,0.7192547,1,0.800290135,0.149903288,0.007253385,0.023210832
154,2010-CA,2010,CA,California,0.44,0.0994351,0,0.0,0.0,0.0,0.0,,0.0519362,0.0064789,0.006904,0.3094001,0.0446684,0.7217111,0.9853116,1.0,0.1123199,0.0515269,0.0,,,0.7591342,1,0.526419818,0.072956472,0.129046427,0.25545746
155,2010-CO,2010,CO,Colorado,0.506,0.0146898,1,1.0,0.0,1.0,1.0,0.0664043,0.0215285,0.0020057,0.0043214,0.2199413,0.0299033,0.5702347,1.0,1.0,0.098185,0.0481646,1.0,,,0.8237152,1,0.797005471,0.03714368,0.020155485,0.131010654
156,2010-CT,2010,CT,Connecticut,0.459,0.1238737,1,1.0,0.0,1.0,0.0,,0.0007982,0.0005009,0.0010764,0.0651016,0.015942,0.3603276,0.9439592,1.0,0.1473903,0.028935,0.0,,,0.8137398,1,0.818514007,0.084855867,0.019894438,0.07998376
157,2010-DE,2010,DE,Delaware,0.475,0.1615887,1,0.0,1.0,1.0,1.0,0.1600311,0.0001042,9.79e-05,0.0004357,0.0454772,0.0431177,0.6394261,1.0,1.0,0.1426831,0.0128883,0.0,,,0.8167546,1,0.749211356,0.205047319,0.011041009,0.029968454
158,2010-FL,2010,FL,Florida,0.417,0.2567721,1,1.0,1.0,1.0,0.0,,0.002408,0.0006195,0.0032842,0.2898481,0.0410716,0.5955917,0.8888889,1.0,0.1427553,0.0495096,0.0,,,0.8182136,1,0.672599827,0.137670316,0.02165866,0.1653934
159,2010-GA,2010,GA,Georgia,0.398,0.2152063,1,1.0,1.0,1.0,0.0,0.0019959,0.0031868,0.0,0.0001697,0.0257251,0.0447316,0.7990428,0.993493,0.0,0.141477,0.0514005,0.0,,,0.7885268,1,0.642683298,0.301642835,0.023881959,0.029510192
160,2010-HI,2010,HI,Hawaii,0.399,0.4031619,1,0.0,1.0,0.0,0.0,,0.0005126,0.0003909,0.0030637,0.0772255,0.0619946,0.3410302,0.9262081,1.0,0.1151493,0.1021117,0.0,,,0.6577465,1,0.179372197,0.030269058,0.441704036,0.08632287
161,2010-ID,2010,ID,Idaho,0.423,0.3576673,1,1.0,0.0,1.0,,,,,0.0030563,0.0660938,0.2094595,0.5288932,0.9375,0.0,0.1283618,0.0168036,0.0,,,0.7121072,1,0.900763359,0.007633588,0.004770992,0.058206107
162,2010-IL,2010,IL,Illinois,0.424,0.0055576,1,1.0,0.0,0.0,1.0,0.4036577,,0.0037248,0.0007608,0.1727937,0.046721,0.7815896,0.9379956,1.0,0.130213,0.0407699,0.0,,,0.8180088,1,0.734510251,0.144191344,0.029954442,0.085307517
163,2010-IN,2010,IN,Indiana,0.371,0.1636561,1,1.0,1.0,1.0,1.0,0.544636,0.0010168,0.0006178,0.0042425,,0.0681576,0.7370199,0.9826866,0.0,0.1250947,0.025923,1.0,,,0.7351322,1,0.882923674,0.078266494,0.002587322,0.021992238
164,2010-IA,2010,IA,Iowa,0.499,0.2087905,1,1.0,0.0,1.0,0.0,0.0022326,0.0017566,0.0003079,0.0037762,0.0597957,0.0373444,0.5475862,0.9993886,0.0,0.0931856,0.0328383,0.0,,,0.8240576,1,0.938672769,0.023340961,0.004118993,0.017391304
165,2010-KS,2010,KS,Kansas,0.417,0.3701531,1,1.0,1.0,1.0,0.0,0.0003471,0.0210888,0.0059079,0.0049309,0.1631055,0.0357654,0.7018052,1.0,0.0,0.1197259,0.0352724,1.0,,,0.7672316,1,0.865550482,0.053272451,0.016235413,0.034500254
166,2010-KY,2010,KY,Kentucky,0.424,0.1821521,1,1.0,0.0,0.0,1.0,0.2089105,7.26e-05,6.77e-05,0.0008419,0.0254521,0.0656934,0.2651515,0.9995568,0.0,0.17314,0.0273906,0.0,,,0.764523,1,0.905319823,0.062064598,0.003799873,0.02279924
167,2010-LA,2010,LA,Louisiana,0.389,0.2620702,1,1.0,1.0,1.0,1.0,0.1159358,0.0002171,2.7e-05,0.0006461,0.3442466,0.1043643,0.8804892,1.0,0.0,0.1732257,0.0413225,1.0,,,0.86245,1,0.653893696,0.30315204,0.002781211,0.020704574
168,2010-ME,2010,ME,Maine,0.552,0.120464,1,0.0,1.0,0.0,,0.0104181,0.000275,0.0,0.0019584,0.0368565,0.0500759,0.5104012,0.9997647,0.0,0.1015629,0.0074562,0.0,,,0.8598595,1,0.972468043,0.008849558,0.003933137,0.004916421
169,2010-MD,2010,MD,Maryland,0.464,0.249957,1,1.0,1.0,1.0,1.0,0.0211606,0.0199868,0.0017113,0.000607,0.1456143,0.1556095,0.7464697,0.9997876,1.0,0.1379261,0.0393463,0.0,,,0.812158,1,0.630158318,0.28082014,0.039449779,0.043083312
170,2010-MA,2010,MA,Massachusetts,0.489,0.2371279,1,0.0,1.0,0.0,0.0,0.0330891,0.0012405,0.0008707,,0.0588798,0.0794937,0.3245554,0.8756685,0.0,0.171793,0.0221932,0.0,,,0.8188984,1,0.844515442,0.050266241,0.028541001,0.073695421
171,2010-MI,2010,MI,Michigan,0.445,0.0802826,1,1.0,1.0,1.0,0.0,0.0025674,0.0002563,0.0001568,0.0016677,0.0457065,0.0885368,0.32848,1.0,0.0,0.1182201,0.0328043,0.0,,,0.8678957,1,0.808249721,0.135730212,0.016443701,0.023829431
172,2010-MN,2010,MN,Minnesota,0.554,0.0149647,1,1.0,1.0,1.0,,0.0023995,,,0.0036711,0.0709079,0.0734118,0.349872,0.9750772,1.0,0.1185615,0.0143632,0.0,,,0.8534724,1,0.918537859,0.026370757,0.01462141,0.023237598
173,2010-MS,2010,MS,Mississippi,0.37,0.092428,1,0.0,0.0,0.0,0.0,,,,,,,0.1980306,0.784887,0.0,0.1851464,0.0283628,0.0,,,0.8220344,1,0.623382846,0.345471969,0.009103977,0.003833253
174,2010-MO,2010,MO,Missouri,0.445,0.1706915,1,1.0,1.0,0.0,0.0,,0.001859,0.0010259,0.0010335,0.0367766,0.0770588,0.6100417,0.9761097,1.0,0.1527473,0.0449207,0.0,,,0.8176373,1,0.853886483,0.107590609,0.00478687,0.014816503
175,2010-MT,2010,MT,Montana,0.475,0.2656983,1,1.0,0.0,1.0,0.0,0.0165496,0.0074585,0.0003432,0.0021874,0.092261,0.037785,0.6082828,0.9995347,1.0,0.1188301,0.0328833,0.0,,,0.7767602,1,0.880376344,0.00672043,0.002688172,0.02688172
176,2010-NE,2010,NE,Nebraska,0.375,0.3922636,1,1.0,0.0,0.0,1.0,,0.011102,0.0020039,0.0021191,0.081558,0.1160991,0.6389044,0.9742549,0.0,0.0865468,0.029165,0.0,,,0.7737828,1,0.906451613,0.025,0.015322581,0.044354839
177,2010-NV,2010,NV,Nevada,0.413,0.0013271,1,1.0,0.0,1.0,0.0,0.0043834,0.0041489,0.001922,0.0013234,0.14117,0.1239316,0.2691589,0.9874724,1.0,0.1019619,0.0337136,0.0,,,0.7127964,1,0.662608696,0.08057971,0.060289855,0.142028986
178,2010-NH,2010,NH,New Hampshire,0.457,0.1494743,1,1.0,0.0,1.0,,,,,0.0014564,0.0530247,0.0428456,0.4724947,0.8125,0.0,0.1123418,0.0149181,0.0,,,0.7756665,1,0.951097804,0.010978044,0.010978044,0.010978044
179,2010-NJ,2010,NJ,New Jersey,0.364,0.0144086,1,1.0,0.0,0.0,0.0,0.0836036,0.0080461,0.0015351,0.0015383,0.2192469,0.0453461,0.749744,1.0,0.0,0.1155499,0.0285609,0.0,,,0.8194681,1,0.692953314,0.145479979,0.058926386,0.109809407
180,2010-NM,2010,NM,New Mexico,0.428,0.0322174,1,1.0,0.0,0.0,1.0,,0.0095654,0.0019381,,0.0,0.0182421,0.0130293,0.8955516,1.0,0.1634693,0.037951,0.0,,,0.7471498,1,0.450073421,0.029368576,0.025697504,0.378854626
181,2010-NY,2010,NY,New York,0.355,0.2460146,1,1.0,0.0,0.0,0.0,,,,,,0.253367,0.6026018,0.6675814,1.0,0.1441207,0.0256226,0.0,,,0.7845532,1,0.686241738,0.159234217,0.0479374,0.121780749
182,2010-NC,2010,NC,North Carolina,0.392,0.1031915,1,1.0,1.0,1.0,1.0,0.0908122,0.0097223,0.0039112,0.0002759,0.1178384,0.0837624,0.7818627,1.0,1.0,0.1424918,0.0315861,0.0,,,0.7933555,1,0.707780458,0.21411339,0.014173703,0.027442702
183,2010-ND,2010,ND,North Dakota,0.462,0.3193493,1,,1.0,1.0,,,,,0.0007551,0.0611391,0.0054645,0.3383459,1.0,1.0,0.075033,0.014875,,,,0.7897275081632653,1,0.890985325,0.008385744,0.0,0.006289308
184,2010-OH,2010,OH,Ohio,0.449,0.1449416,1,1.0,0.0,0.0,0.0,0.0231766,0.0267432,0.0029985,0.0035691,0.083099,0.0555845,0.6184102,0.9905872,1.0,0.1228187,0.047225,0.0,,,0.7908869,1,0.860651866,0.1059282,0.00649504,0.01511573
185,2010-OK,2010,OK,Oklahoma,0.388,0.4144807,1,0.0,0.0,0.0,0.0,,0.0006708,0.0005587,0.0011586,0.0809733,0.0831586,0.7196204,0.9423813,0.0,0.1554832,0.0521504,0.0,,,0.7027043,1,0.718417047,0.072678843,0.01826484,0.04414003
186,2010-OR,2010,OR,Oregon,0.527,0.116879,1,1.0,0.0,1.0,0.0,,0.0008647,5.98e-05,0.0086861,0.2798688,0.0768751,0.6532674,0.9049812,1.0,0.0467481,0.0941552,1.0,,,0.8419214,1,0.887985866,0.02155477,0.022614841,0.037809187
187,2010-PA,2010,PA,Pennsylvania,0.417,0.0292627,1,1.0,0.0,0.0,1.0,0.5545776,0.0023761,0.0009188,0.0005849,0.1080918,0.0185846,0.6473984,1.0,1.0,0.1322786,0.0312362,0.0,,,0.763362,1,0.859192633,0.086518899,0.012099797,0.034586144
188,2010-RI,2010,RI,Rhode Island,0.448,0.1753679,1,1.0,1.0,1.0,1.0,,0.0026504,0.0010567,0.0003811,0.1081912,0.0,0.3588111,0.9439893,0.0,0.181577,0.0446741,0.0,,,0.8048062,1,0.855033557,0.045637584,0.022818792,0.07114094
189,2010-SC,2010,SC,South Carolina,0.397,0.2492615,1,1.0,0.0,1.0,1.0,,,,0.000474,0.0332898,0.0203602,0.2731929,0.889398,0.0,0.1761461,0.0595402,0.0,,,0.7775461,1,0.696915244,0.268942797,0.008685235,0.013477089
190,2010-SD,2010,SD,South Dakota,0.529,0.4294348,1,1.0,1.0,1.0,0.0,0.0034499,0.0002268,0.0002106,0.00062,,,0.2581081,0.9694064,0.0,0.0973362,0.0471965,0.0,,,0.811803,1,0.914821124,0.00681431,0.005110733,0.017035775
191,2010-TN,2010,TN,Tennessee,0.346,0.2652449,1,1.0,0.0,0.0,0.0,,0.0003967,0.0002561,0.0001135,0.066015,0.0387472,0.2934063,0.9799823,1.0,0.1629366,0.0495555,0.0,,,0.7630033,1,0.812403783,0.1464702,0.009896635,0.015834616
192,2010-TX,2010,TX,Texas,0.321,0.3388458,1,1.0,0.0,0.0,0.0,0.0697521,0.0027964,0.0021549,0.0006091,0.0833179,0.0418422,0.7475765,0.9999651,1.0,0.1088155,0.0297358,0.0,,,0.74959,1,0.540738817,0.129390378,0.036811011,0.2841005
193,2010-UT,2010,UT,Utah,0.363,0.2787572,1,1.0,1.0,1.0,1.0,0.0223256,0.0298252,0.0046305,0.001742,0.307522,0.0218712,0.7217687,1.0,1.0,0.1208855,0.0326639,1.0,,,0.739888,1,0.911111111,0.005,0.017777778,0.039444444
194,2010-VT,2010,VT,Vermont,0.494,0.3297136,0,0.0,0.0,0.0,0.0,,5.11e-05,1.7e-05,0.0024534,0.0352284,,0.3817701,0.907802,0.0,0.1157122,0.0308131,0.0,,,0.830813,1,0.964656965,0.004158004,0.006237006,0.004158004
195,2010-VA,2010,VA,Virginia,0.387,0.1255717,1,1.0,1.0,1.0,1.0,0.0817944,0.0012978,0.0009402,0.0002809,0.0370096,0.0793238,0.17717,0.9456893,0.0,0.1289763,0.0437593,0.0,,,0.8318228,1,0.698773449,0.187770563,0.048520924,0.045815296
196,2010-WA,2010,WA,Washington,0.532,0.056127,1,1.0,1.0,0.0,0.0,,0.0023624,0.0005882,0.0133568,0.2743367,0.0130172,0.6048741,0.965042,1.0,0.0575594,0.1018375,1.0,,,0.8272324,1,0.828984257,0.028897994,0.051110632,0.055855079
197,2010-WV,2010,WV,West Virginia,0.368,0.0018031,1,1.0,0.0,0.0,0.0,0.004614,,0.0019609,0.0011364,0.5156485,,0.3326752,0.813571,1.0,0.1675862,0.0328348,0.0,,,0.7490252,1,0.954866008,0.033850494,0.002115656,0.003526093
198,2010-WI,2010,WI,Wisconsin,0.52,0.0770237,1,1.0,1.0,1.0,1.0,,2.93e-05,1.51e-05,0.0013226,0.0581792,0.1207883,0.641403,0.8888889,1.0,0.1109217,0.0163047,0.0,,,0.8110377,1,0.909047161,0.046438884,0.012271415,0.023099134
199,2010-WY,2010,WY,Wyoming,0.455,0.459397,1,0.0,0.0,0.0,0.0,,,,0.0011267,0.0447299,0.0338983,0.483023,0.8937522,1.0,0.1332978,0.0209434,0.0,,,0.7250256,1,0.89800995,0.012437811,0.0,0.062189055
200,2014-AL,2014,AL,Alabama,0.329,0.6152678,1,1.0,0.0,1.0,1.0,0.0177437,0.0019377,0.000613,,,,0.8178264,0.6252103,0.0,0.166047,0.0646148,0.0,3.71631,,0.8018457,1,0.702756465,0.258596192,0.006535948,0.011651037
201,2014-AK,2014,AK,Alaska,0.542,0.0604546,1,1.0,0.0,1.0,0.0,0.0864959,0.0567391,0.0072061,0.003245,0.2494985,0.0503247,0.2566437,1.0,1.0,0.0931197,0.0201839,0.0,4.156598,,0.8269493,1,0.62027833,0.035785288,0.041749503,0.047713718
202,2014-AZ,2014,AZ,Arizona,0.334,0.1630064,1,1.0,0.0,1.0,1.0,0.0870543,0.042909,0.0055109,0.0067557,0.421268,0.0338462,0.6309821,1.0,1.0,0.0770359,0.0551061,1.0,2.154743,,0.7744793,1,0.612690471,0.045258131,0.022287924,0.260404821
203,2014-AR,2014,AR,Arkansas,0.401,0.23806,1,1.0,0.0,1.0,0.0,0.0139308,0.0019158,0.0010862,0.001238,0.0948457,,0.3543165,0.950947,0.0,0.1407865,0.022308,0.0,7.701295,,0.7472966,1,0.793874575,0.147301896,0.013612056,0.026737968
204,2014-CA,2014,CA,California,0.299,0.1566169,1,0.0,0.0,0.0,0.0,0.096147,0.0506015,0.0054663,0.0065635,0.4949773,0.1152748,0.8375474,0.9956588,1.0,0.1019497,0.0417634,1.0,2.087554,,0.7414938,1,0.486894296,0.073072991,0.142547536,0.280474341
205,2014-CO,2014,CO,Colorado,0.537,0.0256009,1,1.0,0.0,1.0,1.0,0.0244443,0.0004726,0.0001912,0.0071792,0.349731,0.0178598,0.6655581,1.0,1.0,0.0721372,0.0430391,1.0,1.402647,,0.8667469,1,0.794480171,0.035369775,0.016881029,0.143086817
206,2014-CT,2014,CT,Connecticut,0.423,0.1750019,1,1.0,0.0,1.0,0.0,,1.73e-05,8.21e-06,0.001098,0.083933,0.0183824,0.2668464,0.9444444,1.0,0.1238912,0.0245035,1.0,2.990191,,0.8114153,1,0.78671875,0.09609375,0.028125,0.0859375
207,2014-DE,2014,DE,Delaware,0.343,0.1802558,1,1.0,1.0,1.0,1.0,0.0523322,0.0002604,0.0002268,0.0002604,0.2352455,0.0149254,0.5833333,1.0,1.0,0.1346084,0.0097445,1.0,2.654505,,0.8248424,1,0.703479576,0.208774584,0.030257186,0.046898638
208,2014-FL,2014,FL,Florida,0.428,0.1165987,1,1.0,0.0,1.0,0.0,0.0358024,0.0020797,0.0008905,0.0031405,0.2905891,0.0378265,0.6288099,1.0,1.0,0.1320184,0.0401903,0.0,3.599352,,0.8228478,1,0.642841703,0.152172347,0.021543339,0.178687225
209,2014-GA,2014,GA,Georgia,0.382,0.121062,1,1.0,1.0,1.0,1.0,0.0037512,0.0046812,0.0019952,0.0016662,0.1295609,0.0448065,0.4371418,0.9985401,0.0,0.1291866,0.0471081,1.0,7.374517,,0.7780347,1,0.606154757,0.318094393,0.035804113,0.030625832
210,2014-HI,2014,HI,Hawaii,0.362,0.3699652,1,1.0,1.0,0.0,0.0,,0.0004654,0.0004042,0.0016554,0.1423769,0.125,0.4751381,0.9494085,1.0,0.0897427,0.0969557,0.0,2.496192,,0.640036,1,0.210251046,0.018828452,0.447698745,0.064853556
211,2014-ID,2014,ID,Idaho,0.393,0.2854618,1,1.0,0.0,1.0,,,,,0.0016191,0.1088059,0.1,0.2867257,0.9375,0.0,0.1277858,0.013506,0.0,1.959351,,0.701522,1,0.860633484,0.009049774,0.010859729,0.086877828
212,2014-IL,2014,IL,Illinois,0.402,0.0686087,1,1.0,0.0,0.0,1.0,,0.0088713,0.0023771,0.0013721,0.1461835,,,0.8199335,1.0,0.125107,0.0364421,1.0,4.490543,,0.8024021,1,0.696793654,0.148475031,0.044240867,0.09965367
213,2014-IN,2014,IN,Indiana,0.278,0.2175208,1,1.0,1.0,1.0,1.0,0.0404753,,,0.0044887,0.0088934,0.1613833,0.1029301,0.968887,0.0,0.1069577,0.0226889,1.0,4.858101,,0.751587,1,0.861282762,0.082037076,0.008097166,0.038354997
214,2014-IA,2014,IA,Iowa,0.498,0.0803903,1,1.0,0.0,1.0,0.0,0.0028298,0.0029896,0.0004141,0.0064308,0.1027749,0.0571956,0.3266332,1.0,0.0,0.0727264,0.0294497,0.0,1.907715,,0.8476908,1,0.921318681,0.026813187,0.014505495,0.022857143
215,2014-KS,2014,KS,Kansas,0.425,0.3387634,1,1.0,1.0,0.0,0.0,,0.0256562,0.0074088,0.0025223,0.119611,0.0174927,0.208284,0.9444444,0.0,0.1160567,0.0262487,1.0,4.458911,,0.7505795,1,0.838434521,0.06121425,0.022579027,0.062719518
216,2014-KY,2014,KY,Kentucky,0.442,0.2121391,1,1.0,0.0,0.0,1.0,,8.98e-05,7.67e-05,0.0009333,0.0679464,0.1018277,0.3571429,0.9444444,0.0,0.1482159,0.0271423,0.0,7.070019,,0.8075726,1,0.879638291,0.082008107,0.008107265,0.017149984
217,2014-LA,2014,LA,Louisiana,0.439,0.2044301,1,1.0,1.0,1.0,1.0,0.0992271,0.0010419,0.0006689,0.0012666,0.2978559,0.0640074,0.8479988,1.0,0.0,0.1467682,0.0382911,1.0,6.663304,,0.8212861,1,0.622381807,0.309395572,0.018551765,0.029922202
218,2014-ME,2014,ME,Maine,0.581,0.1221043,1,1.0,1.0,0.0,,0.0184159,0.0001396,0.0,0.0022104,0.0388701,0.03,0.2332361,0.9999197,0.0,0.1191811,0.0096398,0.0,4.767301,,0.8482357,1,0.949282297,0.006698565,0.002870813,0.009569378
219,2014-MD,2014,MD,Maryland,0.417,0.160811,1,1.0,1.0,1.0,1.0,0.0001112,0.0200928,0.0014927,0.0003977,0.1906705,0.0920852,0.4571671,1.0,1.0,0.1217499,0.0387829,1.0,4.791954,,0.8518541,1,0.597878496,0.291224687,0.055689489,0.045564127
220,2014-MA,2014,MA,Massachusetts,0.441,0.4270142,1,1.0,1.0,1.0,0.0,0.0475713,0.0012004,0.0008862,0.0004971,0.0906886,0.0067859,0.2935498,1.0,0.0,0.1670783,0.0200162,0.0,3.231891,,0.8059961,1,0.824299065,0.064382139,0.044444444,0.064797508
221,2014-MI,2014,MI,Michigan,0.427,0.075189,1,1.0,1.0,1.0,0.0,0.0017235,0.0003559,0.0001402,0.001604,0.0723994,0.0274646,0.2455328,1.0,0.0,0.1241645,0.0243783,1.0,2.884609,,0.8664779,1,0.789401049,0.133176925,0.02442727,0.040712117
222,2014-MN,2014,MN,Minnesota,0.504,0.0697578,1,1.0,1.0,1.0,,0.0012605,,,0.0024042,0.1710997,0.0653824,0.3742975,1.0,1.0,0.1072707,0.0091464,1.0,2.395515,,0.8252797,1,0.894228324,0.03941012,0.019832189,0.025425884
223,2014-MS,2014,MS,Mississippi,0.29,0.1893252,1,0.0,1.0,0.0,0.0,,0.006813,0.001453,0.0009071,0.0919576,0.0163934,0.4518349,0.9352053,0.0,0.1854997,0.019775,0.0,2.43111,,0.852437,1,0.608309991,0.358543417,0.009803922,0.014939309
224,2014-MO,2014,MO,Missouri,0.317,0.2276396,1,1.0,1.0,0.0,0.0,0.0002775,0.0006368,0.0004254,0.000935,0.0638707,0.027163,0.420739,1.0,1.0,0.1424134,0.0325401,1.0,3.139476,,0.8345045,1,0.851885301,0.108150824,0.011966584,0.010611876
225,2014-MT,2014,MT,Montana,0.469,0.163605,1,1.0,1.0,1.0,0.0,0.033068,0.0122061,0.00042,0.0025011,0.1113598,0.0126263,0.3415179,1.0,1.0,0.1006493,0.0333738,0.0,2.102134,,0.741809,1,0.909207161,0.003836317,0.002557545,0.020460358
226,2014-NE,2014,NE,Nebraska,0.405,0.3096024,1,1.0,0.0,1.0,1.0,0.0019134,0.011359,0.0021218,0.0033738,0.0792163,0.0565217,0.3072289,1.0,1.0,0.0842369,0.0271517,0.0,3.010189,,0.7757987,1,0.88820827,0.04058193,0.005359877,0.049770291
227,2014-NV,2014,NV,Nevada,0.293,0.1743286,1,1.0,1.0,1.0,0.0,0.0942204,0.000771,0.0003674,0.0020107,0.1558947,0.0664712,0.4508639,1.0,1.0,0.089833,0.0266197,1.0,2.886995,,0.6852967,1,0.595263724,0.102798708,0.069967707,0.188912809
228,2014-NH,2014,NH,New Hampshire,0.476,0.0319138,1,1.0,0.0,1.0,,0.0,,,0.0015757,0.048777,0.077574,0.2033708,1.0,0.0,0.1003753,0.0167323,0.0,5.17061,,0.7832226,1,0.942857143,0.01182266,0.012807882,0.020689655
229,2014-NJ,2014,NJ,New Jersey,0.311,0.0826896,1,1.0,0.0,1.0,1.0,0.1137122,0.0083984,0.0015024,0.0028447,0.3011903,0.0280749,0.50299,1.0,0.0,0.1095995,0.02505,0.0,1.983866,,0.8119155,1,0.662040954,0.131832797,0.071924183,0.136232865
230,2014-NM,2014,NM,New Mexico,0.354,0.0856461,1,1.0,0.0,0.0,0.0,,0.0045029,0.0015324,0.0006048,0.1755857,0.0361174,0.3530326,0.9275535,1.0,0.1341615,0.0259376,0.0,5.44156,,0.7409923,1,0.466478476,0.027522936,0.018348624,0.3549753
231,2014-NY,2014,NY,New York,0.282,0.1453274,1,1.0,0.0,0.0,0.0,0.1340325,0.0133282,0.0055675,0.0030428,0.2509478,0.0809874,0.6618779,0.9062535,1.0,0.1385575,0.0241161,1.0,4.624884,,0.764596,1,0.660789068,0.162442142,0.05929028,0.131070458
232,2014-NC,2014,NC,North Carolina,0.408,0.0476629,1,1.0,1.0,1.0,1.0,0.0611137,0.0064252,0.0033574,0.0013204,0.1906282,0.0084998,0.281746,1.0,1.0,0.1298475,0.0230063,0.0,8.753906,,0.8304456,1,0.707598075,0.222692139,0.014437801,0.02975062
233,2014-ND,2014,ND,North Dakota,0.438,0.1705956,1,,1.0,1.0,,,,,0.0023522,0.0614769,0.0136054,0.2017291,1.0,1.0,0.0764923,0.0181942,,3.793256,,0.7844379102040817,1,0.908592322,0.010968921,0.005484461,0.02559415
234,2014-OH,2014,OH,Ohio,0.351,0.1971014,1,1.0,0.0,0.0,0.0,0.0534849,0.0156393,0.0015029,0.0033481,0.1297322,0.0215274,0.3439946,0.9951113,1.0,0.1119415,0.030392,1.0,2.391106,,0.772956,1,0.840874368,0.116464919,0.013632624,0.018451052
235,2014-OK,2014,OK,Oklahoma,0.299,0.40371,1,1.0,1.0,1.0,1.0,0.0760449,0.0019464,0.000946,0.0008672,0.2583625,0.0522293,0.8284153,1.0,0.0,0.1344552,0.0345127,0.0,4.016234,,0.7403718,1,0.753531599,0.07063197,0.008921933,0.057992565
236,2014-OR,2014,OR,Oregon,0.509,0.1616993,1,1.0,1.0,1.0,0.0,,4.57e-05,6.53e-07,0.0066879,0.2882461,0.0176688,0.7394936,0.9444444,1.0,0.0633121,0.0905469,1.0,0.4556343,,0.8415758,1,0.852961672,0.017421603,0.034494774,0.064111498
237,2014-PA,2014,PA,Pennsylvania,0.361,0.1098194,1,1.0,0.0,0.0,1.0,0.0461649,0.0023563,0.000814,0.0006715,0.0988652,0.0197119,0.6358365,1.0,1.0,0.1305747,0.0269794,0.0,1.464287,,0.7657499,1,0.834191988,0.096730102,0.017348334,0.056776364
238,2014-RI,2014,RI,Rhode Island,0.417,0.3175305,1,1.0,1.0,1.0,1.0,,0.0062514,0.0030362,0.0013649,0.1238387,0.0,0.2692308,0.9444444,0.0,0.1338521,0.0386624,0.0,2.535523,,0.7921281,1,0.845751634,0.061437908,0.019607843,0.058823529
239,2014-SC,2014,SC,South Carolina,0.348,0.239702,1,1.0,1.0,1.0,1.0,,0.0038158,0.0015805,0.0004225,0.0373182,0.0072569,0.3211823,0.9444444,1.0,0.1575059,0.0283965,1.0,8.403874,,0.7948049,1,0.68758756,0.26449986,0.01064724,0.029700196
240,2014-SD,2014,SD,South Dakota,0.443,0.2692562,1,1.0,1.0,1.0,0.0,0.0006311,0.001733,0.0011742,0.0006119,0.0221396,0.035533,0.2959002,1.0,0.0,0.0891181,0.040248,0.0,1.934741,,0.7525272,1,0.888349515,0.017799353,0.001618123,0.01618123
241,2014-TN,2014,TN,Tennessee,0.286,0.2960281,1,1.0,1.0,0.0,0.0,0.1000298,0.0010258,0.0005944,8.56e-05,0.1024608,0.0365127,0.3652381,0.9955469,1.0,0.1419044,0.0389349,0.0,6.582538,,0.7431226,1,0.788992731,0.162409138,0.011214953,0.021806854
242,2014-TX,2014,TX,Texas,0.283,0.2718918,1,1.0,0.0,0.0,0.0,0.0553075,0.0045092,0.0033226,0.0011104,0.1402608,0.0825986,0.4637988,0.9749324,1.0,0.0974357,0.0286469,0.0,7.244992,,0.7280378,1,0.536274044,0.13049157,0.033543101,0.28959867
243,2014-UT,2014,UT,Utah,0.297,0.2960281,1,1.0,1.0,1.0,1.0,,,,,,,,,1.0,0.1106737,0.0266537,1.0,5.049106,,0.6988709,1,0.875259875,0.008316008,0.012474012,0.081081081
244,2014-VT,2014,VT,Vermont,0.389,0.3337633,1,0.0,0.0,0.0,0.0,0.0189544,5.93e-05,1.98e-05,0.0015744,0.0334805,0.0176391,,0.9763107,1.0,0.0986467,0.031307,0.0,1.582367,,0.7679332,1,0.960580913,0.008298755,0.010373444,0.006224066
245,2014-VA,2014,VA,Virginia,0.366,0.0740358,1,1.0,1.0,1.0,1.0,0.080046,0.0012254,0.0007632,0.000265,0.0437613,0.0793238,0.1749254,1.0,1.0,0.1256089,0.0392442,1.0,2.697712,,0.8356054,1,0.6953125,0.195822011,0.058254076,0.040081522
246,2014-WA,2014,WA,Washington,0.412,0.0324665,1,1.0,1.0,1.0,0.0,0.0085715,0.0005595,7.9e-05,0.0126027,0.451114,0.0140068,0.7242826,1.0,1.0,0.048343,0.0961545,1.0,0.406409,,0.8169056,1,0.762981575,0.033291457,0.056113903,0.079145729
247,2014-WV,2014,WV,West Virginia,0.312,0.2080437,1,1.0,0.0,1.0,1.0,0.0049425,0.0068767,0.0020006,0.000108,0.093262,0.0251572,0.3291139,1.0,1.0,0.1780774,0.0348437,0.0,3.771747,,0.7566219,1,0.943055556,0.028472222,0.003472222,0.011111111
248,2014-WI,2014,WI,Wisconsin,0.566,0.0555086,1,1.0,1.0,1.0,1.0,0.0017995,2.23e-05,1.53e-05,0.0006151,0.0236232,0.0547718,0.3756098,1.0,1.0,0.1207526,0.0161529,0.0,2.691705,,0.8183228,1,0.871691871,0.053638941,0.021502836,0.039697543
249,2014-WY,2014,WY,Wyoming,0.39,0.5020001,1,0.0,0.0,0.0,0.0,,,,0.0014724,0.0400125,0.0332226,0.4646098,0.8959528,1.0,0.113828,0.0193622,0.0,2.759438,,0.6744344,1,0.892271663,0.021077283,0.00234192,0.046838407
250,2018-AL,2018,AL,Alabama,0.47,0.1789571,1,1.0,1.0,1.0,1.0,0.0171104,0.0052399,0.002139,0.0008075,0.0875211,0.0127389,0.3203463,0.9959073,0.0,0.1679202,0.0520435,1.0,7.469024,,0.8828068,1,0.684400111,0.270157938,0.010252147,0.02133555
251,2018-AK,2018,AK,Alaska,0.548,0.0658478,1,1.0,1.0,1.0,0.0,0.099038,0.0460685,0.0044246,0.0026367,0.165157,0.0251142,0.1603163,1.0,1.0,0.1113286,0.0223332,1.0,3.296339,,0.8660678,1,0.623742455,0.030181087,0.07444668,0.036217304
252,2018-AZ,2018,AZ,Arizona,0.474,0.0202815,1,1.0,0.0,1.0,1.0,0.0809728,0.0215892,0.0061836,0.0037385,,0.007,0.3360628,0.9909393,1.0,0.0785671,0.052186,1.0,2.807997,,0.8171514,1,0.644313643,0.046668068,0.022282951,0.25331091
253,2018-AR,2018,AR,Arkansas,0.413,0.2736552,1,1.0,0.0,1.0,0.0,,,,0.0015015,0.1086918,,,0.8278583,0.0,0.1477313,0.0303957,0.0,8.154811,,0.7895977,1,0.776645042,0.146895273,0.008804449,0.047265987
254,2018-CA,2018,CA,California,0.493,0.2130034,1,1.0,0.0,1.0,1.0,0.1767657,0.0778832,0.0106395,0.0116981,,0.0704771,0.6321295,0.9948491,1.0,0.096105,0.0338701,1.0,4.529634,,0.8101811,1,0.453947111,0.072282076,0.156043095,0.298256611
255,2018-CO,2018,CO,Colorado,0.614,0.1047927,1,1.0,1.0,1.0,1.0,0.0640666,0.0001806,0.0001338,0.0074121,,0.0205236,0.4559784,1.0,1.0,0.0641624,0.0527421,1.0,2.00508,,0.8841722,1,0.771159097,0.042194093,0.023082651,0.146438322
256,2018-CT,2018,CT,Connecticut,0.548,0.1945043,1,1.0,1.0,1.0,0.0,,9.85e-06,2.81e-06,0.0012134,0.0949442,0.0114082,,0.8785991,1.0,0.1435107,0.0317781,1.0,4.828114,,0.8331,1,0.743599842,0.101614809,0.039385585,0.115399764
257,2018-DE,2018,DE,Delaware,0.512,0.2543578,1,1.0,1.0,1.0,1.0,0.0068244,0.0003137,0.0002919,0.0019261,0.1868675,0.0136799,0.3815567,1.0,1.0,0.1363971,0.0222916,1.0,4.468648,,0.8376662,1,0.656381487,0.223001403,0.039270687,0.072931276
258,2018-FL,2018,FL,Florida,0.543,0.0248642,1,1.0,0.0,1.0,0.0,0.1074619,0.0016344,0.001008,0.0037458,0.2557576,0.0659338,0.4762005,0.9977963,1.0,0.1179324,0.0319729,1.0,5.929375,,0.8657085,1,0.620190071,0.153984183,0.021931282,0.209078222
259,2018-GA,2018,GA,Georgia,0.541,0.0454251,1,1.0,1.0,1.0,0.0,0.0025963,0.0054668,0.0024543,0.0019009,0.137941,0.0563194,0.3344725,0.9998013,0.0,0.1522279,0.0429129,1.0,15.396,,0.8381456,1,0.609218985,0.315278348,0.026125017,0.036109971
260,2018-HI,2018,HI,Hawaii,0.395,0.4734164,1,1.0,1.0,0.0,1.0,,0.0022976,0.0010585,0.0079902,0.215932,0.0111857,,0.8333333,1.0,0.1024153,0.05598,1.0,4.425862,,0.70885,1,0.21215242,0.021627188,0.429454171,0.081359423
261,2018-ID,2018,ID,Idaho,0.486,0.269739,1,1.0,0.0,1.0,,,0.0,0.0,0.0019393,0.0612896,0.0655367,0.2195767,0.9353741,0.0,0.1197211,0.0087345,1.0,6.496275,,0.7210763,1,0.851549755,0.006525285,0.017944535,0.102773246
262,2018-IL,2018,IL,Illinois,0.515,0.2209596,1,1.0,0.0,0.0,1.0,,0.0040482,0.0014616,0.0019174,0.1596732,,,0.8936481,1.0,0.1252018,0.0237291,1.0,5.929732,,0.8636311,1,0.684028166,0.142394099,0.050855035,0.118587236
263,2018-IN,2018,IN,Indiana,0.465,0.0842355,1,1.0,1.0,1.0,1.0,0.058564,0.0009792,0.00072,,0.0054922,0.0156342,0.2012253,0.9883077,0.0,0.1008081,0.0290111,1.0,10.68126,,0.8190028,1,0.818238731,0.097662771,0.020450751,0.044240401
264,2018-IA,2018,IA,Iowa,0.579,0.0397509,1,1.0,0.0,1.0,0.0,0.0026163,0.0076019,0.0006078,0.0038208,0.0935736,0.0227155,0.2406899,0.9995574,1.0,0.0740915,0.0300386,1.0,2.884931,,0.8776672,1,0.885663243,0.033943725,0.009825815,0.066100938
265,2018-KS,2018,KS,Kansas,0.511,0.0940759,1,1.0,0.0,1.0,0.0,,0.0220005,0.0058258,0.0014242,0.098428,0.003642,0.1043802,0.9419301,0.0,0.1281831,0.0298225,1.0,4.555366,,0.8262428,1,0.820335637,0.061697927,0.022704837,0.066140178
266,2018-KY,2018,KY,Kentucky,0.487,0.2053302,1,1.0,1.0,1.0,1.0,0.6378909,0.0001142,0.0001043,0.0010842,0.1165025,0.1324232,0.4279578,0.9990387,1.0,0.156856,0.0256004,1.0,8.267064,,0.8092319,1,0.89904586,0.071714374,0.011388119,0.011388119
267,2018-LA,2018,LA,Louisiana,0.451,0.1934358,1,1.0,1.0,1.0,1.0,0.0559535,0.0006114,0.0004587,0.0017084,0.3282754,0.0956468,0.773755,1.0,1.0,0.1427252,0.0386513,1.0,5.057682,,0.8429124,1,0.608238124,0.32230908,0.010222489,0.033674083
268,2018-ME,2018,ME,Maine,0.599,0.054813,1,1.0,1.0,,0.0,0.0088605,0.0004894,0.0,0.0032922,0.0402722,0.0297644,0.2027027,1.0,0.0,0.1268588,0.0096398,0.0,5.001592,,0.8712323,1,0.941287879,0.010416667,0.016098485,0.009469697
269,2018-MD,2018,MD,Maryland,0.542,0.3379153,1,1.0,1.0,1.0,1.0,0.0025933,0.0233435,0.0022628,0.0008552,0.2223271,0.0296821,0.3199795,1.0,1.0,0.1298147,0.0274132,1.0,9.851649,,0.8868241,1,0.565522074,0.302032235,0.050689091,0.076617613
270,2018-MA,2018,MA,Massachusetts,0.546,0.4044175,1,1.0,1.0,1.0,0.0,0.0461883,0.0017424,0.0012159,0.0018728,0.1518861,0.0066093,0.1788859,0.9987447,1.0,0.1625401,0.0252902,1.0,3.697242,,0.8572566,1,0.784305753,0.083960155,0.047570644,0.084163448
271,2018-MI,2018,MI,Michigan,0.577,0.0892671,1,1.0,1.0,1.0,0.0,0.0006761,0.0001778,0.0001262,0.0013851,0.054815,0.0158915,0.2464294,0.9999469,0.0,0.1199042,0.0236532,0.0,6.792833,,0.8922639,1,0.803903096,0.134993271,0.018034993,0.027321669
272,2018-MN,2018,MN,Minnesota,0.642,0.1540653,1,1.0,1.0,1.0,,0.0007705,0.0,0.0,0.0028565,0.1129947,0.1268927,0.2836595,1.0,1.0,0.1076993,0.0092386,1.0,3.367961,,0.8842356,1,0.866450325,0.048427359,0.039191213,0.016225662
273,2018-MS,2018,MS,Mississippi,0.438,0.2473796,1,1.0,1.0,0.0,0.0,0.0069734,0.0130457,0.0033496,0.0004764,0.0836004,,,0.9410489,0.0,0.1537801,0.0160792,0.0,6.65768,,0.842239,1,0.603305785,0.365472911,0.006427916,0.015151515
274,2018-MO,2018,MO,Missouri,0.533,0.0915502,1,1.0,1.0,0.0,0.0,,0.0017601,0.0011605,0.0018408,0.052859,0.0635151,0.3467222,0.882166,1.0,0.1351317,0.0339938,1.0,7.875763,,0.8674462,1,0.844872918,0.108895706,0.007668712,0.023663453
275,2018-MT,2018,MT,Montana,0.613,0.0054163,1,1.0,1.0,1.0,0.0,0.0079363,0.0200333,0.0007431,0.0026993,0.1692129,0.0034317,0.1844388,0.9998876,1.0,0.082339,0.0316327,0.0,3.773566,,0.8218935,1,0.911330049,0.004926108,0.004926108,0.024630542
276,2018-NE,2018,NE,Nebraska,0.515,0.2155701,1,1.0,1.0,1.0,1.0,0.00271,0.0151991,0.0032895,0.0021328,0.0932311,0.0465718,0.1714898,0.9963686,1.0,0.094191,0.0210425,1.0,3.748601,,0.8008748,1,0.831831832,0.044294294,0.027777778,0.078828829
277,2018-NV,2018,NV,Nevada,0.465,0.0519498,1,1.0,1.0,1.0,1.0,0.1137208,0.0021104,0.001963,0.0018145,0.1654658,0.0143149,0.1280832,1.0,1.0,0.0792419,0.0163637,1.0,12.90956,,0.7745912,1,0.599419448,0.086115143,0.08563135,0.200774069
278,2018-NH,2018,NH,New Hampshire,0.54,0.1090787,1,1.0,1.0,1.0,,0.0,0.0,0.0,0.0020617,0.0473191,0.0647583,0.1649687,1.0,0.0,0.1046127,0.0135349,0.0,4.280653,,0.8468997,1,0.932682927,0.003902439,0.022439024,0.024390244
279,2018-NJ,2018,NJ,New Jersey,0.535,0.1615261,1,1.0,1.0,1.0,1.0,0.019051,0.0249298,0.0031161,0.0035997,0.2784218,0.0497097,0.237199,1.0,0.0,0.1280748,0.0268358,0.0,4.386786,,0.8601954,1,0.629328227,0.146322004,0.077070369,0.146800702
280,2018-NM,2018,NM,New Mexico,0.468,0.2183018,1,1.0,1.0,1.0,1.0,0.0131483,0.0058689,0.0022386,0.000344,0.1200613,0.0356696,0.1472785,0.9989402,1.0,0.1049268,0.0193683,1.0,3.595031,,0.7488616,1,0.426936027,0.018181818,0.014141414,0.402020202
281,2018-NY,2018,NY,New York,0.457,0.3423433,1,1.0,0.0,0.0,0.0,0.1309017,0.0198084,0.0082212,0.0053635,0.2725475,0.1524381,0.582826,1.0,1.0,0.1428077,0.0325221,1.0,6.440816,,0.8358262,1,0.636363636,0.168444899,0.077535808,0.130444315
282,2018-NC,2018,NC,North Carolina,0.49,0.0204677,1,1.0,1.0,1.0,1.0,0.186792,0.0096596,0.0047441,0.0015748,0.242552,0.0044485,0.1790548,0.9999147,1.0,0.1308446,0.0196207,0.0,9.514041,,0.856142,1,0.694519076,0.221117679,0.02001612,0.036002149
283,2018-ND,2018,ND,North Dakota,0.587,0.1768416,1,,1.0,1.0,,,0.0,0.0,0.001679,0.0535897,0.0307882,,0.9166667,1.0,0.0683013,0.0256528,,3.305078,,0.8266899367346936,1,0.892791128,0.011090573,0.005545287,0.027726433
284,2018-OH,2018,OH,Ohio,0.509,0.0102416,1,1.0,1.0,1.0,0.0,0.0624294,0.0223329,0.0026722,0.0025355,0.0862053,0.0208472,0.2152756,0.99524,1.0,0.1094199,0.0317005,1.0,4.362144,,0.8066664,1,0.82662037,0.116898148,0.014930556,0.021412037
285,2018-OK,2018,OK,Oklahoma,0.421,0.2562519,1,1.0,1.0,1.0,1.0,0.0628204,0.0027663,0.0017664,0.002613,0.2624474,0.0343398,0.6977451,0.9998575,0.0,0.1426,0.0203463,1.0,7.196114,,0.7606827,1,0.714128843,0.067349927,0.018301611,0.076866764
286,2018-OR,2018,OR,Oregon,0.612,0.1942369,1,1.0,1.0,1.0,0.0,,2.72e-05,1.57e-06,,,0.0218968,0.5174718,0.8823529,1.0,0.0767555,0.0623466,1.0,0.4557241,,0.8851882,1,0.818674315,0.022625876,0.043977055,0.085086042
287,2018-PA,2018,PA,Pennsylvania,0.517,0.1123359,1,1.0,0.0,1.0,1.0,0.4125633,0.003247,0.0013777,0.0017229,0.0952187,0.1129127,0.7365437,0.9999772,1.0,0.1334211,0.0293026,1.0,5.384352,,0.8199865,1,0.805804749,0.108496042,0.024274406,0.055831135
288,2018-RI,2018,RI,Rhode Island,0.475,0.2663843,1,1.0,1.0,1.0,1.0,,0.0100344,0.0048438,0.0019915,0.1415538,,,0.7647059,1.0,0.1260464,0.026352,1.0,4.73054,,0.8513975,1,0.809462916,0.057544757,0.020460358,0.101023018
289,2018-SC,2018,SC,South Carolina,0.445,0.0989614,1,1.0,1.0,1.0,1.0,,0.0031839,0.0012893,0.0012922,0.0929975,0.0045784,0.2136214,0.9407653,1.0,0.1509566,0.0239194,1.0,15.1104,,0.8084871,1,0.686654285,0.264261077,0.007694349,0.02918546
290,2018-SD,2018,SD,South Dakota,0.531,0.243067,1,1.0,1.0,1.0,0.0,0.0003374,0.0008189,0.0006569,0.0009102,0.0257209,0.0183486,0.1229885,0.9991283,0.0,0.1000544,0.0476965,0.0,3.181791,,0.8008971,1,0.87755102,0.010989011,0.004709576,0.020408163
291,2018-TN,2018,TN,Tennessee,0.447,0.1533389,1,1.0,1.0,1.0,0.0,0.1341886,0.0034727,0.0023101,0.0003771,0.0883589,0.0507086,0.2293515,0.9982665,1.0,0.1520871,0.0336428,1.0,9.024212,,0.7474205,1,0.767942584,0.159688995,0.019338118,0.033293461
292,2018-TX,2018,TX,Texas,0.456,0.0300179,1,1.0,1.0,1.0,0.0,0.0611648,0.0064964,0.004892,0.001132,0.13951,0.0718355,0.3457153,0.9751279,1.0,0.0943561,0.0269235,1.0,10.88633,,0.7758031,1,0.508599107,0.135517579,0.040056602,0.304451943
293,2018-UT,2018,UT,Utah,0.506,0.2741662,1,1.0,1.0,1.0,1.0,0.219197,0.0481106,0.0019122,0.0085455,,0.0130776,0.5952717,0.99897,1.0,0.0744368,0.0303814,1.0,7.135953,,0.7744952,1,0.846372688,0.013750593,0.020862968,0.089615932
294,2018-VT,2018,VT,Vermont,0.557,0.0412072,1,1.0,1.0,1.0,1.0,0.0266878,0.0,0.0,0.0026864,0.0598227,0.092296,0.1117886,0.8852732,1.0,0.120302,0.0155267,1.0,0.7053236,,0.8497759,1,0.937625755,0.00804829,0.00804829,0.016096579
295,2018-VA,2018,VA,Virginia,0.544,0.1492006,1,1.0,1.0,1.0,0.0,0.1613905,,,0.0006189,0.0522414,0.0971768,0.2751303,0.9624531,1.0,0.1170178,0.0264758,1.0,5.906732,,0.8744129,1,0.65962238,0.195738784,0.06374502,0.056123333
296,2018-WA,2018,WA,Washington,0.583,0.2471152,1,1.0,1.0,1.0,0.0,0.0042041,0.0005796,0.0002694,0.0103167,,0.0150698,0.5635533,1.0,1.0,0.0606328,0.0759429,1.0,2.604187,,0.8551809,1,0.746939556,0.044376435,0.068094874,0.08951798
297,2018-WV,2018,WV,West Virginia,0.425,0.0714598,1,1.0,1.0,1.0,1.0,0.003759,0.0083832,0.0035759,0.0001757,0.1426677,0.0097222,0.1438763,0.9966361,1.0,0.1642776,0.0307472,1.0,6.583784,,0.7783936,1,0.929190751,0.033959538,0.00433526,0.014450867
298,2018-WI,2018,WI,Wisconsin,0.614,0.1021474,1,1.0,1.0,1.0,1.0,,0.0001733,0.0001168,0.0009567,0.121292,0.091161,0.3235239,0.937614,1.0,0.1197291,0.0096703,1.0,6.090339,,0.8288305,1,0.875,0.055633147,0.018389199,0.033054004
299,2018-WY,2018,WY,Wyoming,0.479,0.353485,1,1.0,0.0,0.0,0.0,,0.0001461,3.41e-05,0.0012179,0.0301594,0.0603865,0.2724077,0.9444444,1.0,0.1003753,0.0225553,0.0,2.375983,,0.7501949,1,0.872037915,0.009478673,0.002369668,0.087677725
