YearState,StateAbbreviation,StateName,ElectionYear,website_pollingplace,website_reg_status,website_precinct_ballot,website_absentee_status,website_provisional_status,reg_rej,prov_partic,prov_rej_all,abs_rej_all_ballots,abs_nonret,uocava_rej,uocava_nonret,eavs_completeness,post_election_audit,nonvoter_illness_onyear_pct,nonvoter_illness_offyear_pct,nonvoter_reg_onyear_pct,nonvoter_reg_offyear_pct,online_reg,wait,residual,pct_reg_of_vep_vrs,vep_turnout
2008-AK,AK,Alaska,2008,0,0,,,,0.0681019,0.0621388,0.0007813,0.0018604,0.1645482,0.0429646,0.1546564,1,1,0.15214236,,0.05210728,,0,5.7127,0.0034948,0.875693,0.6827726
2010-AK,AK,Alaska,2010,1,1,0,1,0,0.0820497,0.0497725,0.0049784,0.0021139,0.1559424,0.0424946,0.4828166,1,1,,0.0931353,,0.0352794,0,,,0.8354309,0.5255604
2012-AK,AK,Alaska,2012,1,1,0,1,0,0.0970629,0.0603541,0.00081,0.0026615,0.154525,0.082484,0.193297,1,1,0.12015536,,0.06383421,,0,3.656872,0.0039742,0.8684716,0.5918064
2014-AK,AK,Alaska,2014,1,1,0,1,0,0.0864959,0.0567391,0.0072061,0.003245,0.2494985,0.0503247,0.2566437,1,1,,0.0931197,,0.0201839,0,4.156598,,0.8269493,0.5438179
2016-AK,AK,Alaska,2016,1,1,1,1,0,0.1116463,0.0613138,0.0008383,0.0027097,0.131722,0.0793299,0.1236304,1,1,0.12192352,,0.05422933,,1,6.428843,0.0082947,0.875029,0.612886
2018-AK,AK,Alaska,2018,1,1,1,1,0,0.099038,0.0460685,0.0044246,0.0026367,0.165157,0.0251142,0.1603163,1,1,,0.1113286,,0.0223332,1,3.296339,,0.8660678,0.5462276
2008-AL,AL,Alabama,2008,0,0,,,,0.0004391,,,,,,0.3100032,0.4860942,0,0.2261501,,0.0759389,,0,14.2608,,0.8522075,0.6095284
2010-AL,AL,Alabama,2010,1,1,0,1,1,0.0010221,0.0023871,0.0012294,,,0.1917563,0.7643077,0.5942518,0,,0.1865659,,0.078653,0,,,0.8214131,0.4306084
2012-AL,AL,Alabama,2012,1,1,0,1,1,,0.0036719,0.0021163,,,,,0.5824811,0,0.23142886,,0.07635505,,0,11.30834,0.006219,0.863281,0.5889097
2014-AL,AL,Alabama,2014,1,1,0,1,1,0.0177437,0.0019377,0.000613,,,,0.8178264,0.6252103,0,,0.166047,,0.0646148,0,3.71631,,0.8018457,0.332124
2016-AL,AL,Alabama,2016,1,1,1,1,1,0.0160717,,,,0.10026,0.0392465,0.3813421,0.7435867,0,0.22291428,,0.05076856,,1,13.17053,0.0062881,0.8621275,0.5896026
2018-AL,AL,Alabama,2018,1,1,1,1,1,0.0171104,0.0052399,0.002139,0.0008075,0.0875211,0.0127389,0.3203463,0.9959073,0,,0.1679202,,0.0520435,1,7.469024,,0.8828068,0.472894
2008-AR,AR,Arkansas,2008,1,1,,,,,0.002031,,,,,0.2600094,0.7073488,0,0.17098345,,0.03797669,,0,21.48361,0.0085277,0.742385,0.5290489
2010-AR,AR,Arkansas,2010,1,1,1,1,0,0.0452559,0.0016515,0.0009079,0.0016142,0.0973715,0.0419463,0.5247525,0.977605,0,,0.1586142,,0.0254112,0,,,0.7192547,0.3754192
2012-AR,AR,Arkansas,2012,1,1,1,1,0,,0.0024149,0.0015701,0.0009498,0.0907552,0.1001417,0.2774451,0.9692506,0,0.17145225,,0.05128189,,0,12.88792,0.0084187,0.7594837,0.5095499
2014-AR,AR,Arkansas,2014,1,1,0,1,0,0.0139308,0.0019158,0.0010862,0.001238,0.0948457,,0.3543165,0.950947,0,,0.1407865,,0.022308,0,7.701295,,0.7472966,0.4014286
2016-AR,AR,Arkansas,2016,1,1,0,1,0,0.0337863,0.0041318,0.003051,0.0016215,0.079493,,0.1725993,0.9339136,0,0.20186481,,0.04649762,,0,15.3538,0.0093646,0.8370594,0.5277001
2018-AR,AR,Arkansas,2018,1,1,0,1,0,,,,0.0015015,0.1086918,,,0.8278583,0,,0.1477313,,0.0303957,0,8.154811,,0.7895977,0.4138204
2008-AZ,AZ,Arizona,2008,0,0,,,,,0.0654066,0.0191624,0.0029416,0.0642906,0.0190819,0.3659405,0.9894488,1,0.12171349,,0.09185892,,1,23.71424,0.0117957,0.8294159,0.5736055
2010-AZ,AZ,Arizona,2010,1,1,0,0,1,,0.0467456,0.0082612,0.0047194,0.2307793,0.0355656,0.672896,0.9910133,1,,0.087298,,0.0642903,1,,,0.803252,0.4152188
2012-AZ,AZ,Arizona,2012,1,1,0,1,1,,0.0788693,0.0142117,0.0053323,0.1967418,0.0095289,0.2858332,0.990735,1,0.12530252,,0.09045524,,1,10.78703,0.0104688,0.7745221,0.5329217
2014-AZ,AZ,Arizona,2014,1,1,0,1,1,0.0870543,0.042909,0.0055109,0.0067557,0.421268,0.0338462,0.6309821,1,1,,0.0770359,,0.0551061,1,2.154743,,0.7744793,0.3411599
2016-AZ,AZ,Arizona,2016,1,1,0,1,1,,0.0376507,0.0087999,0.0039553,0.1857665,0.0269812,0.1832532,0.9855512,1,0.08287324,,0.06346135,,1,5.688967,0.0213564,0.809389,0.5501658
2018-AZ,AZ,Arizona,2018,1,1,0,1,1,0.0809728,0.0215892,0.0061836,0.0037385,,0.007,0.3360628,0.9909393,1,,0.0785671,,0.052186,1,2.807997,,0.8171514,0.4907542
2008-CA,CA,California,2008,0,0,,,,,0.0578562,0.0098768,0.0096583,0.1615253,0.0566575,0.373328,0.9675562,1,0.14775597,,0.08574958,,0,13.64365,0.0131903,0.8248458,0.6173517
2010-CA,CA,California,2010,0,0,0,0,0,,0.0519362,0.0064789,0.006904,0.3094001,0.0446684,0.7217111,0.9853116,1,,0.1123199,,0.0515269,0,,,0.7591342,0.4505084
2012-CA,CA,California,2012,0,0,0,0,0,,0.0814496,0.0136471,0.0045501,0.2938262,0.0848288,0.4602846,0.9831181,1,0.13636522,,0.09350371,,1,5.803193,0.0123927,0.8010042,0.5589381
2014-CA,CA,California,2014,1,0,0,0,0,0.096147,0.0506015,0.0054663,0.0065635,0.4949773,0.1152748,0.8375474,0.9956588,1,,0.1019497,,0.0417634,1,2.087554,,0.7414938,0.3078467
2016-CA,CA,California,2016,1,1,0,1,1,0.1585112,0.0894693,0.0132462,0.0040015,0.2917455,0.0473816,0.2925338,0.9912663,1,0.11564228,,0.07864251,,1,6.625767,0.0255033,0.797656,0.5668691
2018-CA,CA,California,2018,1,1,0,1,1,0.1767657,0.0778832,0.0106395,0.0116981,,0.0704771,0.6321295,0.9948491,1,,0.096105,,0.0338701,1,4.529634,,0.8101811,0.495903
2008-CO,CO,Colorado,2008,0,1,,,,,0.0218914,0.0033937,0.0032985,0.0900125,0.0580932,0.2623838,0.9396685,1,0.11898357,,0.06445456,,0,12.64701,0.0086181,0.840033,0.716011
2010-CO,CO,Colorado,2010,1,1,0,1,1,0.0664043,0.0215285,0.0020057,0.0043214,0.2199413,0.0299033,0.5702347,1,1,,0.098185,,0.0481646,1,,,0.8237152,0.5069619
2012-CO,CO,Colorado,2012,1,1,0,1,1,0.0167844,0.024222,0.003804,0.0063234,0.1249349,0.0365144,0.3044472,1,1,0.09195083,,0.06357475,,1,6.306886,0.0104516,0.8784338,0.7104929
2014-CO,CO,Colorado,2014,1,1,0,1,1,0.0244443,0.0004726,0.0001912,0.0071792,0.349731,0.0178598,0.6655581,1,1,,0.0721372,,0.0430391,1,1.402647,,0.8667469,0.5446357
2016-CO,CO,Colorado,2016,1,1,0,1,1,0.0329898,0.0020491,0.0005142,0.0080608,0.2216624,0.0161276,0.4022006,1,1,0.070554,,0.06149936,,1,2.399448,0.0276191,0.9004806,0.7009678
2018-CO,CO,Colorado,2018,1,1,1,1,1,0.0640666,0.0001806,0.0001338,0.0074121,,0.0205236,0.4559784,1,1,,0.0641624,,0.0527421,1,2.00508,,0.8841722,0.6295422
2008-CT,CT,Connecticut,2008,0,0,,,,0.0042329,0.0004347,0.0002718,0.0018683,,,,0.7778371,1,0.21747319,,0.04721039,,0,10.07436,,0.8556383,0.6664255
2010-CT,CT,Connecticut,2010,1,1,0,1,0,,0.0007982,0.0005009,0.0010764,0.0651016,0.015942,0.3603276,0.9439592,1,,0.1473903,,0.028935,0,,,0.8137398,0.459599
2012-CT,CT,Connecticut,2012,1,1,0,1,0,,0.0006171,0.0005402,0.0015096,0.0865572,0.0096428,0.1145186,0.7777778,1,0.18870133,,0.04193211,,0,8.502415,,0.844919,0.6099896
2014-CT,CT,Connecticut,2014,1,1,0,1,0,,0.0000173,8.21E-06,0.001098,0.083933,0.0183824,0.2668464,0.9444444,1,,0.1238912,,0.0245035,1,2.990191,,0.8114153,0.4253355
2016-CT,CT,Connecticut,2016,1,1,1,1,0,,0.0000394,0.0000215,0.0015108,0.0634724,0.0179473,0.1825397,0.8888889,1,0.20214406,,0.03287137,,1,6.073258,0.0185037,0.8654541,0.6421568
2018-CT,CT,Connecticut,2018,1,1,1,1,0,,9.85E-06,2.81E-06,0.0012134,0.0949442,0.0114082,,0.8785991,1,,0.1435107,,0.0317781,1,4.828114,,0.8331,0.5439393
2008-DC,DC,District of Columbia,2008,1,1,,,,,0.0648518,0.0183761,0.0103936,0.0366838,,0.5354439,0.7777778,0,0.26005191,,0.10069024,,0,,0.0038146,0.9090906,0.6169486
2010-DC,DC,District of Columbia,2010,1,1,0,1,1,0.0288014,0.0395889,0.0029298,0.0023482,0.3269511,0.1090343,0.7118492,1,1,,0.132365,,0.0612748,0,,,0.8470676,0.2957391
2012-DC,DC,District of Columbia,2012,1,1,0,1,1,0.0053329,0.1313015,0.0110279,0.0013458,0.2820159,0.015,0.1858887,1,1,0.24762523,,0.09262621,,0,33.85453,0.0016652,0.9245937,0.6196569
2014-DC,DC,District of Columbia,2014,1,1,0,1,1,0.0034302,0.1134082,0.0067371,0,0.2540129,0.1498638,0.5807229,1,1,,0.1066784,,0.0556776,1,6.901768,,0.8625319,0.3579111
2016-DC,DC,District of Columbia,2016,1,1,1,1,1,0.005027,0.0110537,0.0046723,0.0001058,0.2217489,0.0405405,0.1897547,1,1,0.20776799,,0.03172313,,1,16.3224,0.0041814,0.9363362,0.6085837
2018-DC,DC,District of Columbia,2018,1,1,1,1,1,0.0495441,0.0103841,0.0061761,0.0014329,0.2458871,0.0280374,0.4956795,1,1,,0.1241904,,0.072201,1,12.25722,,0.9082791,0.4374204
2008-DE,DE,Delaware,2008,1,0,,,,0.246144,0.0009478,0.0007987,0.0008011,0.0355968,0.0737514,0.2255319,1,1,0.21303475,,0.04752197,,0,12.16164,0.0027807,0.8579402,0.6583285
2010-DE,DE,Delaware,2010,1,0,1,1,1,0.1600311,0.0001042,0.0000979,0.0004357,0.0454772,0.0431177,0.6394261,1,1,,0.1426831,,0.0128883,0,,,0.8167546,0.4784293
2012-DE,DE,Delaware,2012,1,0,1,1,1,0.0414882,0.0010847,0.0010009,0.0005747,0.0763399,0.0977143,0.2850829,1,1,0.18058525,,0.05101806,,0,4.920934,0.0088689,0.8627042,0.6266024
2014-DE,DE,Delaware,2014,1,1,1,1,1,0.0523322,0.0002604,0.0002268,0.0002604,0.2352455,0.0149254,0.5833333,1,1,,0.1346084,,0.0097445,1,2.654505,,0.8248424,0.3435541
2016-DE,DE,Delaware,2016,1,1,1,1,1,0.0757975,0.0006604,0.0006091,0.0004819,0.119254,0.0399523,0.196,1,1,0.17922233,,0.04036922,,1,4.889554,0.0031759,0.8698691,0.6440257
2018-DE,DE,Delaware,2018,1,1,1,1,1,0.0068244,0.0003137,0.0002919,0.0019261,0.1868675,0.0136799,0.3815567,1,1,,0.1363971,,0.0222916,1,4.468648,,0.8376662,0.5144278
2008-FL,FL,Florida,2008,0,0,,,,0.0043993,0.0041851,0.0021517,0.0021675,0.1405957,0.0237567,0.2162445,1,1,0.16753253,,0.09558636,,0,28.8429,0.0073533,0.8768896,0.6663098
2010-FL,FL,Florida,2010,1,1,1,1,0,,0.002408,0.0006195,0.0032842,0.2898481,0.0410716,0.5955917,0.8888889,1,,0.1427553,,0.0495096,0,,,0.8182136,0.4228351
2012-FL,FL,Florida,2012,1,1,1,1,0,0.0629904,0.0049949,0.0021158,0.0024058,0.1815513,0.0308689,0.2495005,1,1,0.14670882,,0.0782752,,0,44.97699,0.007481,0.852604,0.6396278
2014-FL,FL,Florida,2014,1,1,0,1,0,0.0358024,0.0020797,0.0008905,0.0031405,0.2905891,0.0378265,0.6288099,1,1,,0.1320184,,0.0401903,0,3.599352,,0.8228478,0.4326273
2016-FL,FL,Florida,2016,1,1,0,1,0,0.0601564,0.0025443,0.0014002,0.0022856,0.2170942,0.0316635,0.2767455,0.9999695,1,0.13161255,,0.06030143,,0,5.551784,0.0081146,0.8701133,0.6464386
2018-FL,FL,Florida,2018,1,1,0,1,0,0.1074619,0.0016344,0.001008,0.0037458,0.2557576,0.0659338,0.4762005,0.9977963,1,,0.1179324,,0.0319729,1,5.929375,,0.8657085,0.5494362
2008-GA,GA,Georgia,2008,1,1,,,,0.0014454,0.0043675,0.0022621,0.000882,0.0164289,0.0225782,0.3132415,0.9998797,,0.14203437,,0.0584905,,0,37.57042,0.0053731,0.8493528,0.6273138
2010-GA,GA,Georgia,2010,1,1,1,1,0,0.0019959,0.0031868,0,0.0001697,0.0257251,0.0447316,0.7990428,0.993493,0,,0.141477,,0.0514005,0,,,0.7885268,0.4059247
2012-GA,GA,Georgia,2012,1,1,1,1,0,,0.0053178,0.002761,0.0001813,0.0168093,0.024003,0.3453543,0.9413403,0,0.16754481,,0.06287351,,0,17.77648,0.0049256,0.8632095,0.5865015
2014-GA,GA,Georgia,2014,1,1,1,1,1,0.0037512,0.0046812,0.0019952,0.0016662,0.1295609,0.0448065,0.4371418,0.9985401,0,,0.1291866,,0.0471081,1,7.374517,,0.7780347,0.3853082
2016-GA,GA,Georgia,2016,1,1,1,1,1,0.0029336,0.0040363,0.0022056,0.0032979,0.100842,0.0814246,0.2736933,1,0,0.14848693,,0.06040053,,1,16.55033,0.0057517,0.8330312,0.591585
2018-GA,GA,Georgia,2018,1,1,1,1,0,0.0025963,0.0054668,0.0024543,0.0019009,0.137941,0.0563194,0.3344725,0.9998013,0,,0.1522279,,0.0429129,1,15.396,,0.8381456,0.5502736
2008-HI,HI,Hawaii,2008,1,0,,,,,0.0011469,0.0008838,0.0018352,0.0893652,,,0.9012241,1,0.12623376,,0.06466489,,0,5.735971,0.0054807,0.6961197,0.4903561
2010-HI,HI,Hawaii,2010,1,0,1,0,0,,0.0005126,0.0003909,0.0030637,0.0772255,0.0619946,0.3410302,0.9262081,1,,0.1151493,,0.1021117,0,,,0.6577465,0.4009361
2012-HI,HI,Hawaii,2012,1,0,1,0,0,,0.0016278,0.0013943,0.0025322,0.0981071,,0.3262103,0.9262494,1,0.12792197,,0.0816899,,0,7.027607,0.005638,0.7091731,0.444745
2014-HI,HI,Hawaii,2014,1,1,1,0,0,,0.0004654,0.0004042,0.0016554,0.1423769,0.125,0.4751381,0.9494085,1,,0.0897427,,0.0969557,0,2.496192,,0.640036,0.3649429
2016-HI,HI,Hawaii,2016,1,1,1,0,0,,0.0019306,0.0016244,0.0028421,0.1524386,0.0259301,0.2264261,0.9710841,1,0.09996945,,0.07057734,,1,3.780215,0.01994,0.7187587,0.4217789
2018-HI,HI,Hawaii,2018,1,1,1,0,1,,0.0022976,0.0010585,0.0079902,0.215932,0.0111857,,0.8333333,1,,0.1024153,,0.05598,1,4.425862,,0.70885,0.3930122
2008-IA,IA,Iowa,2008,1,1,,,,0.0081065,0.002785,0.0002496,0.0027941,0.0513921,0.0813025,0.2499575,0.9444444,0,0.12207783,,0.03788294,,0,5.006278,0.0062291,0.8531576,0.6965688
2010-IA,IA,Iowa,2010,1,1,0,1,0,0.0022326,0.0017566,0.0003079,0.0037762,0.0597957,0.0373444,0.5475862,0.9993886,0,,0.0931856,,0.0328383,0,,,0.8240576,0.5079022
2012-IA,IA,Iowa,2012,1,1,0,1,0,0.0057212,0.0031422,0.000544,0.0051373,0.0700988,0.0592933,0.2159142,1,0,0.12272054,,0.01885386,,0,7.495293,0.0048876,0.864816,0.7024691
2014-IA,IA,Iowa,2014,1,1,0,1,0,0.0028298,0.0029896,0.0004141,0.0064308,0.1027749,0.0571956,0.3266332,1,0,,0.0727264,,0.0294497,0,1.907715,,0.8476908,0.502327
2016-IA,IA,Iowa,2016,1,1,0,1,0,0.0060064,0.0016144,0.000437,0.00268,0.0310747,0.0381659,0.2040688,0.9441887,0,0.09004534,,0.01586474,,1,3.84448,0.0097004,0.8584474,0.6837921
2018-IA,IA,Iowa,2018,1,1,0,1,0,0.0026163,0.0076019,0.0006078,0.0038208,0.0935736,0.0227155,0.2406899,0.9995574,1,,0.0740915,,0.0300386,1,2.884931,,0.8776672,0.5770594
2008-ID,ID,Idaho,2008,1,0,,,,,,,0.0013438,0.0334968,0.1277148,0.2272357,0.9375,0,0.15048735,,0.02202454,,0,6.491838,0.0186875,0.7710114,0.6484317
2010-ID,ID,Idaho,2010,1,1,0,1,,,,,0.0030563,0.0660938,0.2094595,0.5288932,0.9375,0,,0.1283618,,0.0168036,0,,,0.7121072,0.4277239
2012-ID,ID,Idaho,2012,1,1,0,1,,,,,0.0014318,0.0325269,0.1358954,0.1849817,0.9366804,0,0.13142571,,0.03208783,,0,7.092125,0.0210359,0.7705358,0.6087676
2014-ID,ID,Idaho,2014,1,1,0,1,,,,,0.0016191,0.1088059,0.1,0.2867257,0.9375,0,,0.1277858,,0.013506,0,1.959351,,0.701522,0.3960464
2016-ID,ID,Idaho,2016,1,1,0,1,,,,,0.0012329,0.029666,0.1374101,0.1514851,0.9375,0,0.1310991,,0.02422966,,0,8.013486,0.028305,0.7803469,0.591377
2018-ID,ID,Idaho,2018,1,1,0,1,,,0,0,0.0019393,0.0612896,0.0655367,0.2195767,0.9353741,0,,0.1197211,,0.0087345,1,6.496275,,0.7210763,0.5003255
2008-IL,IL,Illinois,2008,0,0,,,,0.0456816,,,,0.0742571,0.0297539,0.3062727,0.6392842,1,0.1864434,,0.06370506,,0,9.287217,0.0098856,0.852006,0.642565
2010-IL,IL,Illinois,2010,1,1,0,0,1,0.4036577,,0.0037248,0.0007608,0.1727937,0.046721,0.7815896,0.9379956,1,,0.130213,,0.0407699,0,,,0.8180088,0.4319448
2012-IL,IL,Illinois,2012,1,1,0,0,1,0.0369644,0.00383,0.0056721,0.0007937,0.0793134,,,0.8224649,1,0.1558387,,0.06105107,,0,11.71202,0.0071714,0.8482321,0.5930306
2014-IL,IL,Illinois,2014,1,1,0,0,1,,0.0088713,0.0023771,0.0013721,0.1461835,,,0.8199335,1,,0.125107,,0.0364421,1,4.490543,,0.8024021,0.4094988
2016-IL,IL,Illinois,2016,1,1,0,0,1,0.0340921,0.0047393,0.002206,0.001079,0.1204674,0.0246251,0.2156082,0.9996744,1,0.12755969,,0.04162676,,1,6.372737,0.0125823,0.8841081,0.619076
2018-IL,IL,Illinois,2018,1,1,0,0,1,,0.0040482,0.0014616,0.0019174,0.1596732,,,0.8936481,1,,0.1252018,,0.0237291,1,5.929732,,0.8636311,0.5140406
2008-IN,IN,Indiana,2008,1,1,,,,0.0204084,,,,0.0365818,,0.4717899,0.9436936,0,0.17045112,,0.06861136,,0,24.05688,0.0193628,0.8106478,0.6030463
2010-IN,IN,Indiana,2010,1,1,1,1,1,0.544636,0.0010168,0.0006178,0.0042425,,0.0681576,0.7370199,0.9826866,0,,0.1250947,,0.025923,1,,,0.7351322,0.3800622
2012-IN,IN,Indiana,2012,1,1,1,1,1,0.0407637,0.0018026,0.0015007,0.0045217,0.0065626,0.2058374,0.1347832,0.9932502,0,0.17448731,,0.06457779,,1,14.31977,0.0145808,0.7842379,0.5596369
2014-IN,IN,Indiana,2014,1,1,1,1,1,0.0404753,,,0.0044887,0.0088934,0.1613833,0.1029301,0.968887,0,,0.1069577,,0.0226889,1,4.858101,,0.751587,0.2882431
2016-IN,IN,Indiana,2016,1,1,1,1,1,0.0659661,0.0010711,0.0008437,0.0007399,0.0026247,0.0252196,0.0877317,1,0,0.17443781,,0.05207844,,1,17.09024,0.0177785,0.8135898,0.5636001
2018-IN,IN,Indiana,2018,1,1,1,1,1,0.058564,0.0009792,0.00072,,0.0054922,0.0156342,0.2012253,0.9883077,0,,0.1008081,,0.0290111,1,10.68126,,0.8190028,0.4688658
2008-KS,KS,Kansas,2008,0,1,,,,0.000404,0.031835,0.0098227,0.0032542,0.0658288,0.1010196,0.2447344,0.8860591,0,0.1657014,,0.05095426,,0,10.75167,,0.7717946,0.6347194
2010-KS,KS,Kansas,2010,1,1,1,1,0,0.0003471,0.0210888,0.0059079,0.0049309,0.1631055,0.0357654,0.7018052,1,0,,0.1197259,,0.0352724,1,,,0.7672316,0.4168779
2012-KS,KS,Kansas,2012,1,1,1,1,0,,0.0348477,0.0120929,0.0045388,,0.056887,0.2277816,0.9444444,0,0.15518427,,0.06523893,,1,11.49815,0.0224194,0.8128678,0.5812451
2014-KS,KS,Kansas,2014,1,1,1,0,0,,0.0256562,0.0074088,0.0025223,0.119611,0.0174927,0.208284,0.9444444,0,,0.1160567,,0.0262487,1,4.458911,,0.7505795,0.4340021
2016-KS,KS,Kansas,2016,1,1,1,0,0,,0.033406,0.0112114,0.0035644,0.0881266,0.0128312,0.1590704,0.939796,0,0.13775086,,0.05513639,,1,5.504723,0.025307,0.8075151,0.5772641
2018-KS,KS,Kansas,2018,1,1,0,1,0,,0.0220005,0.0058258,0.0014242,0.098428,0.003642,0.1043802,0.9419301,0,,0.1281831,,0.0298225,1,4.555366,,0.8262428,0.5115109
2008-KY,KY,Kentucky,2008,1,1,,,,,0.0004593,0.0003642,0.0010153,0.0618627,,0.2498479,0.7222222,0,0.22425771,,0.05889091,,0,12.31409,0.0188383,0.8316791,0.5895327
2010-KY,KY,Kentucky,2010,1,1,0,0,1,0.2089105,0.0000726,0.0000677,0.0008419,0.0254521,0.0656934,0.2651515,0.9995568,0,,0.17314,,0.0273906,0,,,0.764523,0.4414108
2012-KY,KY,Kentucky,2012,1,1,0,0,1,0.2089529,0.000158,0.0001305,0.000999,0.0808597,0.0809474,0.2237081,1,0,0.17743474,,0.04519943,,0,8.032156,0.0102602,0.8081189,0.5590128
2014-KY,KY,Kentucky,2014,1,1,0,0,1,,0.0000898,0.0000767,0.0009333,0.0679464,0.1018277,0.3571429,0.9444444,0,,0.1482159,,0.0271423,0,7.070019,,0.8075726,0.4403564
2016-KY,KY,Kentucky,2016,1,1,1,1,1,0.6719736,0.0001493,0.0001195,0.0011004,0.1036478,0.0418269,0.4587776,1,0,0.166482,,0.04025738,,1,7.643252,0.0166829,0.8296631,0.5872304
2018-KY,KY,Kentucky,2018,1,1,1,1,1,0.6378909,0.0001142,0.0001043,0.0010842,0.1165025,0.1324232,0.4279578,0.9990387,1,,0.156856,,0.0256004,1,8.267064,,0.8092319,0.4856621
2008-LA,LA,Louisiana,2008,1,0,,,,0.0590698,0.0040746,0.0023788,0.0009476,0.0259305,0.0691343,0.2909663,1,0,0.2016062,,0.04526043,,0,19.07261,0.0107515,0.8808801,0.6175855
2010-LA,LA,Louisiana,2010,1,1,1,1,1,0.1159358,0.0002171,0.000027,0.0006461,0.3442466,0.1043643,0.8804892,1,0,,0.1732257,,0.0413225,1,,,0.86245,0.3994141
2012-LA,LA,Louisiana,2012,1,1,1,1,1,0.0780137,0.0034063,0.0021112,0.0011784,0.2173492,0.0428422,0.3880275,1,0,0.17045942,,0.03318321,,1,20.24693,0.0101675,0.8502548,0.6100044
2014-LA,LA,Louisiana,2014,1,1,1,1,1,0.0992271,0.0010419,0.0006689,0.0012666,0.2978559,0.0640074,0.8479988,1,0,,0.1467682,,0.0382911,1,6.663304,,0.8212861,0.4505637
2016-LA,LA,Louisiana,2016,1,1,1,1,1,0.0528649,0.002409,0.0017826,0.0011079,0.2150946,0.0593993,0.4196441,1,1,0.18314131,,0.04184529,,1,12.29062,0.0100018,0.8641496,0.6001365
2018-LA,LA,Louisiana,2018,1,1,1,1,1,0.0559535,0.0006114,0.0004587,0.0017084,0.3282754,0.0956468,0.773755,1,1,,0.1427252,,0.0386513,1,5.057682,,0.8429124,0.4476399
2008-MA,MA,Massachusetts,2008,1,0,,,,,0.0037744,0.002718,0.0006381,0.0913532,0.073864,0.2611423,0.6666667,0,0.22329813,,0.08706032,,0,5.630793,0.006981,0.8705575,0.6727288
2010-MA,MA,Massachusetts,2010,1,0,1,0,0,0.0330891,0.0012405,0.0008707,,0.0588798,0.0794937,0.3245554,0.8756685,0,,0.171793,,0.0221932,0,,,0.8188984,0.4966685
2012-MA,MA,Massachusetts,2012,1,0,1,1,0,0.0334102,0.0040575,0.0030215,0.0007845,0.0823438,0.0050396,0.1808857,0.9998856,0,0.20336337,,0.06830429,,0,8.758975,0.0051595,0.8773614,0.6659518
2014-MA,MA,Massachusetts,2014,1,1,1,1,0,0.0475713,0.0012004,0.0008862,0.0004971,0.0906886,0.0067859,0.2935498,1,0,,0.1670783,,0.0200162,0,3.231891,,0.8059961,0.446268
2016-MA,MA,Massachusetts,2016,1,1,1,1,0,0.0334912,0.002175,0.0015227,0.0015248,0.1074175,0.0095038,0.1721112,0.9999976,1,0.19432175,,0.0651627,,1,5.338932,0.0159095,0.8767485,0.6721011
2018-MA,MA,Massachusetts,2018,1,1,1,1,0,0.0461883,0.0017424,0.0012159,0.0018728,0.1518861,0.0066093,0.1788859,0.9987447,1,,0.1625401,,0.0252902,1,3.697242,,0.8572566,0.5459034
2008-MD,MD,Maryland,2008,1,1,,,,,0.0192204,0.0064431,0.0007224,0.0926865,0.0856509,0.1741222,0.8888889,1,0.19235945,,0.09176812,,0,24.49189,0.0113862,0.8700553,0.6781721
2010-MD,MD,Maryland,2010,1,1,1,1,1,0.0211606,0.0199868,0.0017113,0.000607,0.1456143,0.1556095,0.7464697,0.9997876,1,,0.1379261,,0.0393463,0,,,0.812158,0.4647394
2012-MD,MD,Maryland,2012,1,1,1,1,1,0.0025462,0.0292138,0.0040703,0.0005537,0.1245651,0.1123021,0.2578093,1,1,0.19453773,,0.06644569,,1,29.18414,0.0097785,0.8707171,0.6681667
2014-MD,MD,Maryland,2014,1,1,1,1,1,0.0001112,0.0200928,0.0014927,0.0003977,0.1906705,0.0920852,0.4571671,1,1,,0.1217499,,0.0387829,1,4.791954,,0.8518541,0.4151856
2016-MD,MD,Maryland,2016,1,1,1,1,1,0.0015408,0.0280195,0.0033566,0.0008506,0.2210732,0.076238,0.3234063,1,1,0.16130018,,0.05530486,,1,15.78131,0.0092173,0.8847268,0.6659779
2018-MD,MD,Maryland,2018,1,1,1,1,1,0.0025933,0.0233435,0.0022628,0.0008552,0.2223271,0.0296821,0.3199795,1,1,,0.1298147,,0.0274132,1,9.851649,,0.8868241,0.5422356
2008-ME,ME,Maine,2008,1,0,,,,0.008236,,,0.0024635,0.0276688,0.0559273,0.2873508,0.9314949,0,0.13937449,,0.01420892,,0,4.3596,0.017856,0.8645574,0.7184191
2010-ME,ME,Maine,2010,1,0,1,0,,0.0104181,0.000275,0,0.0019584,0.0368565,0.0500759,0.5104012,0.9997647,0,,0.1015629,,0.0074562,0,,,0.8598595,0.5600411
2012-ME,ME,Maine,2012,1,0,1,0,,0.0165906,0.0004346,0,0.0029748,0.0319774,0.0794365,0.2551909,0.9999949,0,0.15452802,,0.01218966,,0,3.730127,0.015975,0.8545574,0.6916283
2014-ME,ME,Maine,2014,1,1,1,0,,0.0184159,0.0001396,0,0.0022104,0.0388701,0.03,0.2332361,0.9999197,0,,0.1191811,,0.0096398,0,4.767301,,0.8482357,0.5852008
2016-ME,ME,Maine,2016,1,1,1,0,1,0.0111876,0.0002514,0,0.0031908,0.0226125,0.5,0,1,0,0.14256482,,0.00995806,,0,4.057429,0.0311288,0.8765755,0.7049893
2018-ME,ME,Maine,2018,1,1,1,,0,0.0088605,0.0004894,0,0.0032922,0.0402722,0.0297644,0.2027027,1,0,,0.1268588,,0.0096398,0,5.001592,,0.8712323,0.6020591
2008-MI,MI,Michigan,2008,1,1,,,,0.0023448,0.0007535,0.0003917,0.0016918,0.0250295,0.0905497,0.2733931,0.9634053,0,0.15839989,,0.04656121,,0,20.39494,0.0074049,0.9044471,0.6970152
2010-MI,MI,Michigan,2010,1,1,1,1,0,0.0025674,0.0002563,0.0001568,0.0016677,0.0457065,0.0885368,0.32848,1,0,,0.1182201,,0.0328043,0,,,0.8678957,0.4516394
2012-MI,MI,Michigan,2012,1,1,1,1,0,0.0027539,0.0005595,0.0003106,0.0016836,0.029106,0.0872351,0.2511595,1,1,0.16374734,,0.03245489,,0,21.92964,0.0104043,0.8952891,0.653347
2014-MI,MI,Michigan,2014,1,1,1,1,0,0.0017235,0.0003559,0.0001402,0.001604,0.0723994,0.0274646,0.2455328,1,0,,0.1241645,,0.0243783,1,2.884609,,0.8664779,0.4315599
2016-MI,MI,Michigan,2016,1,1,1,1,0,0.0007218,0.0003879,0.0003186,0.0012659,0.0612349,0.0251353,0.2177158,1,0,0.13583705,,0.03093756,,1,8.301167,0.010273,0.8890972,0.6465221
2018-MI,MI,Michigan,2018,1,1,1,1,0,0.0006761,0.0001778,0.0001262,0.0013851,0.054815,0.0158915,0.2464294,0.9999469,0,,0.1199042,,0.0236532,0,6.792833,,0.8922639,0.5777812
2008-MN,MN,Minnesota,2008,1,0,,,,0.0013859,,,0.003398,,0.063601,0.2778373,0.968371,1,0.13356462,,0.01187608,,0,8.646645,0.0033713,0.9181286,0.7810257
2010-MN,MN,Minnesota,2010,1,1,1,1,,0.0023995,,,0.0036711,0.0709079,0.0734118,0.349872,0.9750772,1,,0.1185615,,0.0143632,0,,,0.8534724,0.5586067
2012-MN,MN,Minnesota,2012,1,1,1,1,,0.0008924,,,0.0026342,0.0431996,0.0763144,0.2107462,1,1,0.16280241,,0.01234857,,0,6.224818,0.0048187,0.8768958,0.7611475
2014-MN,MN,Minnesota,2014,1,1,1,1,,0.0012605,,,0.0024042,0.1710997,0.0653824,0.3742975,1,1,,0.1072707,,0.0091464,1,2.395515,,0.8252797,0.5050809
2016-MN,MN,Minnesota,2016,1,1,1,1,,0.000659,,,0.0020449,0.0754312,0.0757648,0.2334821,1,1,0.15444912,,0.02014818,,1,6.853027,0.0077648,0.8865658,0.7424856
2018-MN,MN,Minnesota,2018,1,1,1,1,,0.0007705,0,0,0.0028565,0.1129947,0.1268927,0.2836595,1,1,,0.1076993,,0.0092386,1,3.367961,,0.8842356,0.6424988
2008-MO,MO,Missouri,2008,1,1,,,,,0.0023175,0.0017253,0.0018226,0.0426211,0.0460646,0.1912849,0.9568514,1,0.16619581,,0.09915379,,0,25.94895,,0.8546824,0.691386
2010-MO,MO,Missouri,2010,1,1,1,0,0,,0.001859,0.0010259,0.0010335,0.0367766,0.0770588,0.6100417,0.9761097,1,,0.1527473,,0.0449207,0,,,0.8176373,0.4446764
2012-MO,MO,Missouri,2012,1,1,1,0,0,0.0843807,0.0022504,0.0015879,0.0017868,0.0459155,0.0386089,0.2168997,0.9968871,1,0.16751409,,0.07580572,,0,12.70876,,0.867941,0.6251281
2014-MO,MO,Missouri,2014,1,1,1,0,0,0.0002775,0.0006368,0.0004254,0.000935,0.0638707,0.027163,0.420739,1,1,,0.1424134,,0.0325401,1,3.139476,,0.8345045,0.3178498
2016-MO,MO,Missouri,2016,1,1,1,0,0,0.0051779,0.0020061,0.0012788,0.0019668,0.047387,0.0159935,0.2617639,0.9331664,1,0.17090154,,0.05723101,,1,13.85271,,0.853853,0.6225004
2018-MO,MO,Missouri,2018,1,1,1,0,0,,0.0017601,0.0011605,0.0018408,0.052859,0.0635151,0.3467222,0.882166,1,,0.1351317,,0.0339938,1,7.875763,,0.8674462,0.5343425
2008-MS,MS,Mississippi,2008,0,0,,,,,,,,,,,0.7352235,0,0.18534994,,0.08251782,,0,11.00348,,0.8682269,0.610338
2010-MS,MS,Mississippi,2010,1,0,0,0,0,,,,,,,0.1980306,0.784887,0,,0.1851464,,0.0283628,0,,,0.8220344,0.3697695
2012-MS,MS,Mississippi,2012,1,0,0,0,0,,,,,,,,0.7214549,0,0.20690326,,0.06482957,,0,7.692284,,0.9019811,0.5971594
2014-MS,MS,Mississippi,2014,1,0,1,0,0,,0.006813,0.001453,0.0009071,0.0919576,0.0163934,0.4518349,0.9352053,0,,0.1854997,,0.019775,0,2.43111,,0.852437,0.2888636
2016-MS,MS,Mississippi,2016,1,1,1,0,0,0.0021845,0.0177723,0.0044271,0.0013073,0.0601137,0.0089538,0.2659979,0.9444444,0,0.1873583,,0.07497387,,0,8.041148,,0.8704088,0.5556911
2018-MS,MS,Mississippi,2018,1,1,1,0,0,0.0069734,0.0130457,0.0033496,0.0004764,0.0836004,,,0.9410489,0,,0.1537801,,0.0160792,0,6.65768,,0.842239,0.4365763
2008-MT,MT,Montana,2008,0,0,,,,0.0098772,0.0075603,0.000201,0.0039429,0.040865,0.0671113,0.3245223,0.9959454,0,0.13680297,,0.03711556,,0,6.151454,0.0116828,0.8020693,0.6707515
2010-MT,MT,Montana,2010,1,1,0,1,0,0.0165496,0.0074585,0.0003432,0.0021874,0.092261,0.037785,0.6082828,0.9995347,1,,0.1188301,,0.0328833,0,,,0.7767602,0.4841097
2012-MT,MT,Montana,2012,1,1,1,1,0,0.0110177,0.0113057,0.0005448,0.0017339,0.0926698,0.0099294,0.3299346,1,1,0.13012452,,0.05535465,,0,16.50092,0.0163304,0.8272051,0.6363162
2014-MT,MT,Montana,2014,1,1,1,1,0,0.033068,0.0122061,0.00042,0.0025011,0.1113598,0.0126263,0.3415179,1,1,,0.1006493,,0.0333738,0,2.102134,,0.741809,0.4726295
2016-MT,MT,Montana,2016,1,1,1,1,0,0.006037,0.014732,0.0006075,0.0021764,0.0509393,0.0077465,0.150231,0.9444444,1,0.08457123,,0.04844387,,0,3.284164,0.0292527,0.8223944,0.6180488
2018-MT,MT,Montana,2018,1,1,1,1,0,0.0079363,0.0200333,0.0007431,0.0026993,0.1692129,0.0034317,0.1844388,0.9998876,1,,0.082339,,0.0316327,0,3.773566,,0.8218935,0.6196992
2008-NC,NC,North Carolina,2008,1,1,,,,0.0325179,0.012442,0.0063319,0.0061039,0.1448793,0.0793941,0.3295829,1,1,0.16834645,,0.07527958,,0,21.04392,0.0100543,0.8450992,0.6613565
2010-NC,NC,North Carolina,2010,1,1,1,1,1,0.0908122,0.0097223,0.0039112,0.0002759,0.1178384,0.0837624,0.7818627,1,1,,0.1424918,,0.0315861,0,,,0.7933555,0.3979382
2012-NC,NC,North Carolina,2012,1,1,1,1,1,0.042992,0.0112764,0.0061303,0.0004928,0.1070831,0.0089706,0.2089184,1,1,0.17357709,,0.07726049,,0,13.54665,0.0081709,0.8882124,0.6516388
2014-NC,NC,North Carolina,2014,1,1,1,1,1,0.0611137,0.0064252,0.0033574,0.0013204,0.1906282,0.0084998,0.281746,1,1,,0.1298475,,0.0230063,0,8.753906,,0.8304456,0.412183
2016-NC,NC,North Carolina,2016,1,1,0,1,1,0.1058033,0.0129297,0.0071971,0.0010364,0.1563657,0.0131949,0.1876719,1,1,0.16480404,,0.07247513,,0,14.30434,0.0058864,0.8798371,0.6478925
2018-NC,NC,North Carolina,2018,1,1,1,1,1,0.186792,0.0096596,0.0047441,0.0015748,0.242552,0.0044485,0.1790548,0.9999147,1,,0.1308446,,0.0196207,0,9.514041,,0.856142,0.4956807
2008-ND,ND,North Dakota,2008,1,,,,,,,,0.0012028,0.0635516,0.0225933,0.2337565,1,1,0.10326316,,0.02251222,,,5.319697,0.0161802,,0.6362067
2010-ND,ND,North Dakota,2010,1,,1,1,,,,,0.0007551,0.0611391,0.0054645,0.3383459,1,1,,0.075033,,0.014875,,,,,0.4666774
2012-ND,ND,North Dakota,2012,1,,1,1,,,,,0.0011004,0.0546361,0.0135849,0.1830635,1,1,0.10116036,,0.02324787,,,7.457581,0.0089915,,0.610757
2014-ND,ND,North Dakota,2014,1,,1,1,,,,,0.0023522,0.0614769,0.0136054,0.2017291,1,1,,0.0764923,,0.0181942,,3.793256,,,0.4498319
2016-ND,ND,North Dakota,2016,1,,1,1,,,,,0.001746,0.0496749,0.0326667,0.1349481,1,1,0.1006645,,0.02373986,,,6.714323,0.0159597,,0.6094538
2018-ND,ND,North Dakota,2018,1,,1,1,,,0,0,0.001679,0.0535897,0.0307882,,0.9166667,1,,0.0683013,,0.0256528,,3.305078,,,0.5860482
2008-NE,NE,Nebraska,2008,1,1,,,,0.0046349,0.0190667,0.0041994,0.0022987,0.0401351,0.0785109,0.1882458,1,0,0.08956382,,0.07084619,,0,9.290749,0.0131072,0.8273379,0.6369427
2010-NE,NE,Nebraska,2010,1,1,0,0,1,,0.011102,0.0020039,0.0021191,0.081558,0.1160991,0.6389044,0.9742549,0,,0.0865468,,0.029165,0,,,0.7737828,0.3797175
2012-NE,NE,Nebraska,2012,1,1,0,1,1,0.0034177,0.0185515,0.0039948,0.0048334,0.1055464,0.0459311,0.1462063,0.9822419,1,0.09139717,,0.07870281,,0,5.841214,0.0122674,0.814917,0.6083787
2014-NE,NE,Nebraska,2014,1,1,0,1,1,0.0019134,0.011359,0.0021218,0.0033738,0.0792163,0.0565217,0.3072289,1,1,,0.0842369,,0.0271517,0,3.010189,,0.7757987,0.4149522
2016-NE,NE,Nebraska,2016,1,1,1,1,1,0.0017888,0.0186384,0.0044377,0.0030984,0.0393038,0.0468904,0.1850362,1,1,0.10420382,,0.06693326,,1,5.621894,0.0189943,0.8556443,0.6253982
2018-NE,NE,Nebraska,2018,1,1,1,1,1,0.00271,0.0151991,0.0032895,0.0021328,0.0932311,0.0465718,0.1714898,0.9963686,1,,0.094191,,0.0210425,1,3.748601,,0.8008748,0.5179651
2008-NH,NH,New Hampshire,2008,0,0,,,,,,,0.001764,0.0474093,0.0436164,0.1798152,0.6875,0,0.1706019,,0.02197219,,0,7.460956,0.0119488,0.8431196,0.7252814
2010-NH,NH,New Hampshire,2010,1,1,0,1,,,,,0.0014564,0.0530247,0.0428456,0.4724947,0.8125,0,,0.1123418,,0.0149181,0,,,0.7756665,0.4619778
2012-NH,NH,New Hampshire,2012,1,1,0,1,,0.0000173,,,0.0024141,0.0472792,0.0733716,0.1266404,1,0,0.15795779,,0.02003147,,0,10.68225,0.0109887,0.8415838,0.7089582
2014-NH,NH,New Hampshire,2014,1,1,0,1,,0,,,0.0015757,0.048777,0.077574,0.2033708,1,0,,0.1003753,,0.0167323,0,5.17061,,0.7832226,0.48363
2016-NH,NH,New Hampshire,2016,1,1,1,1,,0,,,0.0020629,0.0349846,0.0493827,0.1219512,1,0,0.15510112,,0.01556213,,0,5.181927,0.0152861,0.8683236,0.7142257
2018-NH,NH,New Hampshire,2018,1,1,1,1,,0,0,0,0.0020617,0.0473191,0.0647583,0.1649687,1,0,,0.1046127,,0.0135349,0,4.280653,,0.8468997,0.546473
2008-NJ,NJ,New Jersey,2008,1,1,,,,0.0453738,0.0182946,0.0046115,0.0016587,0.4337221,0.0294278,0.3158344,0.8954756,,0.19134796,,0.06595119,,0,7.351229,0.0183422,0.8546985,0.6769154
2010-NJ,NJ,New Jersey,2010,1,1,0,0,0,0.0836036,0.0080461,0.0015351,0.0015383,0.2192469,0.0453461,0.749744,1,0,,0.1155499,,0.0285609,0,,,0.8194681,0.3778218
2012-NJ,NJ,New Jersey,2012,1,1,0,0,0,0.0860244,0.0265077,0.0035571,0.0017768,0.1560629,0.0144084,0.2898931,1,0,0.1966214,,0.05321155,,0,4.718296,0.0101081,0.8654117,0.6261523
2014-NJ,NJ,New Jersey,2014,1,1,0,1,1,0.1137122,0.0083984,0.0015024,0.0028447,0.3011903,0.0280749,0.50299,1,0,,0.1095995,,0.02505,0,1.983866,,0.8119155,0.3254077
2016-NJ,NJ,New Jersey,2016,1,1,0,0,0,0.0107858,0.014174,0.0026756,0.0025161,0.1363473,0.0107421,0.18986,1,0,0.16536908,,0.04990722,,1,6.749684,0.0127814,0.8678229,0.641102
2018-NJ,NJ,New Jersey,2018,1,1,1,1,1,0.019051,0.0249298,0.0031161,0.0035997,0.2784218,0.0497097,0.237199,1,0,,0.1280748,,0.0268358,0,4.386786,,0.8601954,0.5313149
2008-NM,NM,New Mexico,2008,1,1,,,,,0.0085491,,0.0016928,,0.0201342,0.2546192,0.81182,,0.16679956,,0.06040423,,0,12.25702,0.0038483,0.8082556,0.6115862
2010-NM,NM,New Mexico,2010,1,1,0,0,1,,0.0095654,0.0019381,,0,0.0182421,0.0130293,0.8955516,1,,0.1634693,,0.037951,0,,,0.7471498,0.4307647
2012-NM,NM,New Mexico,2012,1,1,1,0,1,,0.0096773,0.0032017,0.0021323,0.0623519,0.0296384,0.3298872,0.9605955,1,0.1630815,,0.06005833,,0,4.220051,0.0035041,0.8249483,0.5491034
2014-NM,NM,New Mexico,2014,1,1,0,0,0,,0.0045029,0.0015324,0.0006048,0.1755857,0.0361174,0.3530326,0.9275535,1,,0.1341615,,0.0259376,0,5.44156,,0.7409923,0.356866
2016-NM,NM,New Mexico,2016,1,1,1,0,1,,0.0070835,0.0039325,,0.1185405,,0.2006665,0.9304778,1,0.1428771,,0.06389387,,1,5.606374,0.0071561,0.7552711,0.5480888
2018-NM,NM,New Mexico,2018,1,1,1,1,1,0.0131483,0.0058689,0.0022386,0.000344,0.1200613,0.0356696,0.1472785,0.9989402,1,,0.1049268,,0.0193683,1,3.595031,,0.7488616,0.4733722
2008-NV,NV,Nevada,2008,1,1,,,,0.0612805,0.0068071,0.0039401,0.0056215,0.0880472,0.1285561,0.3744487,0.996626,1,0.09896084,,0.09457508,,0,12.10235,0.0022381,0.7760054,0.571665
2010-NV,NV,Nevada,2010,1,1,0,1,0,0.0043834,0.0041489,0.001922,0.0013234,0.14117,0.1239316,0.2691589,0.9874724,1,,0.1019619,,0.0337136,0,,,0.7127964,0.4124534
2012-NV,NV,Nevada,2012,1,1,0,1,0,0.0390697,0.0081836,0.0047761,0.0011397,0.1497916,0.0433715,0.1792526,1,1,0.12433895,,0.08226512,,1,8.453208,0.0017174,0.7899016,0.5723161
2014-NV,NV,Nevada,2014,1,1,1,1,0,0.0942204,0.000771,0.0003674,0.0020107,0.1558947,0.0664712,0.4508639,1,1,,0.089833,,0.0266197,1,2.886995,,0.6852967,0.2900864
2016-NV,NV,Nevada,2016,1,1,1,1,1,0.1201519,0.0060763,0.0040169,0.001043,0.1559472,0.0131785,0.1365393,1,1,0.12049805,,0.04818666,,1,10.02795,0.0018201,0.8043569,0.5729783
2018-NV,NV,Nevada,2018,1,1,1,1,1,0.1137208,0.0021104,0.001963,0.0018145,0.1654658,0.0143149,0.1280832,1,1,,0.0792419,,0.0163637,1,12.90956,,0.7745912,0.4754764
2008-NY,NY,New York,2008,1,1,,,,,,,,,,,0,1,0.17072251,,0.06192229,,0,8.54381,0.0108864,0.8393219,0.5963191
2010-NY,NY,New York,2010,1,1,0,0,0,,,,,,0.253367,0.6026018,0.6675814,1,,0.1441207,,0.0256226,0,,,0.7845532,0.3627876
2012-NY,NY,New York,2012,1,1,0,0,0,,0.068903,0.0181273,,,0.1731335,0.3083219,0.8380723,1,0.16882285,,0.05321604,,1,9.53844,0.0077084,0.825425,0.5360214
2014-NY,NY,New York,2014,1,1,0,0,0,0.1340325,0.0133282,0.0055675,0.0030428,0.2509478,0.0809874,0.6618779,0.9062535,1,,0.1385575,,0.0241161,1,4.624884,,0.764596,0.2897781
2016-NY,NY,New York,2016,1,1,0,0,0,0.063343,0.0347652,0.0154981,0.002932,0.1884263,0.0822269,,0.9365531,1,0.14650241,,0.04676875,,1,8.627875,0.0102782,0.8305492,0.5681194
2018-NY,NY,New York,2018,1,1,0,0,0,0.1309017,0.0198084,0.0082212,0.0053635,0.2725475,0.1524381,0.582826,1,1,,0.1428077,,0.0325221,1,6.440816,,0.8358262,0.4524342
2008-OH,OH,Ohio,2008,1,0,,,,,0.0355628,0.0068449,0.0046072,0.0506325,0.0490007,0.1851302,0.974529,0,0.15677163,,0.08091176,,0,15.59497,0.0130494,0.8442057,0.6781785
2010-OH,OH,Ohio,2010,1,1,0,0,0,0.0231766,0.0267432,0.0029985,0.0035691,0.083099,0.0555845,0.6184102,0.9905872,1,,0.1228187,,0.047225,0,,,0.7908869,0.4621417
2012-OH,OH,Ohio,2012,1,1,0,0,0,0.0696685,0.0369445,0.0060936,0.0022813,0.0641368,0.0228531,0.2056003,0.9921069,1,0.13769524,,0.08025426,,0,11.00186,0.0091614,0.8496608,0.6515269
2014-OH,OH,Ohio,2014,1,1,0,0,0,0.0534849,0.0156393,0.0015029,0.0033481,0.1297322,0.0215274,0.3439946,0.9951113,1,,0.1119415,,0.030392,1,2.391106,,0.772956,0.3620476
2016-OH,OH,Ohio,2016,1,1,1,1,0,0.0566396,0.0276346,0.0040976,0.001817,0.0621985,0.014607,0.1940907,1,1,0.12379792,,0.05618551,,1,6.320169,0.0126781,0.8158428,0.6290922
2018-OH,OH,Ohio,2018,1,1,1,1,0,0.0624294,0.0223329,0.0026722,0.0025355,0.0862053,0.0208472,0.2152756,0.99524,1,,0.1094199,,0.0317005,1,4.362144,,0.8066664,0.5087193
2008-OK,OK,Oklahoma,2008,1,0,,,,,0.0019102,0.0015922,0.0013616,0.1699076,0.0595024,0.2772467,0.9444444,0,0.18444355,,0.0941416,,0,22.38293,,0.8108133,0.5630492
2010-OK,OK,Oklahoma,2010,1,0,0,0,0,,0.0006708,0.0005587,0.0011586,0.0809733,0.0831586,0.7196204,0.9423813,0,,0.1554832,,0.0521504,0,,,0.7027043,0.3869609
2012-OK,OK,Oklahoma,2012,1,0,0,0,0,,0.0039549,0.0026716,0.0014181,0.1564268,0.0545769,0.3106389,0.9444444,0,0.1740918,,0.09773163,,0,15.88929,0.0063333,0.7696237,0.4915721
2014-OK,OK,Oklahoma,2014,1,1,1,1,1,0.0760449,0.0019464,0.000946,0.0008672,0.2583625,0.0522293,0.8284153,1,0,,0.1344552,,0.0345127,0,4.016234,,0.7403718,0.2977914
2016-OK,OK,Oklahoma,2016,1,1,1,1,0,0.067791,0.0050317,0.0036977,0.0020232,0.170587,0.0521507,0.3447722,1,0,0.15385503,,0.07825445,,0,16.23908,,0.7826113,0.5237951
2018-OK,OK,Oklahoma,2018,1,1,1,1,1,0.0628204,0.0027663,0.0017664,0.002613,0.2624474,0.0343398,0.6977451,0.9998575,0,,0.1426,,0.0203463,1,7.196114,,0.7606827,0.4252453
2008-OR,OR,Oregon,2008,0,1,,,,,0.0017071,,0.0069996,0.1366947,,,0.6541629,1,0.09805038,,0.13361974,,0,,0.0094226,0.8504665,0.6833435
2010-OR,OR,Oregon,2010,1,1,0,1,0,,0.0008647,0.0000598,0.0086861,0.2798688,0.0768751,0.6532674,0.9049812,1,,0.0467481,,0.0941552,1,,,0.8419214,0.5389887
2012-OR,OR,Oregon,2012,1,1,1,1,0,,0.0009728,0.0000412,0.0073375,0.1704226,0.0207677,0.3434479,0.9388529,1,0.11949157,,0.13784543,,1,,0.0171584,0.8586776,0.6434369
2014-OR,OR,Oregon,2014,1,1,1,1,0,,0.0000457,6.53E-07,0.0066879,0.2882461,0.0176688,0.7394936,0.9444444,1,,0.0633121,,0.0905469,1,0.4556343,,0.8415758,0.5349874
2016-OR,OR,Oregon,2016,1,1,1,1,0,,0.0000663,0.0000317,0.0085666,0.1704226,0.019071,0.2342014,0.9444444,1,0.0895839,,0.13933808,,1,0.4887287,0.0244276,0.8863636,0.6643434
2018-OR,OR,Oregon,2018,1,1,1,1,0,,0.0000272,1.57E-06,,,0.0218968,0.5174718,0.8823529,1,,0.0767555,,0.0623466,1,0.4557241,,0.8851882,0.6151023
2008-PA,PA,Pennsylvania,2008,1,0,,,,0.3685709,0.0054186,0.0023927,0.00032,0.1132009,0.0066625,0.2062861,0.9444652,1,0.16668096,,0.05822749,,0,14.49461,0.0153798,0.8138801,0.6419321
2010-PA,PA,Pennsylvania,2010,1,1,0,0,1,0.5545776,0.0023761,0.0009188,0.0005849,0.1080918,0.0185846,0.6473984,1,1,,0.1322786,,0.0312362,0,,,0.763362,0.417215
2012-PA,PA,Pennsylvania,2012,1,1,0,0,1,0.0276397,0.0084722,0.0035026,0.000319,0.1211398,0.0188189,0.3073439,1,1,0.15651499,,0.03901308,,0,9.092713,,0.8098683,0.5935306
2014-PA,PA,Pennsylvania,2014,1,1,0,0,1,0.0461649,0.0023563,0.000814,0.0006715,0.0988652,0.0197119,0.6358365,1,1,,0.1305747,,0.0269794,0,1.464287,,0.7657499,0.3603182
2016-PA,PA,Pennsylvania,2016,1,1,0,0,1,0.09419,0.0042504,0.0015092,0.0004072,0.0889247,0.0272731,0.2450305,1,1,0.1544196,,0.03976578,,1,11.49782,,0.8205137,0.6355086
2018-PA,PA,Pennsylvania,2018,1,1,0,1,1,0.4125633,0.003247,0.0013777,0.0017229,0.0952187,0.1129127,0.7365437,0.9999772,1,,0.1334211,,0.0293026,1,5.384352,,0.8199865,0.5144293
2008-RI,RI,Rhode Island,2008,1,1,,,,,0.0015829,0.0006363,0.000181,0.0280802,,0.2053333,0.5,0,0.23239689,,0.08160677,,0,5.235795,0.0077025,0.8417301,0.6226074
2010-RI,RI,Rhode Island,2010,1,1,1,1,1,,0.0026504,0.0010567,0.0003811,0.1081912,0,0.3588111,0.9439893,0,,0.181577,,0.0446741,0,,,0.8048062,0.4489661
2012-RI,RI,Rhode Island,2012,1,1,1,1,1,,0.0052193,0.0028233,0.0007219,0.0988747,0.0017271,0.3321799,0.9455113,0,0.21198045,,0.06445334,,0,11.67514,0.0088438,0.8356545,0.5801999
2014-RI,RI,Rhode Island,2014,1,1,1,1,1,,0.0062514,0.0030362,0.0013649,0.1238387,0,0.2692308,0.9444444,0,,0.1338521,,0.0386624,0,2.535523,,0.7921281,0.4223694
2016-RI,RI,Rhode Island,2016,1,1,1,1,1,,0.00844,0.0040805,0.0022575,0.069342,0,0.1950399,0.9444444,0,0.18508898,,0.04371075,,1,8.298128,0.0116132,0.8585309,0.5904894
2018-RI,RI,Rhode Island,2018,1,1,1,1,1,,0.0100344,0.0048438,0.0019915,0.1415538,,,0.7647059,1,,0.1260464,,0.026352,1,4.73054,,0.8513975,0.4805119
2008-SC,SC,South Carolina,2008,0,1,,,,,0.0049406,0.002585,0.000559,0.0257519,0.0308621,0.26298,0.8796172,0,0.2167241,,0.07513268,,0,61.50213,0.0105646,0.8066244,0.5820379
2010-SC,SC,South Carolina,2010,1,1,0,1,1,,,,0.000474,0.0332898,0.0203602,0.2731929,0.889398,0,,0.1761461,,0.0595402,0,,,0.7775461,0.4033647
2012-SC,SC,South Carolina,2012,1,1,0,1,1,,,,0.000328,0.0317492,,0.2233468,0.8180441,0,0.21609727,,0.0607966,,1,25.17696,0.0087801,0.8249078,0.5708927
2014-SC,SC,South Carolina,2014,1,1,1,1,1,,0.0038158,0.0015805,0.0004225,0.0373182,0.0072569,0.3211823,0.9444444,1,,0.1575059,,0.0283965,1,8.403874,,0.7948049,0.3521205
2016-SC,SC,South Carolina,2016,1,1,1,1,1,,0.004753,0.0022753,0.001368,0.0217735,0.0061207,0.2037596,0.8888889,1,0.1745697,,0.04918834,,1,18.83706,0.0096803,0.8330215,0.5673478
2018-SC,SC,South Carolina,2018,1,1,1,1,1,,0.0031839,0.0012893,0.0012922,0.0929975,0.0045784,0.2136214,0.9407653,1,,0.1509566,,0.0239194,1,15.1104,,0.8084871,0.4520575
2008-SD,SD,South Dakota,2008,1,1,,,,,0.000839,,,0.0247254,,0.1427321,0.8119472,0,0.07955895,,0.07778592,,0,3.912501,0.0141283,0.8361611,0.6558928
2010-SD,SD,South Dakota,2010,1,1,1,1,0,0.0034499,0.0002268,0.0002106,0.00062,,,0.2581081,0.9694064,0,,0.0973362,,0.0471965,0,,,0.811803,0.538636
2012-SD,SD,South Dakota,2012,1,1,1,1,0,,0.0011957,0.00093,0.0004013,0.0215005,0.056005,0.2179742,0.9725954,0,0.09250011,,0.08560098,,0,4.274655,0.0129012,0.8313653,0.6014437
2014-SD,SD,South Dakota,2014,1,1,1,1,0,0.0006311,0.001733,0.0011742,0.0006119,0.0221396,0.035533,0.2959002,1,0,,0.0891181,,0.040248,0,1.934741,,0.7525272,0.44947
2016-SD,SD,South Dakota,2016,1,1,1,1,0,0.0003893,0.0010161,,0.0009652,0.0079744,0.0346166,0.3014336,0.9848165,0,0.09996125,,0.06240718,,0,4.749842,0.0234884,0.8417823,0.5846753
2018-SD,SD,South Dakota,2018,1,1,1,1,0,0.0003374,0.0008189,0.0006569,0.0009102,0.0257209,0.0183486,0.1229885,0.9991283,0,,0.1000544,,0.0476965,0,3.181791,,0.8008971,0.5325405
2008-TN,TN,Tennessee,2008,1,1,,,,,0.0016775,0.001058,0.0009786,,0.0537774,0.174034,0.8842599,0,0.17391336,,0.10324624,,0,19.43365,0.0065219,0.8022472,0.5737734
2010-TN,TN,Tennessee,2010,1,1,0,0,0,,0.0003967,0.0002561,0.0001135,0.066015,0.0387472,0.2934063,0.9799823,1,,0.1629366,,0.0495555,0,,,0.7630033,0.3465278
2012-TN,TN,Tennessee,2012,1,1,0,0,0,,0.0028583,0.0022039,0.0002476,0.0736923,0.0590969,0.2213037,0.9898868,1,0.16834518,,0.06841523,,0,13.6949,0.0087111,0.7862397,0.5261003
2014-TN,TN,Tennessee,2014,1,1,1,0,0,0.1000298,0.0010258,0.0005944,0.0000856,0.1024608,0.0365127,0.3652381,0.9955469,1,,0.1419044,,0.0389349,0,6.582538,,0.7431226,0.2856352
2016-TN,TN,Tennessee,2016,1,1,1,0,0,0.0732938,0.004592,0.0033065,0.000233,0.0923587,0.0419968,0.2111828,1,1,0.14362681,,0.07830131,,0,10.07612,0.0146326,0.7851641,0.5119066
2018-TN,TN,Tennessee,2018,1,1,1,1,0,0.1341886,0.0034727,0.0023101,0.0003771,0.0883589,0.0507086,0.2293515,0.9982665,1,,0.1520871,,0.0336428,1,9.024212,,0.7474205,0.4506859
2008-TX,TX,Texas,2008,0,1,,,,0.2131805,0.0051113,0.003938,0.0019582,0.087005,0.0644787,0.3066428,0.9739842,1,0.13463944,,0.06953745,,0,12.03378,,0.7947317,0.5410514
2010-TX,TX,Texas,2010,1,1,0,0,0,0.0697521,0.0027964,0.0021549,0.0006091,0.0833179,0.0418422,0.7475765,0.9999651,1,,0.1088155,,0.0297358,0,,,0.74959,0.3216554
2012-TX,TX,Texas,2012,1,1,0,0,0,0.0260142,0.0063533,0.005223,0.0005616,0.0634162,0.0429503,0.4736454,0.9450474,1,0.12941456,,0.06497302,,0,12.43597,,0.7708747,0.4965065
2014-TX,TX,Texas,2014,1,1,0,0,0,0.0553075,0.0045092,0.0033226,0.0011104,0.1402608,0.0825986,0.4637988,0.9749324,1,,0.0974357,,0.0286469,0,7.244992,,0.7280378,0.2834161
2016-TX,TX,Texas,2016,1,1,0,0,0,0.0542601,0.0077392,0.0063038,0.0009606,0.1022708,0.0261367,0.294544,0.9553872,1,0.1183734,,0.05324501,,1,10.97925,,0.8034688,0.5155825
2018-TX,TX,Texas,2018,1,1,1,1,0,0.0611648,0.0064964,0.004892,0.001132,0.13951,0.0718355,0.3457153,0.9751279,1,,0.0943561,,0.0269235,1,10.88633,,0.7758031,0.4634201
2008-UT,UT,Utah,2008,1,0,,,,,0.0452866,0.0071467,0.0017521,0.2500228,0.0422491,0.3119984,0.973514,1,0.14134705,,0.09332602,,0,13.73014,0.0193732,0.7581635,0.5711892
2010-UT,UT,Utah,2010,1,1,1,1,1,0.0223256,0.0298252,0.0046305,0.001742,0.307522,0.0218712,0.7217687,1,1,,0.1208855,,0.0326639,1,,,0.739888,0.3671213
2012-UT,UT,Utah,2012,1,1,1,1,1,0.0332757,0.0522787,0.0099684,0.0019559,0.225745,0.0157807,0.2831068,0.9444444,1,0.1552075,,0.10198568,,1,10.31847,0.0110285,0.7678974,0.5604429
2014-UT,UT,Utah,2014,1,1,1,1,1,,,,,,,,,1,,0.1106737,,0.0266537,1,5.049106,,0.6988709,0.3022995
2016-UT,UT,Utah,2016,1,1,1,1,1,0.0570703,0.0308281,0.0036597,0.0062823,0.2910533,0.0417854,0.4476218,0.9997488,1,0.12134106,,0.08183046,,1,8.67596,0.0076087,0.8134146,0.5668525
2018-UT,UT,Utah,2018,1,1,1,1,1,0.219197,0.0481106,0.0019122,0.0085455,,0.0130776,0.5952717,0.99897,1,,0.0744368,,0.0303814,1,7.135953,,0.7744952,0.5200223
2008-VA,VA,Virginia,2008,1,1,,,,0.0522084,0.0024944,0.0017968,0.0017925,0.0731891,0.0777565,0.2994109,0.9978397,0,0.17687869,,0.10059811,,0,28.68236,0.0078868,0.8730558,0.6755677
2010-VA,VA,Virginia,2010,1,1,1,1,1,0.0817944,0.0012978,0.0009402,0.0002809,0.0370096,0.0793238,0.17717,0.9456893,0,,0.1289763,,0.0437593,0,,,0.8318228,0.3916428
2012-VA,VA,Virginia,2012,1,1,1,1,1,0.024471,0.0033006,0.0020776,0.0005846,0.0399651,0.017418,0.1692877,0.997191,0,0.1964353,,0.07693179,,0,23.64561,0.0108696,0.8612301,0.669365
2014-VA,VA,Virginia,2014,1,1,1,1,1,0.080046,0.0012254,0.0007632,0.000265,0.0437613,0.0793238,0.1749254,1,1,,0.1256089,,0.0392442,1,2.697712,,0.8356054,0.3664995
2016-VA,VA,Virginia,2016,1,1,1,1,0,0.0853247,0.003278,0.0023937,0.0007877,0.0551317,0.0642457,0.2048427,0.9444444,1,0.1685483,,0.06501286,,1,10.4329,0.0122884,0.8652531,0.6611013
2018-VA,VA,Virginia,2018,1,1,1,1,0,0.1613905,,,0.0006189,0.0522414,0.0971768,0.2751303,0.9624531,1,,0.1170178,,0.0264758,1,5.906732,,0.8744129,0.5477038
2008-VT,VT,Vermont,2008,0,0,,,,0.0022088,0.0001018,8.99E-06,0.0037844,0.0310253,0.0598608,0.1551453,0.995383,0,0.13854671,,0.04103221,,0,2.480046,0.0068897,0.8342508,0.6771029
2010-VT,VT,Vermont,2010,0,0,0,0,0,,0.0000511,0.000017,0.0024534,0.0352284,,0.3817701,0.907802,0,,0.1157122,,0.0308131,0,,,0.830813,0.499425
2012-VT,VT,Vermont,2012,0,0,0,0,0,,0.0000652,,,0.0434572,0.0180965,0.2125,0.927192,0,0.09656254,,0.04790612,,0,1.959669,0.0082938,0.8266858,0.6086181
2014-VT,VT,Vermont,2014,1,0,0,0,0,0.0189544,0.0000593,0.0000198,0.0015744,0.0334805,0.0176391,,0.9763107,1,,0.0986467,,0.031307,0,1.582367,,0.7679332,0.388202
2016-VT,VT,Vermont,2016,1,1,1,1,0,0.0098526,0.0000343,9.36E-06,0.001657,0.0418637,0.0588772,0.0408976,1,1,0.07328805,,0.04464466,,1,1.914458,0.0168504,0.8668774,0.6366542
2018-VT,VT,Vermont,2018,1,1,1,1,1,0.0266878,0,0,0.0026864,0.0598227,0.092296,0.1117886,0.8852732,1,,0.120302,,0.0155267,1,0.7053236,,0.8497759,0.5589754
2008-WA,WA,Washington,2008,0,1,,,,,0.0175958,0.0037593,0.0081961,0.134653,0.0115889,0.2820906,0.8869602,1,0.06415436,,0.10604227,,1,,0.0113,0.8419077,0.6734219
2010-WA,WA,Washington,2010,1,1,1,0,0,,0.0023624,0.0005882,0.0133568,0.2743367,0.0130172,0.6048741,0.965042,1,,0.0575594,,0.1018375,1,,,0.8272324,0.5432788
2012-WA,WA,Washington,2012,1,1,1,0,0,0.0116896,0.0021307,0.0009512,0.0093492,0.1806237,0.0110057,0.3665684,1,1,0.03453196,,0.11444009,,1,,0.0149461,0.8401185,0.6504631
2014-WA,WA,Washington,2014,1,1,1,1,0,0.0085715,0.0005595,0.000079,0.0126027,0.451114,0.0140068,0.7242826,1,1,,0.048343,,0.0961545,1,0.406409,,0.8169056,0.4311258
2016-WA,WA,Washington,2016,1,1,1,1,,,0.0018371,0.0004915,0.0090122,0.2271248,0.0215077,0.4261517,0.9916472,1,0.03416906,,0.08854693,,1,1.473638,0.0138085,0.8716176,0.6476299
2018-WA,WA,Washington,2018,1,1,1,1,0,0.0042041,0.0005796,0.0002694,0.0103167,,0.0150698,0.5635533,1,1,,0.0606328,,0.0759429,1,2.604187,,0.8551809,0.5894154
2008-WI,WI,Wisconsin,2008,1,1,,,,,0.0000704,0.000039,0.000914,0.0532762,0.0392338,0.3104991,0.8815994,1,0.17287897,,0.00817329,,0,7.936197,0.0044887,0.8691568,0.7273256
2010-WI,WI,Wisconsin,2010,1,1,1,1,1,,0.0000293,0.0000151,0.0013226,0.0581792,0.1207883,0.641403,0.8888889,1,,0.1109217,,0.0163047,0,,,0.8110377,0.5206403
2012-WI,WI,Wisconsin,2012,1,1,1,1,1,0.001222,0.0000446,0.000025,0.0013365,0.0669222,0.0706578,0.3358462,0.9990603,1,0.22164091,,0.01235712,,0,8.215319,0.0029845,0.8777779,0.7247142
2014-WI,WI,Wisconsin,2014,1,1,1,1,1,0.0017995,0.0000223,0.0000153,0.0006151,0.0236232,0.0547718,0.3756098,1,1,,0.1207526,,0.0161529,0,2.691705,,0.8183228,0.5651133
2016-WI,WI,Wisconsin,2016,1,1,1,1,1,,0.0002513,0.0002005,0.0000949,0.1187188,0.0070181,0.3148288,0.9444444,1,0.15927273,,0.018562,,1,6.107525,0.0092744,0.8416695,0.694013
2018-WI,WI,Wisconsin,2018,1,1,1,1,1,,0.0001733,0.0001168,0.0009567,0.121292,0.091161,0.3235239,0.937614,1,,0.1197291,,0.0096703,1,6.090339,,0.8288305,0.6167786
2008-WV,WV,West Virginia,2008,1,1,,,,,,,,,,,0.7684922,1,0.22706275,,0.04861556,,0,15.01558,0.0316884,0.7814252,0.511515
2010-WV,WV,West Virginia,2010,1,1,0,0,0,0.004614,,0.0019609,0.0011364,0.5156485,,0.3326752,0.813571,1,,0.1675862,,0.0328348,0,,,0.7490252,0.3670486
2012-WV,WV,West Virginia,2012,1,1,0,1,1,,,,,,0.0017847,0.2078228,0.9601688,1,0.22853476,,0.04861714,,0,9.792584,0.0213969,0.7887503,0.4632806
2014-WV,WV,West Virginia,2014,1,1,0,1,1,0.0049425,0.0068767,0.0020006,0.000108,0.093262,0.0251572,0.3291139,1,1,,0.1780774,,0.0348437,0,3.771747,,0.7566219,0.3116668
2016-WV,WV,West Virginia,2016,1,1,1,1,1,0.0018604,0.0045022,0.0011019,0.0004656,0.087421,0.0092065,0.2346984,0.9995461,1,0.21788637,,0.05175994,,1,7.294493,0.015196,0.7749061,0.5010111
2018-WV,WV,West Virginia,2018,1,1,1,1,1,0.003759,0.0083832,0.0035759,0.0001757,0.1426677,0.0097222,0.1438763,0.9966361,1,,0.1642776,,0.0307472,1,6.583784,,0.7783936,0.4249378
2008-WY,WY,Wyoming,2008,1,0,,,,,,,0.0008827,0.0275452,,0.2339181,0.8834472,0,0.12815282,,0.05982095,,0,5.620379,0.0053494,0.7828825,0.6310446
2010-WY,WY,Wyoming,2010,1,0,0,0,0,,,,0.0011267,0.0447299,0.0338983,0.483023,0.8937522,1,,0.1332978,,0.0209434,0,,,0.7250256,0.4580802
2012-WY,WY,Wyoming,2012,1,0,0,0,0,,,,0.000706,0.026823,0.0326158,0.2848958,0.9005393,1,0.11532616,,0.04179411,,0,4.516539,0.0065417,0.7467319,0.5929766
2014-WY,WY,Wyoming,2014,1,0,0,0,0,,,,0.0014724,0.0400125,0.0332226,0.4646098,0.8959528,1,,0.113828,,0.0193622,0,2.759438,,0.6744344,0.393362
2016-WY,WY,Wyoming,2016,1,0,0,0,0,,0.0001871,0.0001091,0.0007172,0.032028,0.022508,0.2211704,0.9444444,1,0.07836531,,0.03310362,,0,5.730819,0.0113568,0.7951592,0.5973827
2018-WY,WY,Wyoming,2018,1,1,0,0,0,,0.0001461,0.0000341,0.0012179,0.0301594,0.0603865,0.2724077,0.9444444,1,,0.1003753,,0.0225553,0,2.375983,,0.7501949,0.4867543
