State,total_ballots_counted,Voting_Eligible_Population,Voting_Eligibile_Population
Alabama,1191274,3588783,"3,588,783"
Alaska,285431,520562,"520,562"
Arizona,1537671,4510186,"4,510,186"
Arkansas,852642,2117881,"2,117,881"
California,7513972,24440416,"24,440,416"
Colorado,2080071,3800664,"3,800,664"
Connecticut,1096556,2577311,"2,577,311"
Delaware,238110,681526,"681,526"
District of Columbia,177176,495899,"495,899"
Florida,6026802,13914216,"13,914,216"
Georgia,2596947,6725041,"6,725,041"
Hawaii,369554,1012123,"1,012,123"
Idaho,445307,1119882,"1,119,882"
Illinois,3680417,9028752,"9,028,752"
Indiana,1387622,4829510,"4,829,510"
Iowa,1142284,2269179,"2,269,179"
Kansas,887023,2048164,"2,048,164"
Kentucky,1459409,3247300,"3,247,300"
Louisiana,1503975,3349433,"3,349,433"
Maine,616996,1051557,"1,051,557"
Maryland,1745104,4154546,"4,154,546"
Massachusetts,2186789,4896296,"4,896,296"
Michigan,3188956,7383958,"7,383,958"
Minnesota,1992613,3935121,"3,935,121"
Mississippi,0,2181131,"2,181,131"
Missouri,1509025,4493722,"4,493,722"
Montana,373831,787748,"787,748"
Nebraska,552115,1334453,"1,334,453"
Nevada,552546,1867644,"1,867,644"
New Hampshire,495565,1025862,"1,025,862"
New Jersey,1955042,6014127,"6,014,127"
New Mexico,0,1449503,"1,449,503"
New York,3930310,13553426,"13,553,426"
North Carolina,2939767,7143737,"7,143,737"
North Dakota,255128,567221,"567,221"
Ohio,3149876,8701243,"8,701,243"
Oklahoma,825607,2755091,"2,755,091"
Oregon,1541782,2887517,"2,887,517"
Pennsylvania,3535576,9689491,"9,689,491"
Rhode Island,329212,776286,"776,286"
South Carolina,1261611,3584461,"3,584,461"
South Dakota,282291,630989,"630,989"
Tennessee,1430117,4799476,"4,799,476"
Texas,0,16675420,"16,675,420"
Utah,577973,1905801,"1,905,801"
Vermont,202445,495884,"495,884"
Virginia,2194346,5962456,"5,962,456"
Washington,2123901,4928407,"4,928,407"
West Virginia,462864,1447652,"1,447,652"
Wisconsin,2422248,4260427,"4,260,427"
Wyoming,171153,431434,"431,434"
United States,130292355,222474111,"222,474,111"
Alabama,0,3539217,"3,539,217"
Alaska,301694,511792,"511,792"
Arizona,2323579,4387900,"4,387,900"
Arkansas,1078548,2109847,"2,109,847"
California,13202158,23681837,"23,681,837"
Colorado,2596173,3675871,"3,675,871"
Connecticut,1560640,2543202,"2,543,202"
Delaware,0,663967,"663,967"
District of Columbia,294254,477582,"477,582"
Florida,8538264,13495057,"13,495,057"
Georgia,3919355,6606607,"6,606,607"
Hawaii,437159,982902,"982,902"
Idaho,666290,1091410,"1,091,410"
Illinois,5279752,8899143,"8,899,143"
Indiana,2663368,4755291,"4,755,291"
Iowa,1589951,2251748,"2,251,748"
Kansas,1182771,2030686,"2,030,686"
Kentucky,1815843,3229185,"3,229,185"
Louisiana,2014548,3311626,"3,311,626"
Maine,724758,1046008,"1,046,008"
Maryland,2734062,4063582,"4,063,582"
Massachusetts,3184196,4809675,"4,809,675"
Michigan,4780701,7312725,"7,312,725"
Minnesota,2950780,3861598,"3,861,598"
Mississippi,0,2166825,"2,166,825"
Missouri,0,4432957,"4,432,957"
Montana,491966,774476,"774,476"
Nebraska,804245,1316915,"1,316,915"
Nevada,1016664,1800969,"1,800,969"
New Hampshire,718700,1013420,"1,013,420"
New Jersey,3683638,5918182,"5,918,182"
New Mexico,786522,1436363,"1,436,363"
New York,7128852,13324107,"13,324,107"
North Carolina,4542488,6947954,"6,947,954"
North Dakota,325564,539164,"539,164"
Ohio,5632423,8649495,"8,649,495"
Oklahoma,0,2713268,"2,713,268"
Oregon,1820507,2836101,"2,836,101"
Pennsylvania,0,9651432,"9,651,432"
Rhode Island,0,768918,"768,918"
South Carolina,1981516,3486838,"3,486,838"
South Dakota,368270,613190,"613,190"
Tennessee,2478870,4736084,"4,736,084"
Texas,0,16119973,"16,119,973"
Utah,1028786,1833339,"1,833,339"
Vermont,301793,493355,"493,355"
Virginia,3888186,5834676,"5,834,676"
Washington,3172939,4822060,"4,822,060"
West Virginia,0,1447066,"1,447,066"
Wisconsin,0,4209370,"4,209,370"
Wyoming,250701,425142,"425,142"
United States,90912015,217551109,"217,551,109"
Alabama,1503232,3472582,"3,472,582"
Alaska,261128,493764,"493,764"
Arizona,1750840,4209544,"4,209,544"
Arkansas,789773,2081156,"2,081,156"
California,10529134,22946053,"22,946,053"
Colorado,1828323,3533054,"3,533,054"
Connecticut,1153872,2512981,"2,512,981"
Delaware,316754,646969,"646,969"
District of Columbia,135846,458619,"458,619"
Florida,5473787,12961184,"12,961,184"
Georgia,2623035,6464845,"6,464,845"
Hawaii,386302,959531,"959,531"
Idaho,459079,1069446,"1,069,446"
Illinois,3792770,8798829,"8,798,829"
Indiana,1791832,4697111,"4,697,111"
Iowa,1133429,2234516,"2,234,516"
Kansas,857658,2011497,"2,011,497"
Kentucky,1417995,3198093,"3,198,093"
Louisiana,1298649,3249524,"3,249,524"
Maine,580584,1038201,"1,038,201"
Maryland,1868179,4001034,"4,001,034"
Massachusetts,2319963,4693670,"4,693,670"
Michigan,3268217,7245281,"7,245,281"
Minnesota,2123369,3802677,"3,802,677"
Mississippi,0,2129334,"2,129,334"
Missouri,1997271,4366435,"4,366,435"
Montana,367096,758653,"758,653"
Nebraska,503514,1301483,"1,301,483"
Nevada,723515,1747288,"1,747,288"
New Hampshire,461423,999918,"999,918"
New Jersey,2200974,5834037,"5,834,037"
New Mexico,630013,1408872,"1,408,872"
New York,4763899,13135048,"13,135,048"
North Carolina,2700706,6785463,"6,785,463"
North Dakota,241039,516974,"516,974"
Ohio,3956028,8571952,"8,571,952"
Oklahoma,1043507,2666767,"2,666,767"
Oregon,1487210,2760607,"2,760,607"
Pennsylvania,4055336,9565822,"9,565,822"
Rhode Island,346357,763534,"763,534"
South Carolina,1365480,3388417,"3,388,417"
South Dakota,323410,599507,"599,507"
Tennessee,1620619,4622919,"4,622,919"
Texas,5066957,15514007,"15,514,007"
Utah,653274,1772934,"1,772,934"
Vermont,243617,488942,"488,942"
Virginia,2214505,5660589,"5,660,589"
Washington,2565589,4724350,"4,724,350"
West Virginia,536493,1442003,"1,442,003"
Wisconsin,2185021,4172130,"4,172,130"
Wyoming,190822,414536,"414,536"
United States,132609063,213313508,"213,313,508"
Alabama,2105622,3454510,"3,454,510"
Alaska,327341,479429,"479,429"
Arizona,2320851,4046075,"4,046,075"
Arkansas,1095958,2071563,"2,071,563"
California,13743177,22261504,"22,261,504"
Colorado,2422236,3382959,"3,382,959"
Connecticut,0,2471082,"2,471,082"
Delaware,413562,628200,"628,200"
District of Columbia,266871,432566,"432,566"
Florida,8453743,12687407,"12,687,407"
Georgia,3940705,6281872,"6,281,872"
Hawaii,456064,930067,"930,067"
Idaho,667506,1029416,"1,029,416"
Illinois,5578195,8681138,"8,681,138"
Indiana,2805986,4653019,"4,653,019"
Iowa,1543662,2216094,"2,216,094"
Kansas,1264208,1991759,"1,991,759"
Kentucky,1858578,3152629,"3,152,629"
Louisiana,1979852,3205794,"3,205,794"
Maine,744456,1036242,"1,036,242"
Maryland,2661905,3925117,"3,925,117"
Massachusetts,3102995,4612550,"4,612,550"
Michigan,5039080,7229512,"7,229,512"
Minnesota,2921147,3740142,"3,740,142"
Mississippi,0,2113347,"2,113,347"
Missouri,2950504,4327572,"4,327,572"
Montana,497599,741853,"741,853"
Nebraska,811923,1274719,"1,274,719"
Nevada,970019,1696831,"1,696,831"
New Hampshire,719643,992226,"992,226"
New Jersey,3910220,5776527,"5,776,527"
New Mexico,833365,1362629,"1,362,629"
New York,7721718,12948969,"12,948,969"
North Carolina,4354571,6584302,"6,584,302"
North Dakota,321133,504762,"504,762"
Ohio,5773777,8513079,"8,513,079"
Oklahoma,1474694,2619121,"2,619,121"
Oregon,1845251,2700327,"2,700,327"
Pennsylvania,6071357,9457942,"9,457,942"
Rhode Island,475428,763608,"763,608"
South Carolina,1927153,3311044,"3,311,044"
South Dakota,387449,590720,"590,720"
Tennessee,2618238,4563192,"4,563,192"
Texas,0,14929810,"14,929,810"
Utah,971185,1700286,"1,700,286"
Vermont,326822,482677,"482,677"
Virginia,3753059,5555415,"5,555,415"
Washington,3071587,4561163,"4,561,163"
West Virginia,731691,1430439,"1,430,439"
Wisconsin,2997086,4120694,"4,120,694"
Wyoming,256035,405732,"405,732"
United States,85769132,207643594,"207,643,594"
Alabama,0,3338467,"3,338,467"
Alaska,238307,465169,"465,169"
Arizona,1553032,3923786,"3,923,786"
Arkansas,780409,2004193,"2,004,193"
California,8899059,21582217,"21,582,217"
Colorado,1586105,3297308,"3,297,308"
Connecticut,1162391,2437559,"2,437,559"
Delaware,258053,601341,"601,341"
District of Columbia,122356,426612,"426,612"
Florida,4884544,12187858,"12,187,858"
Georgia,2143845,6115331,"6,115,331"
Hawaii,348988,908925,"908,925"
Idaho,458927,993010,"993,010"
Illinois,3586292,8667453,"8,667,453"
Indiana,1719351,4559294,"4,559,294"
Iowa,1071509,2178322,"2,178,322"
Kansas,864083,1948850,"1,948,850"
Kentucky,1370062,3100828,"3,100,828"
Louisiana,954896,3043573,"3,043,573"
Maine,0,1016287,"1,016,287"
Maryland,1809237,3833349,"3,833,349"
Massachusetts,2243835,4552794,"4,552,794"
Michigan,3852008,7292624,"7,292,624"
Minnesota,2217552,3667707,"3,667,707"
Mississippi,0,2077420,"2,077,420"
Missouri,2178278,4253541,"4,253,541"
Montana,411061,720447,"720,447"
Nebraska,610499,1251027,"1,251,027"
Nevada,586274,1579222,"1,579,222"
New Hampshire,418550,975281,"975,281"
New Jersey,2315643,5701033,"5,701,033"
New Mexico,568597,1320285,"1,320,285"
New York,4703830,12878632,"12,878,632"
North Carolina,2036451,6264630,"6,264,630"
North Dakota,220479,486142,"486,142"
Ohio,4184072,8461211,"8,461,211"
Oklahoma,0,2547224,"2,547,224"
Oregon,1399650,2628937,"2,628,937"
Pennsylvania,0,9283762,"9,283,762"
Rhode Island,392882,754219,"754,219"
South Carolina,1117311,3152046,"3,152,046"
South Dakota,341105,580592,"580,592"
Tennessee,1868363,4433921,"4,433,921"
Texas,0,14255313,"14,255,313"
Utah,582561,1664323,"1,664,323"
Vermont,263025,478247,"478,247"
Virginia,2398589,5385522,"5,385,522"
Washington,2085074,4403981,"4,403,981"
West Virginia,473014,1401490,"1,401,490"
Wisconsin,2183155,4064432,"4,064,432"
Wyoming,196217,379127,"379,127"
United States,123535883,203483455,"203,483,455"
Alabama,1890317,3292608,"3,292,608"
Alaska,314502,452124,"452,124"
Arizona,2038069,3717055,"3,717,055"
Arkansas,1070573,1969208,"1,969,208"
California,12589367,21132533,"21,132,533"
Colorado,2148036,3192647,"3,192,647"
Connecticut,1607808,2429634,"2,429,634"
Delaware,377407,584817,"584,817"
District of Columbia,230105,419142,"419,142"
Florida,7640319,11811921,"11,811,921"
Georgia,3317336,5878186,"5,878,186"
Hawaii,431662,889540,"889,540"
Idaho,612786,946160,"946,160"
Illinois,5350493,8576696,"8,576,696"
Indiana,2512142,4504260,"4,504,260"
Iowa,1521966,2156389,"2,156,389"
Kansas,1213108,1928764,"1,928,764"
Kentucky,1816867,3057741,"3,057,741"
Louisiana,1956590,3182762,"3,182,762"
Maine,751519,1003792,"1,003,792"
Maryland,2395791,3797264,"3,797,264"
Massachusetts,2927455,4533859,"4,533,859"
Michigan,4875692,7263024,"7,263,024"
Minnesota,2842912,3609185,"3,609,185"
Mississippi,0,2068766,"2,068,766"
Missouri,2764635,4180960,"4,180,960"
Montana,456096,699114,"699,114"
Nebraska,792906,1236522,"1,236,522"
Nevada,831563,1501437,"1,501,437"
New Hampshire,683672,956422,"956,422"
New Jersey,3638153,5663201,"5,663,201"
New Mexico,775301,1282767,"1,282,767"
New York,7448266,12738056,"12,738,056"
North Carolina,3552449,6055771,"6,055,771"
North Dakota,316049,482722,"482,722"
Ohio,5722443,8427696,"8,427,696"
Oklahoma,0,2510823,"2,510,823"
Oregon,1851671,2550887,"2,550,887"
Pennsylvania,0,9221962,"9,221,962"
Rhode Island,440228,747046,"747,046"
South Carolina,1626720,3055098,"3,055,098"
South Dakota,394930,569161,"569,161"
Tennessee,2456610,4328446,"4,328,446"
Texas,0,13796256,"13,796,256"
Utah,942010,1574463,"1,574,463"
Vermont,314220,470754,"470,754"
Virginia,3223156,5277156,"5,277,156"
Washington,2883499,4272914,"4,272,914"
West Virginia,769645,1396545,"1,396,545"
Wisconsin,3016288,4006948,"4,006,948"
Wyoming,245789,370785,"370,785"
United States,80295249,198381939,"198,381,939"
Alabama,0,3285643,"3,285,643"
Alaska,232852,427337,"427,337"
Arizona,1255615,3419481,"3,419,481"
Arkansas,814176,1951568,"1,951,568"
California,7738821,20733192,"20,733,192"
Colorado,1424029,3056465,"3,056,465"
Connecticut,1090756,2418037,"2,418,037"
Delaware,0,564938,"564,938"
District of Columbia,0,412062,"412,062"
Florida,5143674,11194391,"11,194,391"
Georgia,0,5731983,"5,731,983"
Hawaii,385462,872992,"872,992"
Idaho,416533,921256,"921,256"
Illinois,3651808,8540965,"8,540,965"
Indiana,1562037,4494191,"4,494,191"
Iowa,1040201,2136683,"2,136,683"
Kansas,851966,1897261,"1,897,261"
Kentucky,0,3044267,"3,044,267"
Louisiana,1267225,3163663,"3,163,663"
Maine,0,995056,"995,056"
Maryland,1721626,3678346,"3,678,346"
Massachusetts,2220301,4458820,"4,458,820"
Michigan,3219864,7147888,"7,147,888"
Minnesota,0,3518184,"3,518,184"
Mississippi,0,2047426,"2,047,426"
Missouri,0,4116889,"4,116,889"
Montana,340272,684572,"684,572"
Nebraska,0,1204512,"1,204,512"
Nevada,512433,1391100,"1,391,100"
New Hampshire,453078,930362,"930,362"
New Jersey,2161105,5549726,"5,549,726"
New Mexico,502230,1255086,"1,255,086"
New York,4690968,12679865,"12,679,865"
North Carolina,0,5876705,"5,876,705"
North Dakota,237224,476251,"476,251"
Ohio,3356285,8322521,"8,322,521"
Oklahoma,0,2513143,"2,513,143"
Oregon,1293756,2495739,"2,495,739"
Pennsylvania,0,9143001,"9,143,001"
Rhode Island,337027,741776,"741,776"
South Carolina,0,2982810,"2,982,810"
South Dakota,340407,556154,"556,154"
Tennessee,0,4151834,"4,151,834"
Texas,4552059,13181016,"13,181,016"
Utah,568290,1504529,"1,504,529"
Vermont,232993,471403,"471,403"
Virginia,1661915,5138270,"5,138,270"
Washington,1808720,4162032,"4,162,032"
West Virginia,440156,1398124,"1,398,124"
Wisconsin,0,3908088,"3,908,088"
Wyoming,188028,370488,"370,488"
United States,107390107,194331436,"194,331,436"
Alabama,0,3241682,"3,241,682"
Alaska,287825,419111,"419,111"
Arizona,1559520,3357701,"3,357,701"
Arkansas,0,1925961,"1,925,961"
California,11142843,19685258,"19,685,258"
Colorado,0,3026316,"3,026,316"
Connecticut,1474103,2357687,"2,357,687"
Delaware,0,554863,"554,863"
District of Columbia,0,416696,"416,696"
Florida,6138765,10667193,"10,667,193"
Georgia,2684951,5639668,"5,639,668"
Hawaii,371113,832642,"832,642"
Idaho,516647,877406,"877,406"
Illinois,4932192,8432600,"8,432,600"
Indiana,2246348,4424909,"4,424,909"
Iowa,0,2082950,"2,082,950"
Kansas,1092716,1927950,"1,927,950"
Kentucky,1568058,2955628,"2,955,628"
Louisiana,1776133,3130267,"3,130,267"
Maine,0,969292,"969,292"
Maryland,2036455,3649631,"3,649,631"
Massachusetts,2736006,4517052,"4,517,052"
Michigan,4279299,7070702,"7,070,702"
Minnesota,2458303,3506432,"3,506,432"
Mississippi,0,2024650,"2,024,650"
Missouri,0,4052255,"4,052,255"
Montana,417916,667525,"667,525"
Nebraska,707223,1224178,"1,224,178"
Nevada,613360,1346116,"1,346,116"
New Hampshire,578656,890622,"890,622"
New Jersey,3293378,5601788,"5,601,788"
New Mexico,615607,1234088,"1,234,088"
New York,6960215,12380208,"12,380,208"
North Carolina,3015964,5744241,"5,744,241"
North Dakota,292249,477968,"477,968"
Ohio,4795989,8295592,"8,295,592"
Oklahoma,0,2475220,"2,475,220"
Oregon,1559215,2364402,"2,364,402"
Pennsylvania,0,9086897,"9,086,897"
Rhode Island,412074,753877,"753,877"
South Carolina,1433533,2944326,"2,944,326"
South Dakota,322159,548498,"548,498"
Tennessee,2100241,4162996,"4,162,996"
Texas,6407637,13033081,"13,033,081"
Utah,784582,1431668,"1,431,668"
Vermont,297146,459174,"459,174"
Virginia,2789808,5069265,"5,069,265"
Washington,2517028,4098044,"4,098,044"
West Virginia,0,1390365,"1,390,365"
Wisconsin,0,3842044,"3,842,044"
Wyoming,221685,361078,"361,078"
United States,74825832,190419570,"190,419,570"
Alabama,0,3202052,"3,202,052"
Alaska,227156,408758,"408,758"
Arizona,1037550,3232815,"3,232,815"
Arkansas,0,1882181,"1,882,181"
California,8617649,19264556,"19,264,556"
Colorado,0,2879973,"2,879,973"
Connecticut,1022453,2340956,"2,340,956"
Delaware,0,540896,"540,896"
District of Columbia,137523,398318,"398,318"
Florida,4070262,10590870,"10,590,870"
Georgia,1842145,5326337,"5,326,337"
Hawaii,412520,832172,"832,172"
Idaho,386720,843914,"843,914"
Illinois,3541379,8285614,"8,285,614"
Indiana,1618689,4348730,"4,348,730"
Iowa,973032,2112132,"2,112,132"
Kansas,743288,1873438,"1,873,438"
Kentucky,1215053,2930780,"2,930,780"
Louisiana,990243,3097660,"3,097,660"
Maine,0,943577,"943,577"
Maryland,1556994,3571087,"3,571,087"
Massachusetts,1935277,4430939,"4,430,939"
Michigan,3143432,7005306,"7,005,306"
Minnesota,2105343,3378089,"3,378,089"
Mississippi,0,1995283,"1,995,283"
Missouri,0,3978146,"3,978,146"
Montana,338733,653998,"653,998"
Nebraska,581775,1197953,"1,197,953"
Nevada,440042,1233386,"1,233,386"
New Hampshire,330555,878508,"878,508"
New Jersey,1894496,5505229,"5,505,229"
New Mexico,517355,1199320,"1,199,320"
New York,4989877,12263356,"12,263,356"
North Carolina,0,5624292,"5,624,292"
North Dakota,217584,475629,"475,629"
Ohio,3534782,8237516,"8,237,516"
Oklahoma,0,2415036,"2,415,036"
Oregon,1160400,2370381,"2,370,381"
Pennsylvania,0,9075961,"9,075,961"
Rhode Island,309835,723772,"723,772"
South Carolina,1092430,2825173,"2,825,173"
South Dakota,266355,534711,"534,711"
Tennessee,1026017,4092745,"4,092,745"
Texas,0,12490423,"12,490,423"
Utah,506553,1381989,"1,381,989"
Vermont,224382,444772,"444,772"
Virginia,0,4900523,"4,900,523"
Washington,1939421,3930400,"3,930,400"
West Virginia,405139,1388176,"1,388,176"
Wisconsin,0,3801514,"3,801,514"
Wyoming,178401,350136,"350,136"
United States,0,186347044,"186,347,044"
Alabama,0,3144249,"3,144,249"
Alaska,245212,404180,"404,180"
Arizona,1431342,3079908,"3,079,908"
Arkansas,0,1844689,"1,844,689"
California,10263490,18644593,"18,644,593"
Colorado,0,2770252,"2,770,252"
Connecticut,1410746,2337160,"2,337,160"
Delaware,277418,528630,"528,630"
District of Columbia,189210,398839,"398,839"
Florida,5444245,10219294,"10,219,294"
Georgia,2374650,5181708,"5,181,708"
Hawaii,370230,820055,"820,055"
Idaho,508030,825329,"825,329"
Illinois,4418270,8215662,"8,215,662"
Indiana,2195224,4302745,"4,302,745"
Iowa,1251983,2098332,"2,098,332"
Kansas,1073520,1856507,"1,856,507"
Kentucky,1419592,2880808,"2,880,808"
Louisiana,1804640,3087693,"3,087,693"
Maine,0,929970,"929,970"
Maryland,1793991,3530148,"3,530,148"
Massachusetts,2600278,4385268,"4,385,268"
Michigan,3912261,6954059,"6,954,059"
Minnesota,2211161,3319509,"3,319,509"
Mississippi,0,1949309,"1,949,309"
Missouri,0,3919885,"3,919,885"
Montana,417232,645052,"645,052"
Nebraska,686749,1188034,"1,188,034"
Nevada,467657,1134065,"1,134,065"
New Hampshire,513700,855287,"855,287"
New Jersey,3105110,5456334,"5,456,334"
New Mexico,579763,1172262,"1,172,262"
New York,6439129,12175850,"12,175,850"
North Carolina,0,5435970,"5,435,970"
North Dakota,271850,475898,"475,898"
Ohio,4638108,8185999,"8,185,999"
Oklahoma,1218248,2368311,"2,368,311"
Oregon,1399180,2309051,"2,309,051"
Pennsylvania,0,9063470,"9,063,470"
Rhode Island,0,717041,"717,041"
South Carolina,1203486,2731064,"2,731,064"
South Dakota,329316,529793,"529,793"
Tennessee,0,3984092,"3,984,092"
Texas,0,12072149,"12,072,149"
Utah,691016,1326919,"1,326,919"
Vermont,261469,435687,"435,687"
Virginia,2468229,4811632,"4,811,632"
Washington,2293895,3829308,"3,829,308"
West Virginia,653331,1386621,"1,386,621"
Wisconsin,0,3763240,"3,763,240"
Wyoming,215844,345112,"345,112"
United States,0,182623348,"182,623,348"
Alabama,0,3095745,"3,095,745"
Alaska,216668,399435,"399,435"
Arizona,1153724,2892171,"2,892,171"
Arkansas,0,1801161,"1,801,161"
California,8900593,18479124,"18,479,124"
Colorado,1173130,2648684,"2,648,684"
Connecticut,1163829,2335579,"2,335,579"
Delaware,201560,512941,"512,941"
District of Columbia,186316,411886,"411,886"
Florida,4305340,9810247,"9,810,247"
Georgia,0,4978431,"4,978,431"
Hawaii,377011,808904,"808,904"
Idaho,419330,784076,"784,076"
Illinois,3219122,8175312,"8,175,312"
Indiana,1609481,4235008,"4,235,008"
Iowa,1022372,2077709,"2,077,709"
Kansas,836251,1837694,"1,837,694"
Kentucky,827541,2829881,"2,829,881"
Louisiana,893758,3038660,"3,038,660"
Maine,0,918204,"918,204"
Maryland,1437450,3480270,"3,480,270"
Massachusetts,2232186,4353287,"4,353,287"
Michigan,3177740,6856388,"6,856,388"
Minnesota,1794618,3253779,"3,253,779"
Mississippi,621096,1903794,"1,903,794"
Missouri,0,3858946,"3,858,946"
Montana,359455,622246,"622,246"
Nebraska,593654,1164502,"1,164,502"
Nevada,386582,1032456,"1,032,456"
New Hampshire,319443,829590,"829,590"
New Jersey,2131328,5392423,"5,392,423"
New Mexico,485709,1128243,"1,128,243"
New York,5325323,12192316,"12,192,316"
North Carolina,0,5244552,"5,244,552"
North Dakota,240430,468989,"468,989"
Ohio,3540954,8132122,"8,132,122"
Oklahoma,1002363,2327519,"2,327,519"
Oregon,1254265,2229242,"2,229,242"
Pennsylvania,0,9043585,"9,043,585"
Rhode Island,0,716002,"716,002"
South Carolina,951901,2663830,"2,663,830"
South Dakota,318090,518815,"518,815"
Tennessee,0,3850228,"3,850,228"
Texas,0,11719888,"11,719,888"
Utah,532737,1248726,"1,248,726"
Vermont,216715,426953,"426,953"
Virginia,0,4718968,"4,718,968"
Washington,1733471,3715174,"3,715,174"
West Virginia,439551,1379339,"1,379,339"
Wisconsin,0,3692668,"3,692,668"
Wyoming,204025,337032,"337,032"
United States,0,179655523,"179,655,523"
Alabama,0,3030549,"3,030,549"
Alaska,261427,389898,"389,898"
Arizona,1516276,2671933,"2,671,933"
Arkansas,0,1751083,"1,751,083"
California,11374565,18460157,"18,460,157"
Colorado,1597166,2494998,"2,494,998"
Connecticut,1645609,2356937,"2,356,937"
Delaware,290836,499266,"499,266"
District of Columbia,231445,427102,"427,102"
Florida,5438612,9506230,"9,506,230"
Georgia,0,4766958,"4,766,958"
Hawaii,382882,795148,"795,148"
Idaho,491725,734855,"734,855"
Illinois,5164357,8113900,"8,113,900"
Indiana,2347912,4162678,"4,162,678"
Iowa,1360856,2057690,"2,057,690"
Kansas,1161044,1810750,"1,810,750"
Kentucky,0,2772600,"2,772,600"
Louisiana,1799596,2997301,"2,997,301"
Maine,0,915082,"915,082"
Maryland,1999486,3440015,"3,440,015"
Massachusetts,2822962,4346897,"4,346,897"
Michigan,4341909,6786593,"6,786,593"
Minnesota,2355796,3187255,"3,187,255"
Mississippi,1008019,1854797,"1,854,797"
Missouri,0,3792675,"3,792,675"
Montana,417564,593345,"593,345"
Nebraska,744548,1149525,"1,149,525"
Nevada,513387,940066,"940,066"
New Hampshire,545197,814160,"814,160"
New Jersey,3348312,5398559,"5,398,559"
New Mexico,590901,1073421,"1,073,421"
New York,7068630,12227775,"12,227,775"
North Carolina,0,5077494,"5,077,494"
North Dakota,315199,462631,"462,631"
Ohio,5043094,8063595,"8,063,595"
Oklahoma,1455635,2293931,"2,293,931"
Oregon,1498959,2144867,"2,144,867"
Pennsylvania,0,9010940,"9,010,940"
Rhode Island,0,721593,"721,593"
South Carolina,1234712,2610725,"2,610,725"
South Dakota,0,503759,"503,759"
Tennessee,0,3726024,"3,726,024"
Texas,0,11356487,"11,356,487"
Utah,784988,1162363,"1,162,363"
Vermont,292797,419810,"419,810"
Virginia,0,4622125,"4,622,125"
Washington,2324907,3575852,"3,575,852"
West Virginia,0,1365368,"1,365,368"
Wisconsin,0,3619273,"3,619,273"
Wyoming,203602,324253,"324,253"
United States,0,176629259,"176,629,259"
Alabama,0,2956385,"2,956,385"
Alaska,197540,364419,"364,419"
Arizona,1094735,2523614,"2,523,614"
Arkansas,0,1710799,"1,710,799"
California,7899131,18156500,"18,156,500"
Colorado,1046139,2366650,"2,366,650"
Connecticut,1159361,2383795,"2,383,795"
Delaware,183977,486760,"486,760"
District of Columbia,171677,441742,"441,742"
Florida,0,9145312,"9,145,312"
Georgia,0,4588953,"4,588,953"
Hawaii,354144,770836,"770,836"
Idaho,328340,690154,"690,154"
Illinois,3420720,8029525,"8,029,525"
Indiana,1566371,4080236,"4,080,236"
Iowa,1004908,2030935,"2,030,935"
Kansas,805251,1783412,"1,783,412"
Kentucky,0,2722356,"2,722,356"
Louisiana,0,2959148,"2,959,148"
Maine,0,910982,"910,982"
Maryland,1170867,3397126,"3,397,126"
Massachusetts,2424579,4384671,"4,384,671"
Michigan,2641649,6693069,"6,693,069"
Minnesota,1843104,3136830,"3,136,830"
Mississippi,0,1824156,"1,824,156"
Missouri,0,3740308,"3,740,308"
Montana,326652,573045,"573,045"
Nebraska,604195,1131746,"1,131,746"
Nevada,325959,858018,"858,018"
New Hampshire,307700,814549,"814,549"
New Jersey,1998894,5429251,"5,429,251"
New Mexico,429509,1026902,"1,026,902"
New York,4290261,12271903,"12,271,903"
North Carolina,0,4938968,"4,938,968"
North Dakota,240301,461711,"461,711"
Ohio,3620469,7975680,"7,975,680"
Oklahoma,929639,2251719,"2,251,719"
Oregon,1133125,2057833,"2,057,833"
Pennsylvania,0,8962083,"8,962,083"
Rhode Island,375188,725084,"725,084"
South Carolina,793614,2537384,"2,537,384"
South Dakota,0,494849,"494,849"
Tennessee,0,3624940,"3,624,940"
Texas,0,11034190,"11,034,190"
Utah,457983,1086050,"1,086,050"
Vermont,217384,415564,"415,564"
Virginia,0,4512504,"4,512,504"
Washington,1362651,3421256,"3,421,256"
West Virginia,0,1347723,"1,347,723"
Wisconsin,0,3541548,"3,541,548"
Wyoming,164309,312961,"312,961"
United States,0,173579281,"173,579,281"
Alabama,0,2901744,"2,901,744"
Alaska,203433,355023,"355,023"
Arizona,1204169,2454254,"2,454,254"
Arkansas,0,1689491,"1,689,491"
California,10194539,17738700,"17,738,700"
Colorado,1416265,2327768,"2,327,768"
Connecticut,1461962,2379699,"2,379,699"
Delaware,254973,472441,"472,441"
District of Columbia,197135,453636,"453,636"
Florida,0,8777510,"8,777,510"
Georgia,0,4459739,"4,459,739"
Hawaii,368567,739890,"739,890"
Idaho,421213,667345,"667,345"
Illinois,4697192,7950848,"7,950,848"
Indiana,2222811,3996319,"3,996,319"
Iowa,1240854,2021793,"2,021,793"
Kansas,0,1774451,"1,774,451"
Kentucky,0,2680364,"2,680,364"
Louisiana,0,2941023,"2,941,023"
Maine,0,888612,"888,612"
Maryland,1747350,3325582,"3,325,582"
Massachusetts,2689857,4385728,"4,385,728"
Michigan,3745751,6608812,"6,608,812"
Minnesota,2125119,3087194,"3,087,194"
Mississippi,0,1792847,"1,792,847"
Missouri,0,3696905,"3,696,905"
Montana,378981,568014,"568,014"
Nebraska,678669,1125252,"1,125,252"
Nevada,354261,768131,"768,131"
New Hampshire,462503,800468,"800,468"
New Jersey,3102502,5435008,"5,435,008"
New Mexico,535694,1002876,"1,002,876"
New York,6636310,12300666,"12,300,666"
North Carolina,0,4794041,"4,794,041"
North Dakota,309100,466684,"466,684"
Ohio,4505284,7869099,"7,869,099"
Oklahoma,1192815,2245785,"2,245,785"
Oregon,1235199,1982355,"1,982,355"
Pennsylvania,0,8892826,"8,892,826"
Rhode Island,415963,721773,"721,773"
South Carolina,1041846,2453644,"2,453,644"
South Dakota,0,494034,"494,034"
Tennessee,0,3551452,"3,551,452"
Texas,0,10833436,"10,833,436"
Utah,661546,1043170,"1,043,170"
Vermont,270148,404795,"404,795"
Virginia,0,4396900,"4,396,900"
Washington,1923043,3282173,"3,282,173"
West Virginia,0,1347692,"1,347,692"
Wisconsin,0,3489742,"3,489,742"
Wyoming,186417,315073,"315,073"
United States,0,170396029,"170,396,029"
Alabama,0,2869652,"2,869,652"
Alaska,182526,351841,"351,841"
Arizona,889668,2319046,"2,319,046"
Arkansas,0,1681564,"1,681,564"
California,7617142,17166275,"17,166,275"
Colorado,1096867,2309652,"2,309,652"
Connecticut,1025605,2344327,"2,344,327"
Delaware,165563,455609,"455,609"
District of Columbia,134158,465993,"465,993"
Florida,0,8384015,"8,384,015"
Georgia,0,4300049,"4,300,049"
Hawaii,344416,715459,"715,459"
Idaho,392909,663126,"663,126"
Illinois,3322657,7912733,"7,912,733"
Indiana,1619005,3943714,"3,943,714"
Iowa,922094,2020678,"2,020,678"
Kansas,0,1757001,"1,757,001"
Kentucky,0,2661218,"2,661,218"
Louisiana,0,3014498,"3,014,498"
Maine,0,858200,"858,200"
Maryland,1161136,3216833,"3,216,833"
Massachusetts,1777276,4326264,"4,326,264"
Michigan,2468009,6520661,"6,520,661"
Minnesota,1456579,3024070,"3,024,070"
Mississippi,0,1782721,"1,782,721"
Missouri,0,3655213,"3,655,213"
Montana,326436,572113,"572,113"
Nebraska,577916,1123099,"1,123,099"
Nevada,264365,700192,"700,192"
New Hampshire,257410,760526,"760,526"
New Jersey,1639330,5396487,"5,396,487"
New Mexico,408621,987220,"987,220"
New York,4481718,12263480,"12,263,480"
North Carolina,0,4653016,"4,653,016"
North Dakota,295177,473962,"473,962"
Ohio,3628870,7781083,"7,781,083"
Oklahoma,934447,2290182,"2,290,182"
Oregon,1088140,1928782,"1,928,782"
Pennsylvania,0,8820459,"8,820,459"
Rhode Island,322724,711034,"711,034"
South Carolina,763493,2393329,"2,393,329"
South Dakota,0,492333,"492,333"
Tennessee,0,3478867,"3,478,867"
Texas,0,10786533,"10,786,533"
Utah,445499,1024337,"1,024,337"
Vermont,211709,389843,"389,843"
Virginia,0,4240797,"4,240,797"
Washington,1358160,3151152,"3,151,152"
West Virginia,449249,1370305,"1,370,305"
Wisconsin,0,3432034,"3,432,034"
Wyoming,168615,328971,"328,971"
United States,0,167701904,"167,701,904"
Alabama,0,2831099,"2,831,099"
Alaska,213173,343030,"343,030"
Arizona,1051339,2151391,"2,151,391"
Arkansas,0,1668136,"1,668,136"
California,9796375,16618345,"16,618,345"
Colorado,1343437,2267668,"2,267,668"
Connecticut,1490946,2300533,"2,300,533"
Delaware,258182,442354,"442,354"
District of Columbia,219193,471669,"471,669"
Florida,0,7976805,"7,976,805"
Georgia,0,4119852,"4,119,852"
Hawaii,349253,694187,"694,187"
Idaho,421935,662771,"662,771"
Illinois,4969352,7922605,"7,922,605"
Indiana,2268493,3916362,"3,916,362"
Iowa,1339886,2057482,"2,057,482"
Kansas,0,1751223,"1,751,223"
Kentucky,0,2643027,"2,643,027"
Louisiana,0,3019930,"3,019,930"
Maine,0,840251,"840,251"
Maryland,1695924,3113967,"3,113,967"
Massachusetts,2595054,4273437,"4,273,437"
Michigan,3884854,6407156,"6,407,156"
Minnesota,2115317,2982015,"2,982,015"
Mississippi,0,1766654,"1,766,654"
Missouri,0,3617948,"3,617,948"
Montana,395006,578925,"578,925"
Nebraska,670781,1135012,"1,135,012"
Nevada,294413,656862,"656,862"
New Hampshire,406608,718967,"718,967"
New Jersey,3215941,5318696,"5,318,696"
New Mexico,522328,956246,"956,246"
New York,7000828,12232120,"12,232,120"
North Carolina,0,4512013,"4,512,013"
North Dakota,324179,482655,"482,655"
Ohio,4664223,7732456,"7,732,456"
Oklahoma,1290555,2324445,"2,324,445"
Oregon,1265824,1906880,"1,906,880"
Pennsylvania,0,8790815,"8,790,815"
Rhode Island,422851,697537,"697,537"
South Carolina,1018701,2329080,"2,329,080"
South Dakota,0,494651,"494,651"
Tennessee,0,3415760,"3,415,760"
Texas,0,10582774,"10,582,774"
Utah,641846,998820,"998,820"
Vermont,235140,381479,"381,479"
Virginia,0,4100160,"4,100,160"
Washington,1931546,3072714,"3,072,714"
West Virginia,0,1391427,"1,391,427"
Wisconsin,0,3409202,"3,409,202"
Wyoming,196153,338733,"338,733"
United States (Excl. Louisiana),0,160466919,"160,466,919"
Alabama,0,2780689,"2,780,689"
Alaska,199458,307558,"307,558"
Arizona,742923,2017098,"2,017,098"
Arkansas,0,1639482,"1,639,482"
California,8064314,16161555,"16,161,555"
Colorado,1037774,2196263,"2,196,263"
Connecticut,1112428,2253328,"2,253,328"
Delaware,195726,430257,"430,257"
District of Columbia,0,470719,"470,719"
Florida,0,7565499,"7,565,499"
Georgia,0,3945107,"3,945,107"
Hawaii,325459,671172,"671,172"
Idaho,332237,650534,"650,534"
Illinois,3856875,7908220,"7,908,220"
Indiana,1834225,3879314,"3,879,314"
Iowa,1050495,2068844,"2,068,844"
Kansas,0,1736298,"1,736,298"
Kentucky,0,2615445,"2,615,445"
Louisiana,0,2982702,"2,982,702"
Maine,0,817814,"817,814"
Maryland,1190011,3034834,"3,034,834"
Massachusetts,2103780,4184146,"4,184,146"
Michigan,3135928,6357552,"6,357,552"
Minnesota,1834737,2943169,"2,943,169"
Mississippi,0,1743267,"1,743,267"
Missouri,0,3567803,"3,567,803"
Montana,328082,569629,"569,629"
Nebraska,559422,1128918,"1,128,918"
Nevada,242578,621060,"621,060"
New Hampshire,289057,686264,"686,264"
New Jersey,2286925,5224732,"5,224,732"
New Mexico,417945,919311,"919,311"
New York,5437367,12118685,"12,118,685"
North Carolina,0,4347870,"4,347,870"
North Dakota,272876,476851,"476,851"
Ohio,3551995,7692059,"7,692,059"
Oklahoma,901488,2302670,"2,302,670"
Oregon,1063913,1895706,"1,895,706"
Pennsylvania,0,8749931,"8,749,931"
Rhode Island,370928,684977,"684,977"
South Carolina,688300,2260577,"2,260,577"
South Dakota,0,489474,"489,474"
Tennessee,0,3357236,"3,357,236"
Texas,0,10228820,"10,228,820"
Utah,537207,962724,"962,724"
Vermont,172084,372982,"372,982"
Virginia,0,3960296,"3,960,296"
Washington,1404831,2999997,"2,999,997"
West Virginia,0,1399303,"1,399,303"
Wisconsin,0,3372875,"3,372,875"
Wyoming,172065,344218,"344,218"
United States,0,159635102,"159,635,102"
Alabama,0,2726249,"2,726,249"
Alaska,162653,270122,"270,122"
Arizona,898183,1890167,"1,890,167"
Arkansas,0,1610104,"1,610,104"
California,8775459,15610966,"15,610,966"
Colorado,1225549,2071959,"2,071,959"
Connecticut,1423403,2201356,"2,201,356"
Delaware,239136,421344,"421,344"
District of Columbia,178434,470956,"470,956"
Florida,0,7088658,"7,088,658"
Georgia,0,3791652,"3,791,652"
Hawaii,318026,646583,"646,583"
Idaho,446045,633624,"633,624"
Illinois,4868890,7868300,"7,868,300"
Indiana,2275433,3846321,"3,846,321"
Iowa,1314258,2070935,"2,070,935"
Kansas,0,1704420,"1,704,420"
Kentucky,0,2562572,"2,562,572"
Louisiana,0,2868792,"2,868,792"
Maine,0,799746,"799,746"
Maryland,1557709,2964704,"2,964,704"
Massachusetts,2566807,4110721,"4,110,721"
Michigan,3978647,6374955,"6,374,955"
Minnesota,2079451,2882406,"2,882,406"
Mississippi,0,1704163,"1,704,163"
Missouri,0,3529489,"3,529,489"
Montana,371976,554636,"554,636"
Nebraska,651281,1115142,"1,115,142"
Nevada,297318,573118,"573,118"
New Hampshire,402415,660560,"660,560"
New Jersey,2999879,5123773,"5,123,773"
New Mexico,464848,873515,"873,515"
New York,6359218,12006100,"12,006,100"
North Carolina,0,4203817,"4,203,817"
North Dakota,314525,462223,"462,223"
Ohio,4378937,7637813,"7,637,813"
Oklahoma,1172303,2162051,"2,162,051"
Oregon,1209691,1880863,"1,880,863"
Pennsylvania,0,8664166,"8,664,166"
Rhode Island,423349,675067,"675,067"
South Carolina,922397,2176721,"2,176,721"
South Dakota,0,484328,"484,328"
Tennessee,0,3285608,"3,285,608"
Texas,0,9572904,"9,572,904"
Utah,609691,915484,"915,484"
Vermont,215500,363143,"363,143"
Virginia,0,3830887,"3,830,887"
Washington,1772904,2923670,"2,923,670"
West Virginia,742150,1387231,"1,387,231"
Wisconsin,0,3322053,"3,322,053"
Wyoming,181004,326644,"326,644"
