State,Total Population,Male,Female,Under 5 Years,5-9 Years,10-14 Years,15-19 Years,20-24 Years,25-34 Years,35-44 Years,45-54 Years,55-59 Years,60-64 Years,65-74 Years,75-84 Years,85+ Years,Meadian age (years),18+ Years (All),18+ (Male),18+ (Female),21+ Years,62+ Years,65+ Years,65+ Years (Male),65+ Years (Female),One Race,White,Black or African American,American Indian and Alaska Native,Asian,Asian Indian,Chinese,Filipino,Japanese,Korean,Vietnamese,Other Asian,Native Hawaiian and Other Pacific Islander,Native Hawaiian.,Guamanian or Chamorro,Samoan,Other Pacific Islander,Some other race,Two or more races,White,Black or African American . .,American Indian and Alaska Native,Asian,Native Hawaiian and Other Pacific Islander,Some other race,Total Population,Hispanic or Latino (of any race) .,Mexican,Puerto Rican,Cuban,Other Hispanic or Latino,Not Hispanic or Latino,White alone,Total Population,In households,Householder,Spouse,Child,Own child under 18 years,Other relatives,Other relatives-Under 18,Nonrelatives,Unmarried partner,In group quarters,Institutionalized population,Noninstitutionalized population,Total households,Family households (families).,With own children under 18 years,Married-couple family,With own children under 18 years,"Female householder, no husband present",With own children under 18 years,Nonfamily households,Householder living alone,Householder 65 years and over,Households with individuals under 18 years,Households with individuals 65 years and over ,Average household size,Average family size,Total housing units.,Occupied housing units,Vacant housing units,"For seasonal, recreational, or occasional use",Homeowner vacancy rate (percent),Rental vacancy rate (percent).,Occupied housing units,Owner-occupied housing units,Renter-occupied housing units,Average household size of owner-occupied units,Average household size of renter-occupied units
Alabama,"4,447,100 ","2,146,504 ","2,300,596 ","295,992 ","315,345 ","320,252 ","324,580 ","306,865 ","603,015 ","685,512 ","600,209 ","225,450 ","190,082 ","316,748 ","195,749 ","67,301 ",35.80 ,"3,323,678 ","1,570,851 ","1,752,827 ","3,124,317 ","690,914 ","579,798 ","231,486 ","348,312 ","4,402,921 ","3,162,808 ","1,155,930 ","22,430 ","31,346 ","6,900 ","6,337 ","2,727 ","1,966 ","4,116 ","4,628 ","4,672 ","1,409 ",359 ,577 ,209 ,264 ,"28,998 ","44,179 ","3,199,953 ","1,168,998 ","44,449 ","39,458 ","3,169 ","38,201 ","4,447,100 ","75,830 ","44,522 ","6,322 ","2,354 ","22,632 ","4,371,270 ","3,125,819 ","4,447,100 ","4,332,380 ","1,737,080 ","906,916 ","1,302,505 ","989,799 ","240,463 ","113,123 ","145,416 ","58,537 ","114,720 ","65,363 ","49,357 ","1,737,080 ","1,215,968 ","561,458 ","906,916 ","391,185 ","246,466 ","141,057 ","521,112 ","453,898 ","169,738 ","626,857 ","418,608 ",2.49 ,3.01 ,"1,963,711 ","1,737,080 ","226,631 ","47,205 ",2.00 ,11.80 ,"1,737,080 ","1,258,705 ","478,375 ",2.57 ,2.30 
Alaska,"626,932 ","324,112 ","302,820 ","47,591 ","53,771 ","56,661 ","50,094 ","39,892 ","89,473 ","114,049 ","94,952 ","27,423 ","17,327 ","22,507 ","10,558 ","2,634 ",32.40 ,"436,215 ","226,111 ","210,104 ","410,474 ","45,300 ","35,699 ","16,724 ","18,975 ","592,786 ","434,534 ","21,787 ","98,043 ","25,116 ",723 ,"1,464 ","12,712 ","1,414 ","4,573 ",814 ,"3,416 ","3,309 ",695 ,227 ,"1,670 ",717 ,"9,997 ","34,146 ","463,999 ","27,147 ","119,241 ","32,686 ","5,515 ","15,151 ","626,932 ","25,852 ","13,334 ","2,649 ",553 ,"9,316 ","601,080 ","423,788 ","626,932 ","607,583 ","221,600 ","116,318 ","206,127 ","174,113 ","24,481 ","10,808 ","39,057 ","16,568 ","19,349 ","4,824 ","14,525 ","221,600 ","152,337 ","88,484 ","116,318 ","63,245 ","23,937 ","17,243 ","69,263 ","52,060 ","8,985 ","95,129 ","26,349 ",2.74 ,3.28 ,"260,978 ","221,600 ","39,378 ","21,474 ",1.90 ,7.80 ,"221,600 ","138,509 ","83,091 ",2.89 ,2.49 
Arizona,"5,130,632 ","2,561,057 ","2,569,575 ","382,386 ","389,869 ","378,211 ","367,722 ","362,860 ","742,665 ","768,804 ","627,904 ","238,675 ","203,697 ","363,841 ","235,473 ","68,525 ",34.20 ,"3,763,685 ","1,859,746 ","1,903,939 ","3,536,279 ","787,520 ","667,839 ","296,267 ","371,572 ","4,984,106 ","3,873,611 ","158,873 ","255,879 ","92,236 ","14,741 ","21,221 ","16,176 ","7,712 ","9,123 ","12,931 ","10,332 ","6,733 ","1,985 ","1,354 ","1,197 ","2,197 ","596,774 ","146,526 ","3,998,154 ","185,599 ","292,552 ","118,672 ","13,415 ","677,392 ","5,130,632 ","1,295,617 ","1,065,578 ","17,587 ","5,272 ","207,180 ","3,835,015 ","3,274,258 ","5,130,632 ","5,020,782 ","1,901,327 ","986,303 ","1,496,034 ","1,197,438 ","319,414 ","132,782 ","317,704 ","118,196 ","109,850 ","63,768 ","46,082 ","1,901,327 ","1,287,367 ","608,218 ","986,303 ","428,878 ","210,781 ","129,511 ","613,960 ","472,006 ","162,822 ","673,926 ","465,062 ",2.64 ,3.18 ,"2,189,189 ","1,901,327 ","287,862 ","141,965 ",2.10 ,9.20 ,"1,901,327 ","1,293,556 ","607,771 ",2.69 ,2.53 
Arkansas,"2,673,400 ","1,304,693 ","1,368,707 ","181,585 ","187,224 ","192,935 ","198,765 ","181,598 ","352,845 ","398,127 ","349,519 ","139,393 ","117,390 ","198,334 ","129,193 ","46,492 ",36.00 ,"1,993,031 ","955,418 ","1,037,613 ","1,873,359 ","442,588 ","374,019 ","154,428 ","219,591 ","2,637,656 ","2,138,598 ","418,950 ","17,808 ","20,220 ","3,104 ","3,126 ","2,489 ","1,036 ","1,550 ","3,974 ","4,941 ","1,668 ",295 ,231 ,176 ,966 ,"40,412 ","35,744 ","2,170,534 ","427,152 ","37,002 ","25,401 ","3,129 ","48,267 ","2,673,400 ","86,866 ","61,204 ","2,473 ",950 ,"22,239 ","2,586,534 ","2,100,135 ","2,673,400 ","2,599,492 ","1,042,696 ","566,401 ","759,757 ","601,711 ","131,635 ","62,167 ","99,003 ","40,543 ","73,908 ","45,152 ","28,756 ","1,042,696 ","732,261 ","334,604 ","566,401 ","237,174 ","126,561 ","76,774 ","310,435 ","266,585 ","108,644 ","371,331 ","263,521 ",2.49 ,2.99 ,"1,173,043 ","1,042,696 ","130,347 ","29,012 ",2.50 ,9.60 ,"1,042,696 ","723,535 ","319,161 ",2.54 ,2.40 
California,"33,871,648 ","16,874,892 ","16,996,756 ","2,486,981 ","2,725,880 ","2,570,822 ","2,450,888 ","2,381,288 ","5,229,062 ","5,485,341 ","4,331,635 ","1,467,252 ","1,146,841 ","1,887,823 ","1,282,178 ","425,657 ",33.30 ,"24,621,819 ","12,130,354 ","12,491,465 ","23,146,248 ","4,253,854 ","3,595,658 ","1,513,874 ","2,081,784 ","32,264,002 ","20,170,059 ","2,263,882 ","333,346 ","3,697,513 ","314,819 ","980,642 ","918,678 ","288,854 ","345,882 ","447,032 ","401,606 ","116,961 ","20,571 ","20,918 ","37,498 ","37,974 ","5,682,241 ","1,607,646 ","21,490,973 ","2,513,041 ","627,562 ","4,155,685 ","221,458 ","6,575,625 ","33,871,648 ","10,966,556 ","8,455,926 ","140,570 ","72,286 ","2,297,774 ","22,905,092 ","15,816,790 ","33,871,648 ","33,051,894 ","11,502,870 ","5,877,084 ","10,519,953 ","8,035,222 ","2,848,893 ","953,557 ","2,303,094 ","683,516 ","819,754 ","413,656 ","406,098 ","11,502,870 ","7,920,049 ","4,117,036 ","5,877,084 ","2,989,974 ","1,448,510 ","834,716 ","3,582,821 ","2,708,308 ","892,207 ","4,569,910 ","2,570,170 ",2.87 ,3.43 ,"12,214,549 ","11,502,870 ","711,679 ","236,857 ",1.40 ,3.70 ,"11,502,870 ","6,546,334 ","4,956,536 ",2.93 ,2.79 
Colorado,"4,301,261 ","2,165,983 ","2,135,278 ","297,505 ","308,428 ","311,497 ","307,238 ","306,238 ","664,027 ","736,823 ","614,125 ","194,722 ","144,585 ","226,310 ","141,547 ","48,216 ",34.30 ,"3,200,466 ","1,600,273 ","1,600,193 ","3,014,312 ","498,699 ","416,073 ","176,531 ","239,542 ","4,179,074 ","3,560,005 ","165,063 ","44,241 ","95,213 ","11,720 ","15,658 ","8,941 ","11,571 ","16,395 ","15,457 ","15,471 ","4,621 ","1,435 ","1,124 ",931 ,"1,131 ","309,931 ","122,187 ","3,665,638 ","190,717 ","79,689 ","120,779 ","10,153 ","364,846 ","4,301,261 ","735,601 ","450,760 ","12,993 ","3,701 ","268,147 ","3,565,660 ","3,202,880 ","4,301,261 ","4,198,306 ","1,658,238 ","858,671 ","1,217,836 ","1,004,792 ","188,318 ","70,555 ","275,243 ","91,224 ","102,955 ","52,741 ","50,214 ","1,658,238 ","1,084,461 ","543,588 ","858,671 ","404,866 ","158,979 ","102,113 ","573,777 ","435,778 ","116,235 ","585,387 ","292,763 ",2.53 ,3.09 ,"1,808,037 ","1,658,238 ","149,799 ","72,263 ",1.40 ,5.50 ,"1,658,238 ","1,116,137 ","542,101 ",2.64 ,2.30 
Connecticut,"3,405,565 ","1,649,319 ","1,756,246 ","223,344 ","244,144 ","241,587 ","216,627 ","187,571 ","451,640 ","581,049 ","480,807 ","176,961 ","131,652 ","231,565 ","174,345 ","64,273 ",37.40 ,"2,563,877 ","1,218,230 ","1,345,647 ","2,439,461 ","545,704 ","470,183 ","190,002 ","280,181 ","3,330,717 ","2,780,355 ","309,843 ","9,639 ","82,313 ","23,662 ","19,172 ","7,643 ","4,196 ","7,064 ","7,538 ","13,038 ","1,366 ",365 ,281 ,277 ,443 ,"147,201 ","74,848 ","2,835,974 ","339,078 ","24,488 ","95,368 ","4,076 ","186,234 ","3,405,565 ","320,323 ","23,484 ","194,443 ","7,101 ","95,295 ","3,085,242 ","2,638,845 ","3,405,565 ","3,297,626 ","1,301,670 ","676,467 ","1,002,981 ","772,790 ","156,013 ","52,203 ","160,495 ","68,873 ","107,939 ","55,256 ","52,683 ","1,301,670 ","881,170 ","419,285 ","676,467 ","307,126 ","157,411 ","91,114 ","420,500 ","344,224 ","132,061 ","451,411 ","326,743 ",2.53 ,3.08 ,"1,385,975 ","1,301,670 ","84,305 ","23,379 ",1.10 ,5.60 ,"1,301,670 ","869,729 ","431,941 ",2.67 ,2.25 
Delaware,"783,600 ","380,541 ","403,059 ","51,531 ","55,813 ","55,274 ","55,632 ","51,665 ","108,840 ","127,601 ","103,999 ","39,320 ","32,199 ","56,415 ","34,762 ","10,549 ",36.00 ,"589,013 ","280,643 ","308,370 ","553,669 ","120,444 ","101,726 ","42,866 ","58,860 ","770,567 ","584,773 ","150,666 ","2,731 ","16,259 ","5,280 ","4,128 ","2,018 ",614 ,"1,991 ",817 ,"1,411 ",283 ,41 ,89 ,35 ,118 ,"15,855 ","13,033 ","594,425 ","157,152 ","6,069 ","18,944 ",671 ,"20,391 ","783,600 ","37,277 ","12,986 ","14,005 ",932 ,"9,354 ","746,323 ","567,973 ","783,600 ","759,017 ","298,736 ","153,136 ","223,811 ","172,150 ","39,919 ","17,469 ","43,415 ","18,298 ","24,583 ","11,510 ","13,073 ","298,736 ","204,590 ","95,175 ","153,136 ","65,535 ","38,986 ","22,975 ","94,146 ","74,639 ","27,071 ","105,833 ","71,466 ",2.54 ,3.04 ,"343,072 ","298,736 ","44,336 ","25,977 ",1.50 ,8.20 ,"298,736 ","216,038 ","82,698 ",2.61 ,2.37 
Florida,"15,982,378 ","7,797,715 ","8,184,663 ","945,823 ","1,031,718 ","1,057,024 ","1,014,067 ","928,310 ","2,084,100 ","2,485,247 ","2,069,479 ","821,517 ","737,496 ","1,452,176 ","1,024,134 ","331,287 ",38.70 ,"12,336,038 ","5,926,729 ","6,409,309 ","11,736,378 ","3,245,806 ","2,807,597 ","1,216,647 ","1,590,950 ","15,606,063 ","12,465,029 ","2,335,505 ","53,541 ","266,256 ","70,740 ","46,368 ","54,310 ","10,897 ","19,139 ","33,190 ","31,612 ","8,625 ","2,131 ","2,319 ","1,232 ","2,943 ","477,107 ","376,315 ","12,734,292 ","2,471,730 ","117,880 ","333,013 ","23,998 ","697,074 ","15,982,378 ","2,682,715 ","363,925 ","482,027 ","833,120 ","1,003,643 ","13,299,663 ","10,458,509 ","15,982,378 ","15,593,433 ","6,337,929 ","3,192,266 ","4,171,924 ","3,200,461 ","954,061 ","345,104 ","937,253 ","369,622 ","388,945 ","248,350 ","140,595 ","6,337,929 ","4,210,760 ","1,779,586 ","3,192,266 ","1,215,197 ","759,000 ","437,680 ","2,127,169 ","1,687,303 ","710,025 ","1,986,554 ","1,943,478 ",2.46 ,2.98 ,"7,302,947 ","6,337,929 ","965,018 ","482,944 ",2.20 ,9.30 ,"6,337,929 ","4,441,799 ","1,896,130 ",2.49 ,2.39 
Georgia,"8,186,453 ","4,027,113 ","4,159,340 ","595,150 ","615,584 ","607,759 ","596,277 ","592,196 ","1,299,256 ","1,353,508 ","1,079,992 ","375,651 ","285,805 ","435,695 ","261,723 ","87,857 ",33.40 ,"6,017,219 ","2,915,524 ","3,101,695 ","5,646,535 ","948,821 ","785,275 ","311,231 ","474,044 ","8,072,265 ","5,327,281 ","2,349,542 ","21,737 ","173,170 ","46,132 ","27,446 ","11,036 ","7,242 ","28,745 ","29,016 ","23,553 ","4,246 ",866 ,"1,566 ",819 ,995 ,"196,289 ","114,188 ","5,412,371 ","2,393,425 ","53,197 ","199,812 ","9,689 ","241,298 ","8,186,453 ","435,227 ","275,288 ","35,532 ","12,536 ","111,871 ","7,751,226 ","5,128,661 ","8,186,453 ","7,952,631 ","3,006,369 ","1,548,800 ","2,439,098 ","1,899,303 ","522,651 ","218,208 ","435,713 ","145,743 ","233,822 ","126,023 ","107,799 ","3,006,369 ","2,111,647 ","1,051,302 ","1,548,800 ","732,734 ","435,410 ","258,006 ","894,722 ","710,523 ","210,409 ","1,174,114 ","563,830 ",2.65 ,3.14 ,"3,281,737 ","3,006,369 ","275,368 ","50,064 ",1.90 ,8.20 ,"3,006,369 ","2,029,154 ","977,215 ",2.71 ,2.51 
Hawaii,"1,211,537 ","608,671 ","602,866 ","78,163 ","84,980 ","83,106 ","81,002 ","83,409 ","171,159 ","191,177 ","170,979 ","60,561 ","46,400 ","85,262 ","57,775 ","17,564 ",36.20 ,"915,770 ","456,446 ","459,324 ","867,329 ","187,435 ","160,601 ","71,338 ","89,263 ","952,194 ","294,102 ","22,003 ","3,535 ","503,868 ","1,441 ","56,600 ","170,635 ","201,764 ","23,537 ","7,867 ","42,024 ","113,539 ","80,137 ","1,663 ","16,166 ","15,573 ","15,147 ","259,343 ","476,162 ","33,343 ","24,882 ","703,232 ","282,667 ","47,603 ","1,211,537 ","87,699 ","19,820 ","30,005 ",711 ,"37,163 ","1,123,838 ","277,091 ","1,211,537 ","1,175,755 ","403,240 ","216,077 ","351,544 ","239,483 ","127,659 ","47,971 ","77,235 ","23,516 ","35,782 ","7,690 ","28,092 ","403,240 ","287,068 ","129,322 ","216,077 ","96,758 ","49,923 ","23,619 ","116,172 ","88,153 ","28,565 ","153,008 ","110,475 ",2.92 ,3.42 ,"460,542 ","403,240 ","57,302 ","25,584 ",1.60 ,8.20 ,"403,240 ","227,888 ","175,352 ",3.07 ,2.71 
Idaho,"1,293,953 ","648,660 ","645,293 ","97,643 ","100,756 ","104,608 ","110,858 ","93,994 ","169,433 ","192,968 ","170,248 ","60,024 ","47,505 ","75,970 ","51,889 ","18,057 ",33.20 ,"924,923 ","458,934 ","465,989 ","860,220 ","173,097 ","145,916 ","64,161 ","81,755 ","1,268,344 ","1,177,304 ","5,456 ","17,645 ","11,889 ","1,289 ","2,224 ","1,614 ","2,642 ","1,250 ","1,323 ","1,547 ","1,308 ",391 ,254 ,249 ,414 ,"54,742 ","25,609 ","1,201,113 ","8,127 ","27,237 ","17,390 ","2,847 ","64,389 ","1,293,953 ","101,690 ","79,324 ","1,509 ",408 ,"20,449 ","1,192,263 ","1,139,291 ","1,293,953 ","1,262,457 ","469,645 ","276,511 ","407,482 ","343,031 ","43,857 ","17,764 ","64,962 ","22,564 ","31,496 ","17,717 ","13,779 ","469,645 ","335,588 ","170,463 ","276,511 ","132,101 ","40,849 ","27,091 ","134,057 ","105,175 ","38,789 ","181,967 ","100,742 ",2.69 ,3.17 ,"527,824 ","469,645 ","58,179 ","27,478 ",2.20 ,7.60 ,"469,645 ","339,960 ","129,685 ",2.75 ,2.52 
Illinois,"12,419,293 ","6,080,336 ","6,338,957 ","876,549 ","929,858 ","905,097 ","894,002 ","850,843 ","1,811,674 ","1,983,870 ","1,626,742 ","577,747 ","462,886 ","772,247 ","535,747 ","192,031 ",34.70 ,"9,173,842 ","4,417,904 ","4,755,938 ","8,634,455 ","1,767,525 ","1,500,025 ","601,611 ","898,414 ","12,184,277 ","9,125,471 ","1,876,875 ","31,006 ","423,603 ","124,723 ","76,725 ","86,298 ","20,379 ","51,453 ","19,101 ","44,924 ","4,610 ","1,003 ",988 ,"1,062 ","1,557 ","722,712 ","235,016 ","9,322,831 ","1,937,671 ","73,161 ","473,649 ","11,848 ","847,369 ","12,419,293 ","1,530,262 ","1,144,390 ","157,851 ","18,438 ","209,583 ","10,889,031 ","8,424,140 ","12,419,293 ","12,097,512 ","4,591,779 ","2,353,892 ","3,814,988 ","2,884,036 ","758,563 ","288,827 ","578,290 ","219,546 ","321,781 ","174,727 ","147,054 ","4,591,779 ","3,105,513 ","1,514,561 ","2,353,892 ","1,113,582 ","563,718 ","315,957 ","1,486,266 ","1,229,807 ","438,693 ","1,663,878 ","1,064,919 ",2.63 ,3.23 ,"4,885,615 ","4,591,779 ","293,836 ","29,712 ",1.50 ,6.20 ,"4,591,779 ","3,088,884 ","1,502,895 ",2.76 ,2.37 
Indiana,"6,080,485 ","2,982,474 ","3,098,011 ","423,215 ","443,273 ","443,416 ","453,482 ","425,731 ","831,125 ","960,703 ","816,865 ","294,169 ","235,675 ","395,393 ","265,880 ","91,558 ",35.20 ,"4,506,089 ","2,174,756 ","2,331,333 ","4,221,426 ","888,688 ","752,831 ","303,797 ","449,034 ","6,004,813 ","5,320,022 ","510,034 ","15,815 ","59,126 ","14,685 ","12,531 ","6,674 ","5,065 ","7,502 ","4,843 ","7,826 ","2,005 ",606 ,470 ,385 ,544 ,"97,811 ","75,672 ","5,387,174 ","538,015 ","39,263 ","72,839 ","4,367 ","119,586 ","6,080,485 ","214,536 ","153,042 ","19,678 ","2,754 ","39,062 ","5,865,949 ","5,219,373 ","6,080,485 ","5,902,331 ","2,336,306 ","1,251,458 ","1,801,564 ","1,432,898 ","229,415 ","100,304 ","283,588 ","124,851 ","178,154 ","90,885 ","87,269 ","2,336,306 ","1,602,501 ","767,836 ","1,251,458 ","556,113 ","259,372 ","160,311 ","733,805 ","605,428 ","221,538 ","834,826 ","524,632 ",2.53 ,3.05 ,"2,532,319 ","2,336,306 ","196,013 ","33,803 ",1.80 ,8.80 ,"2,336,306 ","1,669,162 ","667,144 ",2.64 ,2.24 
Iowa,"2,926,324 ","1,435,515 ","1,490,809 ","188,413 ","202,603 ","210,547 ","226,420 ","203,663 ","363,060 ","445,199 ","392,794 ","139,052 ","118,360 ","211,935 ","159,160 ","65,118 ",36.60 ,"2,192,686 ","1,058,805 ","1,133,881 ","2,051,156 ","505,699 ","436,213 ","176,997 ","259,216 ","2,894,546 ","2,748,640 ","61,853 ","8,989 ","36,635 ","5,641 ","6,161 ","2,272 ","1,474 ","5,063 ","7,129 ","8,895 ","1,009 ",270 ,170 ,150 ,419 ,"37,420 ","31,778 ","2,777,183 ","72,512 ","18,246 ","43,119 ","2,196 ","46,858 ","2,926,324 ","82,473 ","61,154 ","2,690 ",750 ,"17,879 ","2,843,851 ","2,710,344 ","2,926,324 ","2,822,155 ","1,149,276 ","633,254 ","831,984 ","686,153 ","72,519 ","29,297 ","135,122 ","56,822 ","104,169 ","50,256 ","53,913 ","1,149,276 ","769,684 ","361,153 ","633,254 ","274,565 ","98,270 ","64,367 ","379,592 ","313,083 ","130,739 ","382,455 ","291,420 ",2.46 ,3.00 ,"1,232,511 ","1,149,276 ","83,235 ","16,472 ",1.70 ,6.80 ,"1,149,276 ","831,419 ","317,857 ",2.57 ,2.15 
Kansas,"2,688,418 ","1,328,474 ","1,359,944 ","188,708 ","195,574 ","204,018 ","210,118 ","190,167 ","348,853 ","420,351 ","354,147 ","121,645 ","98,608 ","175,916 ","128,543 ","51,770 ",35.20 ,"1,975,425 ","962,194 ","1,013,231 ","1,847,513 ","413,585 ","356,229 ","145,515 ","210,714 ","2,631,922 ","2,313,944 ","154,198 ","24,936 ","46,806 ","8,153 ","7,624 ","3,509 ","1,935 ","4,529 ","11,623 ","9,433 ","1,313 ",391 ,325 ,255 ,342 ,"90,725 ","56,496 ","2,363,412 ","170,610 ","47,363 ","56,049 ","3,117 ","107,789 ","2,688,418 ","188,252 ","148,270 ","5,237 ","1,680 ","33,065 ","2,500,166 ","2,233,997 ","2,688,418 ","2,606,468 ","1,037,891 ","567,924 ","793,413 ","659,418 ","90,000 ","37,765 ","117,240 ","42,299 ","81,950 ","45,396 ","36,554 ","1,037,891 ","701,547 ","345,091 ","567,924 ","260,923 ","96,661 ","62,757 ","336,344 ","280,387 ","105,689 ","368,875 ","241,686 ",2.51 ,3.07 ,"1,131,200 ","1,037,891 ","93,309 ","9,639 ",2.00 ,8.80 ,"1,037,891 ","718,703 ","319,188 ",2.63 ,2.25 
Kentucky,"4,041,769 ","1,975,368 ","2,066,401 ","265,901 ","279,258 ","279,481 ","289,004 ","283,032 ","568,108 ","642,665 ","556,932 ","204,483 ","168,112 ","273,943 ","172,589 ","58,261 ",35.90 ,"3,046,951 ","1,464,021 ","1,582,930 ","2,867,257 ","601,762 ","504,793 ","203,981 ","300,812 ","3,999,326 ","3,640,889 ","295,994 ","8,616 ","29,744 ","6,771 ","5,397 ","3,106 ","3,683 ","3,818 ","3,596 ","3,373 ","1,460 ",338 ,403 ,327 ,392 ,"22,623 ","42,443 ","3,678,740 ","311,878 ","24,552 ","37,062 ","3,162 ","31,805 ","4,041,769 ","59,939 ","31,385 ","6,469 ","3,516 ","18,569 ","3,981,830 ","3,608,013 ","4,041,769 ","3,926,965 ","1,590,647 ","857,944 ","1,162,259 ","901,105 ","159,383 ","69,435 ","156,732 ","71,266 ","114,804 ","62,057 ","52,747 ","1,590,647 ","1,104,398 ","516,344 ","857,944 ","375,211 ","187,957 ","110,565 ","486,249 ","414,095 ","155,914 ","564,175 ","363,000 ",2.47 ,2.97 ,"1,750,927 ","1,590,647 ","160,280 ","30,420 ",1.80 ,8.70 ,"1,590,647 ","1,125,397 ","465,250 ",2.55 ,2.27 
Louisiana,"4,468,976 ","2,162,903 ","2,306,073 ","317,392 ","336,780 ","347,912 ","365,945 ","325,571 ","601,162 ","691,966 ","586,271 ","208,761 ","170,287 ","282,925 ","175,328 ","58,676 ",34.00 ,"3,249,177 ","1,539,808 ","1,709,369 ","3,029,001 ","615,399 ","516,929 ","208,288 ","308,641 ","4,420,711 ","2,856,161 ","1,451,944 ","25,477 ","54,758 ","8,280 ","7,474 ","4,504 ","1,519 ","2,876 ","24,358 ","5,747 ","1,240 ",373 ,342 ,253 ,272 ,"31,131 ","48,265 ","2,894,983 ","1,468,317 ","42,878 ","64,350 ","3,237 ","47,775 ","4,468,976 ","107,738 ","32,267 ","7,670 ","8,448 ","59,353 ","4,361,238 ","2,794,391 ","4,468,976 ","4,333,011 ","1,656,053 ","809,498 ","1,404,630 ","1,049,117 ","281,756 ","144,550 ","181,074 ","83,563 ","135,965 ","90,002 ","45,963 ","1,656,053 ","1,156,438 ","572,053 ","809,498 ","374,158 ","275,075 ","161,546 ","499,615 ","419,200 ","148,840 ","649,314 ","372,354 ",2.62 ,3.16 ,"1,847,181 ","1,656,053 ","191,128 ","39,578 ",1.60 ,9.30 ,"1,656,053 ","1,125,135 ","530,918 ",2.70 ,2.44 
Maine,"1,274,923 ","620,309 ","654,614 ","70,726 ","83,022 ","92,252 ","89,485 ","69,656 ","157,617 ","212,980 ","192,596 ","68,490 ","54,697 ","96,196 ","63,890 ","23,316 ",38.60 ,"973,685 ","465,746 ","507,939 ","924,108 ","215,732 ","183,402 ","76,004 ","107,398 ","1,262,276 ","1,236,014 ","6,760 ","7,098 ","9,111 ","1,021 ","2,034 ","1,159 ",616 ,875 ,"1,323 ","2,083 ",382 ,90 ,70 ,109 ,113 ,"2,911 ","12,647 ","1,247,776 ","9,553 ","13,156 ","11,827 ",792 ,"5,227 ","1,274,923 ","9,360 ","2,756 ","2,275 ",478 ,"3,851 ","1,265,563 ","1,230,297 ","1,274,923 ","1,240,011 ","518,200 ","272,152 ","342,506 ","279,827 ","33,361 ","11,354 ","73,792 ","37,881 ","34,912 ","13,091 ","21,821 ","518,200 ","340,685 ","157,325 ","272,152 ","112,767 ","49,022 ","32,352 ","177,515 ","139,969 ","55,483 ","167,685 ","128,137 ",2.39 ,2.90 ,"651,901 ","518,200 ","133,701 ","101,470 ",1.70 ,7.00 ,"518,200 ","370,905 ","147,295 ",2.54 ,2.03 
Maryland,"5,296,486 ","2,557,794 ","2,738,692 ","353,393 ","391,318 ","392,135 ","356,119 ","314,129 ","748,521 ","916,156 ","755,032 ","268,647 ","201,729 ","321,285 ","211,120 ","66,902 ",36.00 ,"3,940,314 ","1,864,136 ","2,076,178 ","3,736,905 ","714,369 ","599,307 ","244,393 ","354,914 ","5,192,899 ","3,391,308 ","1,477,411 ","15,423 ","210,929 ","49,909 ","49,400 ","26,608 ","6,620 ","39,155 ","16,744 ","22,493 ","2,303 ",583 ,708 ,321 ,691 ,"95,525 ","103,587 ","3,465,697 ","1,525,036 ","39,437 ","238,408 ","6,179 ","134,621 ","5,296,486 ","227,916 ","39,900 ","25,570 ","6,754 ","155,692 ","5,068,570 ","3,286,547 ","5,296,486 ","5,162,430 ","1,980,859 ","994,549 ","1,567,333 ","1,194,489 ","327,842 ","129,487 ","291,847 ","110,335 ","134,056 ","69,318 ","64,738 ","1,980,859 ","1,359,318 ","662,172 ","994,549 ","461,446 ","279,876 ","159,342 ","621,541 ","495,459 ","160,414 ","739,048 ","429,316 ",2.61 ,3.13 ,"2,145,283 ","1,980,859 ","164,424 ","38,880 ",1.60 ,6.10 ,"1,980,859 ","1,341,751 ","639,108 ",2.73 ,2.35 
Massachusetts,"6,349,097 ","3,058,816 ","3,290,281 ","397,268 ","430,861 ","431,247 ","415,737 ","404,279 ","926,788 ","1,062,995 ","873,353 ","310,002 ","236,405 ","427,830 ","315,640 ","116,692 ",36.50 ,"4,849,033 ","2,289,671 ","2,559,362 ","4,587,935 ","997,277 ","860,162 ","341,539 ","518,623 ","6,203,092 ","5,367,286 ","343,454 ","15,015 ","238,124 ","43,801 ","84,392 ","8,273 ","10,539 ","17,369 ","33,962 ","39,788 ","2,489 ",562 ,529 ,476 ,922 ,"236,724 ","146,005 ","5,472,809 ","398,479 ","38,050 ","264,814 ","8,704 ","320,907 ","6,349,097 ","428,729 ","22,288 ","199,207 ","8,867 ","198,367 ","5,920,368 ","5,198,359 ","6,349,097 ","6,127,881 ","2,443,580 ","1,197,917 ","1,844,182 ","1,382,189 ","283,525 ","87,502 ","358,677 ","130,919 ","221,216 ","88,453 ","132,763 ","2,443,580 ","1,576,696 ","748,865 ","1,197,917 ","548,360 ","289,944 ","163,550 ","866,884 ","684,345 ","256,137 ","804,940 ","604,481 ",2.51 ,3.11 ,"2,621,989 ","2,443,580 ","178,409 ","93,771 ",0.70 ,3.50 ,"2,443,580 ","1,508,052 ","935,528 ",2.72 ,2.17 
Michigan,"9,938,444 ","4,873,095 ","5,065,349 ","672,005 ","745,181 ","747,012 ","719,867 ","643,839 ","1,362,171 ","1,598,373 ","1,367,939 ","485,895 ","377,144 ","642,880 ","433,678 ","142,460 ",35.50 ,"7,342,677 ","3,541,373 ","3,801,304 ","6,914,135 ","1,436,729 ","1,219,018 ","500,959 ","718,059 ","9,746,028 ","7,966,053 ","1,412,742 ","58,479 ","176,510 ","54,631 ","33,189 ","17,377 ","11,288 ","20,886 ","13,673 ","25,466 ","2,692 ",734 ,622 ,505 ,831 ,"129,552 ","192,416 ","8,133,283 ","1,474,613 ","124,412 ","208,329 ","7,276 ","195,724 ","9,938,444 ","323,877 ","220,769 ","26,941 ","7,219 ","68,948 ","9,614,567 ","7,806,691 ","9,938,444 ","9,688,555 ","3,785,661 ","1,947,710 ","3,037,440 ","2,347,192 ","432,980 ","183,621 ","484,764 ","202,220 ","249,889 ","126,132 ","123,757 ","3,785,661 ","2,575,699 ","1,236,713 ","1,947,710 ","873,227 ","473,802 ","283,758 ","1,209,962 ","993,607 ","355,414 ","1,347,469 ","862,730 ",2.56 ,3.10 ,"4,234,279 ","3,785,661 ","448,618 ","233,922 ",1.60 ,6.80 ,"3,785,661 ","2,793,124 ","992,537 ",2.67 ,2.24 
Minnesota,"4,919,479 ","2,435,631 ","2,483,848 ","329,594 ","355,894 ","374,995 ","374,362 ","322,483 ","673,138 ","824,182 ","665,696 ","226,857 ","178,012 ","295,825 ","212,840 ","85,601 ",35.40 ,"3,632,585 ","1,775,400 ","1,857,185 ","3,414,300 ","696,775 ","594,266 ","246,847 ","347,419 ","4,836,737 ","4,400,282 ","171,731 ","54,967 ","141,968 ","16,887 ","16,060 ","6,284 ","3,816 ","12,584 ","18,824 ","67,513 ","1,979 ",593 ,266 ,508 ,612 ,"65,810 ","82,742 ","4,466,325 ","202,972 ","81,074 ","162,414 ","5,867 ","89,042 ","4,919,479 ","143,382 ","95,613 ","6,616 ","2,527 ","38,626 ","4,776,097 ","4,337,143 ","4,919,479 ","4,783,596 ","1,895,127 ","1,018,245 ","1,472,917 ","1,210,443 ","136,159 ","47,983 ","261,148 ","100,358 ","135,883 ","63,058 ","72,825 ","1,895,127 ","1,255,141 ","626,291 ","1,018,245 ","477,615 ","168,782 ","111,371 ","639,986 ","509,468 ","177,056 ","658,565 ","402,837 ",2.52 ,3.09 ,"2,065,946 ","1,895,127 ","170,819 ","105,609 ",0.90 ,4.10 ,"1,895,127 ","1,412,865 ","482,262 ",2.69 ,2.03 
Mississippi,"2,844,658 ","1,373,554 ","1,471,104 ","204,364 ","216,920 ","218,742 ","233,188 ","212,947 ","381,798 ","425,372 ","361,981 ","132,202 ","113,621 ","185,710 ","114,922 ","42,891 ",33.80 ,"2,069,471 ","977,930 ","1,091,541 ","1,923,445 ","409,722 ","343,523 ","135,890 ","207,633 ","2,824,637 ","1,746,099 ","1,033,809 ","11,652 ","18,626 ","3,827 ","3,099 ","2,608 ",766 ,"1,334 ","5,387 ","1,605 ",667 ,197 ,213 ,157 ,100 ,"13,784 ","20,021 ","1,761,658 ","1,041,708 ","19,555 ","23,281 ","1,901 ","18,635 ","2,844,658 ","39,569 ","21,616 ","2,881 ","1,508 ","13,564 ","2,805,089 ","1,727,908 ","2,844,658 ","2,749,244 ","1,046,434 ","520,844 ","883,590 ","657,312 ","192,598 ","101,556 ","105,778 ","46,738 ","95,414 ","50,826 ","44,588 ","1,046,434 ","747,159 ","363,416 ","520,844 ","234,484 ","180,705 ","106,203 ","299,275 ","257,708 ","100,616 ","414,602 ","248,129 ",2.63 ,3.14 ,"1,161,953 ","1,046,434 ","115,519 ","21,845 ",1.60 ,9.20 ,"1,046,434 ","756,967 ","289,467 ",2.67 ,2.52 
Missouri,"5,595,211 ","2,720,177 ","2,875,034 ","369,898 ","398,898 ","412,080 ","413,296 ","369,498 ","738,733 ","887,569 ","742,462 ","279,073 ","228,325 ","393,226 ","263,582 ","98,571 ",36.10 ,"4,167,519 ","1,988,560 ","2,178,959 ","3,919,855 ","887,864 ","755,379 ","307,235 ","448,144 ","5,513,150 ","4,748,083 ","629,391 ","25,076 ","61,595 ","12,169 ","13,667 ","7,735 ","3,337 ","6,767 ","10,626 ","7,294 ","3,178 ",594 ,435 ,"1,116 ","1,033 ","45,827 ","82,061 ","4,819,487 ","655,377 ","60,099 ","76,210 ","6,635 ","64,880 ","5,595,211 ","118,592 ","77,887 ","6,677 ","3,022 ","31,006 ","5,476,619 ","4,686,474 ","5,595,211 ","5,433,153 ","2,194,594 ","1,140,866 ","1,632,535 ","1,293,406 ","215,253 ","96,412 ","249,905 ","111,010 ","162,058 ","90,430 ","71,628 ","2,194,594 ","1,476,516 ","699,779 ","1,140,866 ","497,201 ","253,760 ","156,571 ","718,078 ","599,808 ","225,631 ","762,492 ","525,811 ",2.48 ,3.02 ,"2,442,017 ","2,194,594 ","247,423 ","66,053 ",2.10 ,9.00 ,"2,194,594 ","1,542,149 ","652,445 ",2.59 ,2.20 
Montana,"902,195 ","449,480 ","452,715 ","54,869 ","61,963 ","69,298 ","71,310 ","58,379 ","103,279 ","141,941 ","135,088 ","47,174 ","37,945 ","62,519 ","43,093 ","15,337 ",37.50 ,"672,133 ","331,235 ","340,898 ","631,866 ","142,988 ","120,949 ","52,942 ","68,007 ","886,465 ","817,229 ","2,692 ","56,068 ","4,691 ",379 ,827 ,859 ,885 ,833 ,199 ,709 ,470 ,217 ,73 ,72 ,108 ,"5,315 ","15,730 ","831,978 ","4,441 ","66,320 ","7,101 ","1,077 ","7,834 ","902,195 ","18,081 ","11,735 ",931 ,285 ,"5,130 ","884,114 ","807,823 ","902,195 ","877,433 ","358,667 ","192,067 ","254,549 ","211,642 ","26,425 ","11,907 ","45,725 ","17,941 ","24,762 ","12,068 ","12,694 ","358,667 ","237,407 ","111,807 ","192,067 ","82,384 ","32,016 ","21,201 ","121,260 ","98,422 ","35,991 ","119,550 ","83,982 ",2.45 ,2.99 ,"412,633 ","358,667 ","53,966 ","24,213 ",2.20 ,7.60 ,"358,667 ","247,723 ","110,944 ",2.55 ,2.22 
Nebraska,"1,711,263 ","843,351 ","867,912 ","117,048 ","123,445 ","128,934 ","134,909 ","120,331 ","223,273 ","263,834 ","225,754 ","77,584 ","63,956 ","115,699 ","82,543 ","33,953 ",35.30 ,"1,261,021 ","612,965 ","648,056 ","1,180,859 ","269,893 ","232,195 ","95,630 ","136,565 ","1,687,310 ","1,533,261 ","68,541 ","14,896 ","21,931 ","3,273 ","3,093 ","2,101 ","1,582 ","2,423 ","6,364 ","3,095 ",836 ,244 ,273 ,111 ,208 ,"47,845 ","23,953 ","1,554,164 ","75,833 ","22,204 ","26,809 ","1,733 ","55,996 ","1,711,263 ","94,425 ","71,030 ","1,993 ",859 ,"20,543 ","1,616,838 ","1,494,494 ","1,711,263 ","1,660,445 ","666,184 ","360,996 ","505,755 ","420,245 ","47,877 ","18,621 ","79,633 ","29,537 ","50,818 ","26,011 ","24,807 ","666,184 ","443,411 ","217,636 ","360,996 ","165,564 ","60,343 ","39,685 ","222,773 ","183,550 ","71,013 ","229,980 ","157,560 ",2.49 ,3.06 ,"722,668 ","666,184 ","56,484 ","11,912 ",1.80 ,7.60 ,"666,184 ","449,317 ","216,867 ",2.63 ,2.20 
Nevada,"1,998,257 ","1,018,051 ","980,206 ","145,817 ","149,322 ","139,193 ","127,169 ","130,006 ","306,611 ","321,961 ","269,050 ","105,057 ","85,142 ","131,775 ","70,165 ","16,989 ",35.00 ,"1,486,458 ","754,857 ","731,601 ","1,411,378 ","268,104 ","218,929 ","101,968 ","116,961 ","1,921,829 ","1,501,886 ","135,477 ","26,420 ","90,266 ","5,535 ","14,113 ","40,529 ","8,277 ","7,554 ","4,420 ","9,838 ","8,426 ","3,471 ","1,346 ","1,474 ","2,135 ","159,354 ","76,428 ","1,565,866 ","150,508 ","42,222 ","112,456 ","16,234 ","193,720 ","1,998,257 ","393,970 ","285,764 ","10,420 ","11,498 ","86,288 ","1,604,287 ","1,303,001 ","1,998,257 ","1,964,582 ","751,165 ","373,201 ","558,609 ","451,743 ","134,013 ","44,898 ","147,594 ","53,902 ","33,675 ","22,173 ","11,502 ","751,165 ","498,333 ","238,846 ","373,201 ","166,072 ","83,482 ","50,675 ","252,832 ","186,745 ","53,564 ","264,800 ","159,831 ",2.62 ,3.14 ,"827,457 ","751,165 ","76,292 ","16,526 ",2.60 ,9.70 ,"751,165 ","457,247 ","293,918 ",2.71 ,2.47 
New Hampshire,"1,235,786 ","607,687 ","628,099 ","75,685 ","88,537 ","93,255 ","86,688 ","68,766 ","160,061 ","221,179 ","183,986 ","62,664 ","46,995 ","78,327 ","51,412 ","18,231 ",37.10 ,"926,224 ","449,034 ","477,190 ","875,763 ","175,105 ","147,970 ","62,134 ","85,836 ","1,222,572 ","1,186,851 ","9,035 ","2,964 ","15,931 ","3,873 ","4,074 ","1,203 ",877 ,"1,800 ","1,697 ","2,407 ",371 ,117 ,83 ,63 ,108 ,"7,420 ","13,214 ","1,198,927 ","12,218 ","7,885 ","19,219 ",777 ,"10,895 ","1,235,786 ","20,489 ","4,590 ","6,215 ",785 ,"8,899 ","1,215,297 ","1,175,252 ","1,235,786 ","1,200,247 ","474,606 ","262,438 ","356,277 ","289,296 ","37,319 ","12,458 ","69,607 ","32,560 ","35,539 ","13,784 ","21,755 ","474,606 ","323,651 ","158,410 ","262,438 ","120,337 ","42,952 ","27,257 ","150,955 ","116,014 ","40,484 ","168,371 ","101,849 ",2.53 ,3.03 ,"547,024 ","474,606 ","72,418 ","56,413 ",1.00 ,3.50 ,"474,606 ","330,700 ","143,906 ",2.70 ,2.14 
New Jersey,"8,414,350 ","4,082,813 ","4,331,537 ","563,785 ","604,529 ","590,577 ","525,216 ","480,079 ","1,189,040 ","1,435,106 ","1,158,898 ","423,338 ","330,646 ","574,669 ","402,468 ","135,999 ",36.70 ,"6,326,792 ","3,013,338 ","3,313,454 ","6,033,473 ","1,303,854 ","1,113,136 ","446,780 ","666,356 ","8,200,595 ","6,104,705 ","1,141,821 ","19,492 ","480,276 ","169,180 ","100,355 ","85,245 ","14,672 ","65,349 ","15,180 ","30,295 ","3,329 ",634 ,779 ,563 ,"1,353 ","450,972 ","213,755 ","6,261,187 ","1,211,750 ","49,104 ","524,356 ","10,065 ","583,527 ","8,414,350 ","1,117,191 ","102,929 ","366,788 ","77,337 ","570,137 ","7,297,159 ","5,557,209 ","8,414,350 ","8,219,529 ","3,064,645 ","1,638,322 ","2,588,787 ","1,880,026 ","542,959 ","171,395 ","384,816 ","151,318 ","194,821 ","110,169 ","84,652 ","3,064,645 ","2,154,539 ","1,025,556 ","1,638,322 ","776,205 ","387,012 ","196,809 ","910,106 ","751,287 ","300,688 ","1,122,728 ","793,781 ",2.68 ,3.21 ,"3,310,275 ","3,064,645 ","245,630 ","109,075 ",1.20 ,4.50 ,"3,064,645 ","2,011,473 ","1,053,172 ",2.81 ,2.43 
New Mexico,"1,819,046 ","894,317 ","924,729 ","130,628 ","141,171 ","147,309 ","145,751 ","121,291 ","234,091 ","282,009 ","245,819 ","87,140 ","71,612 ","117,745 ","71,174 ","23,306 ",34.60 ,"1,310,472 ","635,067 ","675,405 ","1,227,546 ","253,786 ","212,225 ","93,199 ","119,026 ","1,752,719 ","1,214,253 ","34,343 ","173,483 ","19,255 ","3,104 ","3,979 ","2,888 ","1,964 ","1,791 ","3,274 ","2,255 ","1,503 ",498 ,363 ,290 ,352 ,"309,882 ","66,327 ","1,272,116 ","42,412 ","191,475 ","26,619 ","3,069 ","352,963 ","1,819,046 ","765,386 ","330,049 ","4,488 ","2,588 ","428,261 ","1,053,660 ","813,495 ","1,819,046 ","1,782,739 ","677,971 ","341,818 ","566,934 ","445,404 ","106,021 ","51,657 ","89,995 ","43,542 ","36,307 ","19,178 ","17,129 ","677,971 ","466,515 ","235,030 ","341,818 ","157,745 ","89,622 ","56,133 ","211,456 ","172,181 ","55,852 ","261,684 ","151,722 ",2.63 ,3.18 ,"780,579 ","677,971 ","102,608 ","31,990 ",2.20 ,11.60 ,"677,971 ","474,445 ","203,526 ",2.72 ,2.41 
New York,"18,976,457 ","9,146,748 ","9,829,709 ","1,239,417 ","1,351,857 ","1,332,433 ","1,287,544 ","1,244,309 ","2,757,324 ","3,074,298 ","2,552,936 ","932,008 ","755,979 ","1,276,046 ","860,818 ","311,488 ",35.90 ,"14,286,350 ","6,744,091 ","7,542,259 ","13,505,172 ","2,884,520 ","2,448,352 ","976,138 ","1,472,214 ","18,386,275 ","12,893,689 ","3,014,385 ","82,461 ","1,044,976 ","251,724 ","424,774 ","81,681 ","37,279 ","119,846 ","23,818 ","105,854 ","8,818 ","1,684 ","1,931 ","1,475 ","3,728 ","1,341,946 ","590,182 ","13,275,834 ","3,234,165 ","171,581 ","1,169,200 ","28,612 ","1,721,699 ","18,976,457 ","2,867,583 ","260,889 ","1,050,293 ","62,590 ","1,493,811 ","16,108,874 ","11,760,981 ","18,976,457 ","18,395,996 ","7,056,860 ","3,289,514 ","5,737,989 ","4,155,866 ","1,270,513 ","409,045 ","1,041,120 ","377,556 ","580,461 ","262,262 ","318,199 ","7,056,860 ","4,639,387 ","2,231,381 ","3,289,514 ","1,527,187 ","1,038,176 ","573,384 ","2,417,473 ","1,982,742 ","715,550 ","2,466,483 ","1,767,452 ",2.61 ,3.22 ,"7,679,307 ","7,056,860 ","622,447 ","235,043 ",1.60 ,4.60 ,"7,056,860 ","3,739,166 ","3,317,694 ",2.78 ,2.41 
North Carolina,"8,049,313 ","3,942,695 ","4,106,618 ","539,509 ","562,553 ","551,367 ","539,931 ","577,508 ","1,213,415 ","1,287,120 ","1,085,150 ","400,207 ","323,505 ","533,777 ","329,810 ","105,461 ",35.30 ,"6,085,266 ","2,936,570 ","3,148,696 ","5,733,268 ","1,157,861 ","969,048 ","389,011 ","580,037 ","7,946,053 ","5,804,656 ","1,737,545 ","99,551 ","113,689 ","26,197 ","18,984 ","9,592 ","5,664 ","12,600 ","15,596 ","25,056 ","3,983 ",932 ,"1,313 ",823 ,915 ,"186,629 ","103,260 ","5,884,608 ","1,776,283 ","131,736 ","136,212 ","8,574 ","223,222 ","8,049,313 ","378,963 ","246,545 ","31,117 ","7,389 ","93,912 ","7,670,350 ","5,647,155 ","8,049,313 ","7,795,432 ","3,132,013 ","1,645,346 ","2,218,247 ","1,744,451 ","413,465 ","174,201 ","386,361 ","143,680 ","253,881 ","106,659 ","147,222 ","3,132,013 ","2,158,869 ","995,648 ","1,645,346 ","707,506 ","389,997 ","227,351 ","973,144 ","795,271 ","270,141 ","1,104,659 ","682,982 ",2.49 ,2.98 ,"3,523,944 ","3,132,013 ","391,931 ","134,870 ",2.00 ,8.80 ,"3,132,013 ","2,172,355 ","959,658 ",2.54 ,2.37 
North Dakota,"642,200 ","320,524 ","321,676 ","39,400 ","42,982 ","47,464 ","53,618 ","50,503 ","76,887 ","98,004 ","85,431 ","28,926 ","24,507 ","45,901 ","33,851 ","14,726 ",36.20 ,"481,351 ","237,953 ","243,398 ","447,103 ","109,097 ","94,478 ","39,881 ","54,597 ","634,802 ","593,181 ","3,916 ","31,329 ","3,606 ",822 ,606 ,643 ,186 ,411 ,478 ,460 ,230 ,52 ,30 ,52 ,96 ,"2,540 ","7,398 ","599,918 ","5,372 ","35,228 ","4,967 ",475 ,"4,042 ","642,200 ","7,786 ","4,295 ",507 ,250 ,"2,734 ","634,414 ","589,149 ","642,200 ","618,569 ","257,152 ","137,433 ","182,394 ","152,563 ","12,947 ","4,980 ","28,643 ","11,379 ","23,631 ","9,688 ","13,943 ","257,152 ","166,150 ","80,453 ","137,433 ","62,002 ","20,148 ","13,639 ","91,002 ","75,420 ","29,487 ","83,975 ","63,607 ",2.41 ,3.00 ,"289,677 ","257,152 ","32,525 ","8,340 ",2.70 ,8.20 ,"257,152 ","171,299 ","85,853 ",2.60 ,2.02 
Ohio,"11,353,140 ","5,512,262 ","5,840,878 ","754,930 ","816,346 ","827,811 ","816,868 ","728,928 ","1,519,894 ","1,805,316 ","1,566,384 ","553,174 ","455,732 ","790,252 ","540,709 ","176,796 ",36.20 ,"8,464,801 ","4,034,377 ","4,430,424 ","7,977,101 ","1,773,210 ","1,507,757 ","608,559 ","899,198 ","11,195,255 ","9,645,453 ","1,301,307 ","24,486 ","132,633 ","38,752 ","30,425 ","12,393 ","10,732 ","13,376 ","9,812 ","17,143 ","2,749 ",788 ,618 ,565 ,778 ,"88,627 ","157,885 ","9,779,512 ","1,372,501 ","76,075 ","159,776 ","6,984 ","128,671 ","11,353,140 ","217,123 ","90,663 ","66,269 ","5,152 ","55,039 ","11,136,017 ","9,538,111 ","11,353,140 ","11,054,019 ","4,445,773 ","2,285,798 ","3,377,343 ","2,632,157 ","442,815 ","192,631 ","502,290 ","229,089 ","299,121 ","172,368 ","126,753 ","4,445,773 ","2,993,023 ","1,409,912 ","2,285,798 ","996,042 ","536,878 ","323,095 ","1,452,750 ","1,215,614 ","446,396 ","1,534,008 ","1,058,224 ",2.49 ,3.04 ,"4,783,051 ","4,445,773 ","337,278 ","47,239 ",1.60 ,8.30 ,"4,445,773 ","3,072,522 ","1,373,251 ",2.62 ,2.19 
Oklahoma,"3,450,654 ","1,695,895 ","1,754,759 ","236,353 ","244,525 ","252,029 ","269,373 ","247,165 ","451,647 ","523,522 ","453,761 ","173,199 ","143,130 ","242,499 ","156,276 ","57,175 ",35.50 ,"2,558,294 ","1,238,267 ","1,320,027 ","2,393,620 ","539,188 ","455,950 ","188,111 ","267,839 ","3,294,669 ","2,628,434 ","260,968 ","273,230 ","46,767 ","8,502 ","6,964 ","4,028 ","2,505 ","5,074 ","12,566 ","7,128 ","2,372 ",702 ,585 ,388 ,697 ,"82,898 ","155,985 ","2,770,035 ","284,766 ","391,949 ","58,723 ","5,123 ","102,585 ","3,450,654 ","179,304 ","132,813 ","8,153 ","1,759 ","36,579 ","3,271,350 ","2,556,368 ","3,450,654 ","3,338,279 ","1,342,293 ","717,611 ","989,710 ","796,868 ","153,263 ","72,426 ","135,402 ","53,307 ","112,375 ","66,746 ","45,629 ","1,342,293 ","921,750 ","434,793 ","717,611 ","311,735 ","152,575 ","94,403 ","420,543 ","358,560 ","135,273 ","479,275 ","319,395 ",2.49 ,3.02 ,"1,514,400 ","1,342,293 ","172,107 ","32,293 ",2.50 ,10.60 ,"1,342,293 ","918,259 ","424,034 ",2.55 ,2.36 
Oregon,"3,421,399 ","1,696,550 ","1,724,849 ","223,005 ","234,474 ","242,098 ","244,427 ","230,406 ","470,695 ","526,574 ","507,155 ","173,008 ","131,380 ","219,342 ","161,404 ","57,431 ",36.30 ,"2,574,873 ","1,262,405 ","1,312,468 ","2,429,348 ","513,663 ","438,177 ","186,477 ","251,700 ","3,316,654 ","2,961,623 ","55,662 ","45,211 ","101,350 ","9,575 ","20,930 ","10,627 ","12,131 ","12,387 ","18,890 ","16,810 ","7,976 ","2,244 ","1,015 ","1,124 ","3,593 ","144,832 ","104,745 ","3,055,670 ","72,647 ","85,667 ","127,339 ","16,019 ","176,866 ","3,421,399 ","275,314 ","214,662 ","5,092 ","3,091 ","52,469 ","3,146,085 ","2,857,616 ","3,421,399 ","3,343,908 ","1,333,723 ","692,532 ","937,610 ","766,709 ","144,570 ","51,617 ","235,473 ","84,634 ","77,491 ","37,901 ","39,590 ","1,333,723 ","877,671 ","410,803 ","692,532 ","296,404 ","130,782 ","83,131 ","456,052 ","347,624 ","121,200 ","445,764 ","305,475 ",2.51 ,3.02 ,"1,452,709 ","1,333,723 ","118,986 ","36,850 ",2.30 ,7.30 ,"1,333,723 ","856,951 ","476,772 ",2.59 ,2.36 
Pennsylvania,"12,281,054 ","5,929,663 ","6,351,391 ","727,804 ","827,945 ","863,849 ","850,986 ","746,086 ","1,560,486 ","1,948,076 ","1,705,032 ","619,969 ","511,656 ","969,272 ","712,326 ","237,567 ",38.00 ,"9,358,833 ","4,430,102 ","4,928,731 ","8,842,276 ","2,219,927 ","1,919,165 ","767,547 ","1,151,618 ","12,138,830 ","10,484,203 ","1,224,612 ","18,348 ","219,813 ","57,241 ","50,650 ","14,506 ","6,984 ","31,612 ","30,037 ","28,783 ","3,417 ",897 ,646 ,734 ,"1,140 ","188,437 ","142,224 ","10,596,409 ","1,289,123 ","52,650 ","248,601 ","8,790 ","238,700 ","12,281,054 ","394,088 ","55,178 ","228,557 ","10,363 ","99,990 ","11,886,966 ","10,322,455 ","12,281,054 ","11,847,753 ","4,777,003 ","2,467,673 ","3,555,036 ","2,653,125 ","525,185 ","201,853 ","522,856 ","237,622 ","433,301 ","213,790 ","219,511 ","4,777,003 ","3,208,388 ","1,430,808 ","2,467,673 ","1,043,071 ","554,693 ","298,021 ","1,568,615 ","1,320,941 ","555,374 ","1,559,281 ","1,328,237 ",2.48 ,3.04 ,"5,249,750 ","4,777,003 ","472,747 ","148,230 ",1.60 ,7.20 ,"4,777,003 ","3,406,337 ","1,370,666 ",2.62 ,2.12 
Rhode Island,"1,048,319 ","503,635 ","544,684 ","63,896 ","71,905 ","71,370 ","75,445 ","71,813 ","140,326 ","170,310 ","141,863 ","49,982 ","39,007 ","73,684 ","57,821 ","20,897 ",36.70 ,"800,497 ","376,436 ","424,061 ","748,445 ","175,111 ","152,402 ","60,002 ","92,400 ","1,020,068 ","891,191 ","46,908 ","5,121 ","23,665 ","2,942 ","4,974 ","2,062 ",784 ,"1,560 ",952 ,"10,391 ",567 ,114 ,248 ,80 ,125 ,"52,616 ","28,251 ","910,630 ","58,051 ","10,725 ","28,290 ","1,783 ","69,002 ","1,048,319 ","90,820 ","5,881 ","25,422 ","1,128 ","58,389 ","957,499 ","858,433 ","1,048,319 ","1,009,503 ","408,424 ","196,757 ","303,842 ","228,391 ","47,462 ","14,603 ","53,018 ","23,180 ","38,816 ","13,801 ","25,015 ","408,424 ","265,398 ","124,867 ","196,757 ","85,817 ","52,609 ","31,703 ","143,026 ","116,678 ","46,417 ","134,399 ","107,335 ",2.47 ,3.07 ,"439,837 ","408,424 ","31,413 ","12,988 ",1.00 ,5.00 ,"408,424 ","245,156 ","163,268 ",2.66 ,2.19 
South Carolina,"4,012,012 ","1,948,929 ","2,063,083 ","264,679 ","285,243 ","290,479 ","295,377 ","281,714 ","560,831 ","625,124 ","550,321 ","206,762 ","166,149 ","270,048 ","165,016 ","50,269 ",35.40 ,"3,002,371 ","1,432,413 ","1,569,958 ","2,814,131 ","581,573 ","485,333 ","196,734 ","288,599 ","3,972,062 ","2,695,560 ","1,185,216 ","13,718 ","36,014 ","8,356 ","5,967 ","6,423 ","2,448 ","3,665 ","4,248 ","4,907 ","1,628 ",391 ,489 ,277 ,471 ,"39,926 ","39,950 ","2,727,208 ","1,200,901 ","27,456 ","44,931 ","3,778 ","51,346 ","4,012,012 ","95,076 ","52,871 ","12,211 ","2,875 ","27,119 ","3,916,936 ","2,652,291 ","4,012,012 ","3,876,975 ","1,533,854 ","783,142 ","1,153,601 ","875,535 ","235,486 ","112,044 ","170,892 ","70,422 ","135,037 ","60,533 ","74,504 ","1,533,854 ","1,072,822 ","495,276 ","783,142 ","333,951 ","226,958 ","131,010 ","461,032 ","383,142 ","132,302 ","560,160 ","346,175 ",2.53 ,3.02 ,"1,753,670 ","1,533,854 ","219,816 ","70,198 ",1.90 ,12.00 ,"1,533,854 ","1,107,617 ","426,237 ",2.59 ,2.37 
South Dakota,"754,844 ","374,558 ","380,286 ","51,069 ","54,486 ","59,463 ","62,463 ","52,802 ","91,013 ","115,386 ","97,682 ","33,611 ","28,738 ","53,129 ","38,916 ","16,086 ",35.60 ,"552,195 ","270,597 ","281,598 ","515,188 ","125,089 ","108,131 ","45,615 ","62,516 ","744,688 ","669,404 ","4,685 ","62,283 ","4,378 ",611 ,816 ,613 ,350 ,584 ,574 ,830 ,261 ,79 ,58 ,47 ,77 ,"3,677 ","10,156 ","678,604 ","6,687 ","68,281 ","6,009 ",556 ,"5,351 ","754,844 ","10,903 ","6,364 ",637 ,163 ,"3,739 ","743,941 ","664,585 ","754,844 ","726,426 ","290,245 ","157,391 ","222,428 ","185,835 ","22,696 ","10,716 ","33,666 ","13,891 ","28,418 ","14,387 ","14,031 ","290,245 ","194,330 ","95,180 ","157,391 ","71,148 ","26,205 ","17,645 ","95,915 ","80,040 ","32,163 ","100,977 ","72,515 ",2.50 ,3.07 ,"323,208 ","290,245 ","32,963 ","9,839 ",1.80 ,8.00 ,"290,245 ","197,940 ","92,305 ",2.64 ,2.22 
Tennessee,"5,689,283 ","2,770,275 ","2,919,008 ","374,880 ","395,813 ","395,155 ","395,184 ","386,345 ","815,901 ","902,527 ","786,916 ","293,942 ","239,309 ","382,852 ","238,994 ","81,465 ",35.90 ,"4,290,762 ","2,051,741 ","2,239,021 ","4,046,450 ","842,141 ","703,311 ","281,882 ","421,429 ","5,626,174 ","4,563,310 ","932,809 ","15,152 ","56,662 ","12,835 ","9,426 ","5,426 ","4,304 ","7,395 ","7,007 ","10,269 ","2,205 ",539 ,696 ,544 ,426 ,"56,036 ","63,109 ","4,617,553 ","953,349 ","39,188 ","68,918 ","4,587 ","72,929 ","5,689,283 ","123,838 ","77,372 ","10,303 ","3,695 ","32,468 ","5,565,445 ","4,505,930 ","5,689,283 ","5,541,337 ","2,232,905 ","1,173,960 ","1,611,789 ","1,239,200 ","287,253 ","126,284 ","235,430 ","93,948 ","147,946 ","83,397 ","64,549 ","2,232,905 ","1,547,835 ","707,305 ","1,173,960 ","499,298 ","287,899 ","165,842 ","685,070 ","576,401 ","201,850 ","785,816 ","502,332 ",2.48 ,2.99 ,"2,439,443 ","2,232,905 ","206,538 ","36,712 ",2.00 ,8.80 ,"2,232,905 ","1,561,363 ","671,542 ",2.57 ,2.29 
Texas,"20,851,820 ","10,352,910 ","10,498,910 ","1,624,628 ","1,654,184 ","1,631,192 ","1,636,232 ","1,539,404 ","3,162,083 ","3,322,238 ","2,611,137 ","896,521 ","701,669 ","1,142,608 ","691,984 ","237,940 ",32.30 ,"14,965,061 ","7,338,177 ","7,626,884 ","13,981,939 ","2,479,192 ","2,072,532 ","862,181 ","1,210,351 ","20,337,187 ","14,799,505 ","2,404,566 ","118,362 ","562,319 ","129,365 ","105,829 ","58,340 ","17,120 ","45,571 ","134,961 ","71,133 ","14,434 ","3,475 ","3,641 ","2,491 ","4,827 ","2,438,001 ","514,633 ","15,240,387 ","2,493,057 ","215,599 ","644,193 ","29,094 ","2,766,586 ","20,851,820 ","6,669,666 ","5,071,963 ","69,504 ","25,705 ","1,502,494 ","14,182,154 ","10,933,313 ","20,851,820 ","20,290,711 ","7,393,354 ","3,989,741 ","6,565,663 ","5,164,472 ","1,419,208 ","601,820 ","922,745 ","327,246 ","561,109 ","374,704 ","186,405 ","7,393,354 ","5,247,794 ","2,723,330 ","3,989,741 ","2,001,628 ","937,589 ","564,288 ","2,145,560 ","1,752,141 ","536,286 ","3,027,570 ","1,469,876 ",2.74 ,3.28 ,"8,157,575 ","7,393,354 ","764,221 ","173,149 ",1.80 ,8.50 ,"7,393,354 ","4,716,959 ","2,676,395 ",2.87 ,2.53 
Utah,"2,233,169 ","1,119,031 ","1,114,138 ","209,378 ","193,033 ","192,288 ","216,278 ","225,152 ","327,064 ","299,536 ","237,710 ","80,053 ","62,455 ","101,548 ","66,923 ","21,751 ",27.10 ,"1,514,471 ","749,235 ","765,236 ","1,379,043 ","226,230 ","190,222 ","83,228 ","106,994 ","2,185,974 ","1,992,975 ","17,657 ","29,684 ","37,108 ","3,065 ","8,045 ","3,106 ","6,186 ","3,473 ","5,968 ","7,265 ","15,145 ","1,251 ",202 ,"4,523 ","9,169 ","93,405 ","47,195 ","2,034,448 ","24,382 ","40,445 ","48,692 ","21,367 ","113,950 ","2,233,169 ","201,559 ","136,416 ","3,977 ",940 ,"60,226 ","2,031,610 ","1,904,265 ","2,233,169 ","2,192,689 ","701,281 ","442,931 ","828,541 ","663,394 ","105,800 ","41,916 ","114,136 ","24,104 ","40,480 ","19,467 ","21,013 ","701,281 ","535,294 ","299,746 ","442,931 ","245,743 ","65,941 ","40,329 ","165,987 ","124,756 ","43,908 ","321,108 ","130,469 ",3.13 ,3.57 ,"768,594 ","701,281 ","67,313 ","29,685 ",2.10 ,6.50 ,"701,281 ","501,547 ","199,734 ",3.28 ,2.75 
Vermont,"608,827 ","298,337 ","310,490 ","33,989 ","41,101 ","45,397 ","45,770 ","37,852 ","74,567 ","101,889 ","93,832 ","32,603 ","24,317 ","40,683 ","26,831 ","9,996 ",37.70 ,"461,304 ","222,606 ","238,698 ","433,348 ","91,615 ","77,510 ","32,241 ","45,269 ","601,492 ","589,208 ","3,063 ","2,420 ","5,217 ",858 ,"1,330 ",328 ,403 ,669 ,980 ,649 ,141 ,30 ,28 ,44 ,39 ,"1,443 ","7,335 ","596,079 ","4,492 ","6,396 ","6,622 ",308 ,"2,727 ","608,827 ","5,504 ","1,174 ","1,374 ",310 ,"2,646 ","603,323 ","585,431 ","608,827 ","588,067 ","240,634 ","126,413 ","167,320 ","138,281 ","14,866 ","5,033 ","38,834 ","18,079 ","20,760 ","5,663 ","15,097 ","240,634 ","157,763 ","76,409 ","126,413 ","55,907 ","22,272 ","14,792 ","82,871 ","63,112 ","22,955 ","80,904 ","54,149 ",2.44 ,2.96 ,"294,382 ","240,634 ","53,748 ","43,060 ",1.40 ,4.20 ,"240,634 ","169,784 ","70,850 ",2.58 ,2.11 
Virginia,"7,078,515 ","3,471,895 ","3,606,620 ","461,982 ","495,084 ","495,955 ","484,065 ","480,574 ","1,036,965 ","1,200,690 ","999,256 ","358,442 ","273,169 ","432,456 ","272,611 ","87,266 ",35.70 ,"5,340,253 ","2,582,793 ","2,757,460 ","5,039,883 ","948,784 ","792,333 ","322,801 ","469,532 ","6,935,446 ","5,120,110 ","1,390,293 ","21,172 ","261,025 ","48,815 ","36,966 ","47,609 ","9,080 ","45,279 ","37,309 ","35,967 ","3,946 ","1,023 ","1,310 ",631 ,982 ,"138,900 ","143,069 ","5,233,601 ","1,441,207 ","52,864 ","304,559 ","9,984 ","190,308 ","7,078,515 ","329,540 ","73,979 ","41,131 ","8,332 ","206,098 ","6,748,975 ","4,965,637 ","7,078,515 ","6,847,117 ","2,699,173 ","1,426,044 ","1,991,214 ","1,561,010 ","355,604 ","138,678 ","375,082 ","126,365 ","231,398 ","111,484 ","119,914 ","2,699,173 ","1,847,796 ","881,893 ","1,426,044 ","645,504 ","320,290 ","186,591 ","851,377 ","676,907 ","216,588 ","968,736 ","565,204 ",2.54 ,3.04 ,"2,904,192 ","2,699,173 ","205,019 ","54,696 ",1.50 ,5.20 ,"2,699,173 ","1,837,939 ","861,234 ",2.62 ,2.36 
Washington,"5,894,121 ","2,934,300 ","2,959,821 ","394,306 ","425,909 ","434,836 ","427,968 ","390,185 ","841,130 ","975,087 ","845,972 ","285,505 ","211,075 ","337,166 ","240,897 ","84,085 ",35.30 ,"4,380,278 ","2,157,240 ","2,223,038 ","4,127,976 ","782,897 ","662,148 ","281,985 ","380,163 ","5,680,602 ","4,821,823 ","190,267 ","93,301 ","322,335 ","23,992 ","59,914 ","65,373 ","35,985 ","46,880 ","46,149 ","44,042 ","23,953 ","4,883 ","5,823 ","8,049 ","5,198 ","228,923 ","213,519 ","5,003,180 ","238,398 ","158,940 ","395,741 ","42,761 ","287,400 ","5,894,121 ","441,509 ","329,934 ","16,140 ","4,501 ","90,934 ","5,452,612 ","4,652,490 ","5,894,121 ","5,757,739 ","2,271,398 ","1,181,995 ","1,691,535 ","1,385,475 ","236,631 ","85,991 ","376,180 ","139,469 ","136,382 ","57,218 ","79,164 ","2,271,398 ","1,499,127 ","742,481 ","1,181,995 ","541,636 ","224,618 ","146,920 ","772,271 ","594,325 ","184,924 ","799,102 ","463,007 ",2.53 ,3.07 ,"2,451,075 ","2,271,398 ","179,677 ","60,355 ",1.80 ,5.90 ,"2,271,398 ","1,467,009 ","804,389 ",2.65 ,2.32 
West Virginia,"1,808,344 ","879,170 ","929,174 ","101,805 ","111,150 ","116,182 ","125,578 ","120,109 ","229,094 ","272,249 ","270,466 ","98,916 ","85,900 ","148,463 ","96,653 ","31,779 ",38.90 ,"1,405,951 ","672,385 ","733,566 ","1,326,880 ","327,270 ","276,895 ","112,538 ","164,357 ","1,792,556 ","1,718,777 ","57,232 ","3,606 ","9,434 ","2,856 ","1,878 ","1,495 ",887 ,857 ,379 ,"1,082 ",400 ,111 ,87 ,79 ,123 ,"3,107 ","15,788 ","1,733,390 ","62,817 ","10,644 ","11,873 ",887 ,"5,579 ","1,808,344 ","12,279 ","4,347 ","1,609 ",453 ,"5,870 ","1,796,065 ","1,709,966 ","1,808,344 ","1,765,197 ","736,481 ","397,499 ","491,697 ","363,929 ","68,787 ","28,216 ","70,733 ","34,755 ","43,147 ","24,009 ","19,138 ","736,481 ","504,055 ","213,072 ","397,499 ","156,927 ","79,120 ","42,304 ","232,426 ","199,587 ","87,568 ","233,906 ","201,399 ",2.40 ,2.90 ,"844,623 ","736,481 ","108,142 ","32,757 ",2.20 ,9.10 ,"736,481 ","553,699 ","182,782 ",2.47 ,2.17 
Wisconsin,"5,363,675 ","2,649,041 ","2,714,634 ","342,340 ","379,484 ","403,074 ","407,195 ","357,292 ","706,168 ","875,522 ","732,306 ","252,742 ","204,999 ","355,307 ","251,621 ","95,625 ",36.00 ,"3,994,919 ","1,947,336 ","2,047,583 ","3,751,033 ","822,236 ","702,553 ","291,510 ","411,043 ","5,296,780 ","4,769,857 ","304,460 ","47,228 ","88,763 ","12,665 ","11,184 ","5,158 ","2,868 ","6,800 ","3,891 ","46,197 ","1,630 ",458 ,332 ,333 ,507 ,"84,842 ","66,895 ","4,827,514 ","326,506 ","69,386 ","102,768 ","4,310 ","104,662 ","5,363,675 ","192,921 ","126,719 ","30,267 ","2,491 ","33,444 ","5,170,754 ","4,681,630 ","5,363,675 ","5,207,717 ","2,084,544 ","1,108,597 ","1,577,549 ","1,273,539 ","158,295 ","61,165 ","278,732 ","117,967 ","155,958 ","79,073 ","76,885 ","2,084,544 ","1,386,815 ","665,239 ","1,108,597 ","493,530 ","200,300 ","128,952 ","697,729 ","557,875 ","207,206 ","706,399 ","479,787 ",2.50 ,3.05 ,"2,321,144 ","2,084,544 ","236,600 ","142,313 ",1.20 ,5.60 ,"2,084,544 ","1,426,361 ","658,183 ",2.66 ,2.15 
Wyoming,"493,782 ","248,374 ","245,408 ","30,940 ","34,127 ","38,376 ","41,903 ","33,455 ","59,854 ","78,765 ","74,079 ","24,935 ","19,655 ","31,343 ","19,615 ","6,735 ",36.20 ,"364,909 ","182,138 ","182,771 ","340,803 ","69,045 ","57,693 ","25,377 ","32,316 ","484,899 ","454,670 ","3,722 ","11,133 ","2,771 ",354 ,609 ,472 ,485 ,412 ,100 ,339 ,302 ,75 ,65 ,63 ,99 ,"12,301 ","8,883 ","462,902 ","4,863 ","15,012 ","4,107 ",614 ,"15,610 ","493,782 ","31,669 ","19,963 ",575 ,160 ,"10,971 ","462,113 ","438,799 ","493,782 ","479,699 ","193,608 ","106,179 ","141,464 ","118,704 ","13,953 ","6,379 ","24,495 ","10,381 ","14,083 ","7,861 ","6,222 ","193,608 ","130,497 ","63,263 ","106,179 ","46,996 ","16,837 ","11,604 ","63,111 ","50,980 ","17,059 ","67,742 ","40,335 ",2.48 ,3.00 ,"223,854 ","193,608 ","30,246 ","12,389 ",2.10 ,9.70 ,"193,608 ","135,514 ","58,094 ",2.58 ,2.25 
