YearState,ElectionYear,StateAbbriviation,StateName,PercentCitizenWhite,PercentCitizenBlack,PercentCitizenAsian,PercentCitizenHispanic,TotalVotingAgePopulation,TotalVotingAgeCitizen,TotalPercentCitizen,TotalRegisteredVoters,TotalPercentRegisteredCitizens,TotalTotalVotes,TotalPercentVotedCitizen,MaleVotingAgePopulation,MaleVotingAgeCitizen,MalePercentCitizen,MaleRegisteredVoters,MalePercentRegisteredCitizens,MaleTotalVotes,MalePercentVotedCitizen,FemaleVotingAgePopulation,FemaleVotingAgeCitizen,FemalePercentCitizen,FemaleRegisteredVoters,FemalePercentRegisteredCitizens,FemaleTotalVotes,FemalePercentVotedCitizen,WhiteNonHispanicVotingAgePopulation,WhiteNonHispanicVotingAgeCitizen,WhiteNonHispanicPercentCitizen,WhiteNonHispanicRegisteredVoters,WhiteNonHispanicPercentRegisteredCitizens,WhiteNonHispanicTotalVotes,WhiteNonHispanicPercentVotedCitizen,BlackVotingAgePopulation,BlackVotingAgeCitizen,BlackPercentCitizen,BlackRegisteredVoters,BlackPercentRegisteredCitizens,BlackTotalVotes,BlackPercentVotedCitizen,AsianPacificIslanderVotingAgePopulation,AsianPacificIslanderVotingAgeCitizen,AsianPacificIslanderPercentCitizen,AsianPacificIslanderRegisteredVoters,AsianPacificIslanderPercentRegisteredCitizens,AsianPacificIslanderTotalVotes,AsianPacificIslanderPercentVotedCitizen,HispanicVotingAgePopulation,HispanicVotingAgeCitizen,HispanicPercentCitizen,HispanicRegisteredVoters,HispanicPercentRegisteredCitizens,HispanicTotalVotes,HispanicPercentVotedCitizen
2010-USA,2010,USA,UNITED STATES,0.725469639,0.121593928,0.03623814,0.100972486,229690,210800,0.917758718,137263,0.651152751,95987,0.4553463,111098,101279,0.911618571,64337,0.635245214,45392,0.44818768,118592,109521,0.923510861,72926,0.665863168,50595,0.461966198,155680,152929,0.982329137,104316,0.682120461,74372,0.48631718,27396,25632,0.935611038,16101,0.628160112,11149,0.434964107,11049,7639,0.691374785,3765,0.492865558,2354,0.308155518,32457,21285,0.655790739,10982,0.5159502,6646,0.312238666
2010-AL,2010,AL,ALABAMA,0.72251462,0.25380117,0.004678363,0.019005848,3526,3420,0.969937606,2224,0.650292398,1509,0.44122807,1652,1580,0.956416465,989,0.625949367,664,0.420253165,1873,1840,0.982381207,1235,0.671195652,845,0.45923913,2485,2471,0.994366197,1595,0.645487657,1086,0.439498179,868,868,1,599,0.690092166,403,0.464285714,31,16,0.516129032,4,0.25,4,0.25,142,65,0.457746479,34,0.523076923,14,0.215384615
2010-AK,2010,AK,ALASKA,0.746861925,0.050209205,0.020920502,0.041841004,498,478,0.959839357,317,0.663179916,242,0.506276151,252,243,0.964285714,161,0.66255144,127,0.522633745,246,235,0.955284553,156,0.663829787,115,0.489361702,364,357,0.980769231,253,0.708683473,202,0.565826331,24,24,1,13,0.541666667,7,0.291666667,19,10,0.526315789,4,0.4,2,0.2,23,20,0.869565217,10,0.5,7,0.35
2010-AZ,2010,AZ,ARIZONA,0.671618276,0.041863606,0.017780779,0.238802611,4831,4443,0.919685365,2934,0.660364619,2170,0.488408733,2391,2239,0.936428273,1419,0.633765074,1075,0.480125056,2439,2204,0.903649036,1516,0.68784029,1095,0.496823956,3019,2984,0.988406757,2050,0.686997319,1565,0.524463807,193,186,0.96373057,122,0.655913978,76,0.408602151,97,79,0.81443299,62,0.784810127,49,0.620253165,1389,1061,0.763858891,610,0.574929312,407,0.383600377
2010-AR,2010,AR,ARKANSAS,0.800290135,0.149903288,0.007253385,0.023210832,2140,2068,0.96635514,1256,0.607350097,841,0.406673114,1021,979,0.958863859,569,0.581205312,382,0.390194076,1120,1089,0.972321429,687,0.630853994,459,0.421487603,1659,1655,0.997588909,1038,0.627190332,705,0.425981873,310,310,1,168,0.541935484,100,0.322580645,48,15,0.3125,7,0.466666667,3,0.2,83,48,0.578313253,14,0.291666667,10,0.208333333
2010-CA,2010,CA,CALIFORNIA,0.526419818,0.072956472,0.129046427,0.25545746,27381,22767,0.831488989,13864,0.608951553,10725,0.471076558,13470,11111,0.824870082,6705,0.603456035,5160,0.464404644,13910,11656,0.837958303,7160,0.614275909,5565,0.477436513,12418,11985,0.965131261,8197,0.683938256,6713,0.560116813,1728,1661,0.961226852,932,0.561107766,708,0.426249247,3860,2938,0.761139896,1472,0.501021103,1008,0.343090538,9004,5816,0.64593514,3025,0.520116919,2058,0.353851444
2010-CO,2010,CO,COLORADO,0.797005471,0.03714368,0.020155485,0.131010654,3768,3473,0.92170913,2299,0.66196372,1826,0.525770227,1865,1711,0.917426273,1104,0.645236704,871,0.50905903,1903,1762,0.925906463,1196,0.67877412,955,0.54199773,2825,2768,0.979823009,1938,0.700144509,1577,0.569725434,148,129,0.871621622,82,0.635658915,60,0.465116279,112,70,0.625,32,0.457142857,21,0.3,629,455,0.723370429,214,0.47032967,144,0.316483516
2010-CT,2010,CT,CONNECTICUT,0.818514007,0.084855867,0.019894438,0.07998376,2648,2463,0.930135952,1641,0.666260658,1215,0.493300853,1274,1171,0.919152276,767,0.65499573,577,0.492741247,1374,1292,0.940320233,874,0.676470588,638,0.49380805,2073,2016,0.972503618,1386,0.6875,1052,0.521825397,247,209,0.846153846,132,0.631578947,93,0.444976077,102,49,0.480392157,29,0.591836735,22,0.448979592,243,197,0.810699588,111,0.563451777,56,0.284263959
2010-DE,2010,DE,DELAWARE,0.749211356,0.205047319,0.011041009,0.029968454,667,634,0.950524738,418,0.659305994,323,0.509463722,318,300,0.943396226,190,0.633333333,147,0.49,349,334,0.957020057,228,0.682634731,177,0.52994012,479,475,0.991649269,324,0.682105263,249,0.524210526,134,130,0.970149254,79,0.607692308,64,0.492307692,11,7,0.636363636,4,0.571428571,4,0.571428571,40,19,0.475,9,0.473684211,6,0.315789474
2010-DC,2010,DC,DISTRICT OF COLUMBIA,0.383219955,0.530612245,0.027210884,0.052154195,489,441,0.901840491,295,0.66893424,200,0.453514739,223,200,0.896860987,127,0.635,84,0.42,266,241,0.906015038,168,0.697095436,116,0.481327801,181,169,0.933701657,124,0.733727811,80,0.473372781,244,234,0.959016393,146,0.623931624,103,0.44017094,14,12,0.857142857,9,0.75,6,0.5,45,23,0.511111111,12,0.52173913,8,0.347826087
2010-FL,2010,FL,FLORIDA,0.672599827,0.137670316,0.02165866,0.1653934,14227,12697,0.892458002,7994,0.629597543,5572,0.438843821,6872,6114,0.889697322,3735,0.610893032,2623,0.429015375,7355,6582,0.894901428,4259,0.647067761,2949,0.448040109,8797,8540,0.970785495,5529,0.647423888,3902,0.456908665,2046,1748,0.854349951,1073,0.613844394,725,0.414759725,390,275,0.705128205,128,0.465454545,68,0.247272727,2962,2100,0.708980419,1239,0.59,863,0.410952381
2010-GA,2010,GA,GEORGIA,0.642683298,0.301642835,0.023881959,0.029510192,7119,6574,0.923444304,4076,0.620018254,2865,0.435807727,3404,3121,0.916862515,1929,0.618071131,1338,0.428708747,3715,3453,0.929475101,2147,0.621778164,1527,0.442224153,4294,4225,0.983931067,2657,0.62887574,1845,0.436686391,2066,1983,0.95982575,1260,0.635400908,929,0.468482098,254,157,0.618110236,51,0.324840764,23,0.146496815,519,194,0.373795761,77,0.396907216,46,0.237113402
2010-HI,2010,HI,HAWAII,0.179372197,0.030269058,0.441704036,0.08632287,965,892,0.924352332,466,0.522421525,385,0.43161435,471,442,0.938428875,226,0.511312217,182,0.411764706,494,449,0.908906883,240,0.534521158,203,0.452115813,169,160,0.946745562,90,0.5625,76,0.475,28,27,0.964285714,10,0.37037037,10,0.37037037,432,394,0.912037037,223,0.565989848,192,0.487309645,85,77,0.905882353,39,0.506493506,27,0.350649351
2010-ID,2010,ID,IDAHO,0.900763359,0.007633588,0.004770992,0.058206107,1114,1048,0.940754039,666,0.635496183,498,0.47519084,546,513,0.93956044,325,0.633528265,235,0.458089669,568,535,0.941901408,341,0.637383178,263,0.491588785,955,944,0.988481675,628,0.665254237,475,0.503177966,8,8,1,4,0.5,4,0.5,19,5,0.263157895,0,0,0,0,100,61,0.61,17,0.278688525,9,0.147540984
2010-IL,2010,IL,ILLINOIS,0.734510251,0.144191344,0.029954442,0.085307517,9619,8780,0.912776796,5823,0.663211845,3994,0.454897494,4661,4202,0.901523278,2670,0.635411709,1872,0.445502142,4958,4578,0.923356192,3152,0.688510266,2122,0.463521188,6606,6449,0.976233727,4415,0.684602264,2991,0.463792836,1312,1266,0.964939024,844,0.666666667,658,0.519747235,434,263,0.605990783,132,0.501901141,88,0.33460076,1220,749,0.613934426,388,0.518024032,241,0.32176235
2010-IN,2010,IN,INDIANA,0.882923674,0.078266494,0.002587322,0.021992238,4777,4638,0.97090224,2838,0.611901682,1826,0.393704183,2317,2233,0.963746224,1315,0.588893865,892,0.399462606,2459,2405,0.978039854,1523,0.633264033,934,0.388357588,4114,4095,0.995381624,2515,0.614163614,1632,0.398534799,371,363,0.978436658,254,0.699724518,158,0.435261708,35,12,0.342857143,0,0,0,0,195,102,0.523076923,33,0.323529412,19,0.18627451
2010-IA,2010,IA,IOWA,0.938672769,0.023340961,0.004118993,0.017391304,2278,2185,0.959174715,1547,0.708009153,1143,0.523112128,1114,1064,0.955116697,729,0.685150376,544,0.511278195,1164,1121,0.963058419,818,0.72970562,599,0.534344335,2068,2051,0.991779497,1479,0.721111653,1096,0.534373476,57,51,0.894736842,29,0.568627451,17,0.333333333,21,9,0.428571429,4,0.444444444,3,0.333333333,96,38,0.395833333,15,0.394736842,10,0.263157895
2010-KS,2010,KS,KANSAS,0.865550482,0.053272451,0.016235413,0.034500254,2059,1971,0.957260806,1349,0.68442415,931,0.472349061,1022,975,0.954011742,658,0.674871795,457,0.468717949,1038,996,0.959537572,691,0.6937751,474,0.475903614,1719,1706,0.992437464,1203,0.705158265,843,0.494138335,113,105,0.92920354,52,0.495238095,34,0.323809524,47,32,0.680851064,15,0.46875,11,0.34375,125,68,0.544,45,0.661764706,20,0.294117647
2010-KY,2010,KY,KENTUCKY,0.905319823,0.062064598,0.003799873,0.02279924,3250,3158,0.971692308,2113,0.669094364,1479,0.468334389,1552,1505,0.969716495,956,0.635215947,704,0.467774086,1698,1652,0.972909305,1157,0.700363196,775,0.469128329,2889,2859,0.989615784,1967,0.688002798,1381,0.483036027,203,196,0.965517241,118,0.602040816,76,0.387755102,33,12,0.363636364,10,0.833333333,10,0.833333333,109,72,0.660550459,8,0.111111111,2,0.027777778
2010-LA,2010,LA,LOUISIANA,0.653893696,0.30315204,0.002781211,0.020704574,3314,3236,0.976463488,2425,0.749381953,1618,0.5,1555,1520,0.977491961,1111,0.730921053,766,0.503947368,1759,1717,0.976122797,1314,0.765288294,852,0.496214327,2129,2116,0.993893847,1597,0.754725898,1087,0.513705104,981,981,1,743,0.757390418,480,0.489296636,36,9,0.25,3,0.333333333,3,0.333333333,104,67,0.644230769,42,0.626865672,16,0.23880597
2010-ME,2010,ME,MAINE,0.972468043,0.008849558,0.003933137,0.004916421,1034,1017,0.983558994,779,0.765978368,604,0.593903638,499,487,0.975951904,363,0.745379877,284,0.583162218,535,530,0.990654206,416,0.78490566,320,0.603773585,1000,989,0.989,763,0.77148635,594,0.600606673,13,9,0.692307692,5,0.555555556,2,0.222222222,6,4,0.666666667,2,0.5,2,0.5,6,5,0.833333333,4,0.8,2,0.4
2010-MD,2010,MD,MARYLAND,0.630158318,0.28082014,0.039449779,0.043083312,4279,3853,0.900444029,2509,0.651180898,1802,0.467687516,2039,1818,0.891613536,1156,0.635863586,823,0.45269527,2240,2035,0.908482143,1353,0.664864865,979,0.481081081,2474,2428,0.981406629,1638,0.674629325,1189,0.48970346,1217,1082,0.889071487,685,0.633086876,505,0.466728281,240,152,0.633333333,71,0.467105263,41,0.269736842,337,166,0.492581602,90,0.542168675,55,0.331325301
2010-MA,2010,MA,MASSACHUSETTS,0.844515442,0.050266241,0.028541001,0.073695421,5097,4695,0.921130077,3230,0.687965921,2452,0.522257721,2436,2235,0.917487685,1486,0.664876957,1168,0.522595078,2661,2460,0.924464487,1743,0.708536585,1284,0.52195122,4114,3965,0.963782207,2910,0.733921816,2258,0.569482976,319,236,0.739811912,109,0.461864407,93,0.394067797,216,134,0.62037037,63,0.470149254,44,0.328358209,430,346,0.804651163,134,0.387283237,48,0.138728324
2010-MI,2010,MI,MICHIGAN,0.808249721,0.135730212,0.016443701,0.023829431,7513,7176,0.955144416,5127,0.714464883,3394,0.47296544,3606,3438,0.953410982,2393,0.696044212,1606,0.467132054,3907,3738,0.956744305,2734,0.73140717,1787,0.478063135,5929,5800,0.978242537,4281,0.738103448,2817,0.485689655,997,974,0.976930792,598,0.613963039,407,0.417864476,244,118,0.483606557,49,0.415254237,34,0.288135593,229,171,0.746724891,107,0.625730994,68,0.397660819
2010-MN,2010,MN,MINNESOTA,0.918537859,0.026370757,0.01462141,0.023237598,3982,3830,0.961828227,2756,0.719582245,2104,0.549347258,1965,1892,0.962849873,1341,0.708773784,1016,0.536997886,2017,1938,0.96083292,1415,0.730134159,1088,0.561403509,3556,3518,0.989313836,2598,0.738487777,1997,0.567652075,140,101,0.721428571,62,0.613861386,45,0.445544554,84,56,0.666666667,23,0.410714286,14,0.25,138,89,0.644927536,43,0.483146067,30,0.337078652
2010-MS,2010,MS,MISSISSIPPI,0.623382846,0.345471969,0.009103977,0.003833253,2113,2087,0.98769522,1532,0.73406804,983,0.471011021,1000,987,0.987,674,0.682877406,425,0.430597771,1113,1099,0.987421384,857,0.779799818,558,0.507734304,1307,1301,0.995409334,965,0.741737125,620,0.476556495,721,721,1,534,0.740638003,351,0.486823856,29,19,0.655172414,12,0.631578947,2,0.105263158,17,8,0.470588235,5,0.625,3,0.375
2010-MO,2010,MO,MISSOURI,0.853886483,0.107590609,0.00478687,0.014816503,4506,4387,0.973590768,3013,0.686801915,2004,0.456804194,2164,2083,0.962569316,1414,0.678828613,941,0.45175228,2342,2304,0.983774552,1598,0.693576389,1063,0.461371528,3764,3746,0.995217853,2585,0.690069407,1731,0.462092899,484,472,0.975206612,338,0.716101695,224,0.474576271,35,21,0.6,3,0.142857143,0,0,140,65,0.464285714,37,0.569230769,24,0.369230769
2010-MT,2010,MT,MONTANA,0.880376344,0.00672043,0.002688172,0.02688172,753,744,0.988047809,491,0.659946237,386,0.518817204,371,368,0.991913747,250,0.679347826,196,0.532608696,381,376,0.98687664,241,0.640957447,191,0.507978723,659,655,0.993930197,441,0.673282443,351,0.535877863,5,5,1,2,0.4,2,0.4,5,2,0.4,2,1,0,0,22,20,0.909090909,13,0.65,9,0.45
2010-NE,2010,NE,NEBRASKA,0.906451613,0.025,0.015322581,0.044354839,1323,1240,0.937263794,804,0.648387097,511,0.412096774,643,598,0.930015552,372,0.622073579,244,0.408026756,680,642,0.944117647,432,0.672897196,268,0.417445483,1138,1124,0.987697715,752,0.669039146,487,0.433274021,45,31,0.688888889,13,0.419354839,5,0.161290323,32,19,0.59375,9,0.473684211,3,0.157894737,101,55,0.544554455,25,0.454545455,12,0.218181818
2010-NV,2010,NV,NEVADA,0.662608696,0.08057971,0.060289855,0.142028986,1957,1725,0.881451201,996,0.577391304,731,0.423768116,989,873,0.882709808,477,0.546391753,360,0.412371134,968,852,0.880165289,519,0.60915493,371,0.435446009,1169,1143,0.977758768,726,0.635170604,546,0.477690289,148,139,0.939189189,69,0.496402878,48,0.345323741,142,104,0.732394366,44,0.423076923,27,0.259615385,399,245,0.614035088,103,0.420408163,68,0.27755102
2010-NH,2010,NH,NEW HAMPSHIRE,0.951097804,0.010978044,0.010978044,0.010978044,1024,1002,0.978515625,666,0.664670659,470,0.469061876,498,489,0.981927711,327,0.668711656,234,0.478527607,526,513,0.975285171,339,0.660818713,236,0.460038986,964,953,0.988589212,642,0.67366212,454,0.476390346,12,11,0.916666667,5,0.454545455,4,0.363636364,19,11,0.578947368,6,0.545454545,3,0.272727273,12,11,0.916666667,5,0.454545455,3,0.272727273
2010-NJ,2010,NJ,NEW JERSEY,0.692953314,0.145479979,0.058926386,0.109809407,6581,5719,0.869016867,3656,0.6392726,2383,0.416681238,3169,2706,0.853897128,1712,0.632668145,1090,0.402808574,3412,3013,0.883059789,1944,0.645204115,1293,0.429140392,4109,3963,0.96446824,2668,0.673227353,1729,0.436285642,889,832,0.935883015,555,0.667067308,390,0.46875,514,337,0.655642023,175,0.519287834,101,0.299703264,1136,628,0.552816901,284,0.452229299,177,0.281847134
2010-NM,2010,NM,NEW MEXICO,0.450073421,0.029368576,0.025697504,0.378854626,1489,1362,0.914707858,746,0.547723935,579,0.425110132,725,660,0.910344828,336,0.509090909,271,0.410606061,764,702,0.918848168,409,0.582621083,308,0.438746439,626,613,0.979233227,396,0.646003263,319,0.520391517,44,40,0.909090909,4,0.1,0,0,52,35,0.673076923,14,0.4,12,0.342857143,610,516,0.845901639,249,0.48255814,183,0.354651163
2010-NY,2010,NY,NEW YORK,0.686241738,0.159234217,0.0479374,0.121780749,14974,13163,0.879057032,8395,0.637772544,5746,0.436526628,7136,6211,0.870375561,3883,0.62518113,2699,0.434551602,7837,6952,0.887074136,4512,0.649021864,3046,0.438147296,9333,9033,0.967855995,6102,0.675523082,4290,0.474925274,2478,2096,0.845843422,1306,0.623091603,892,0.425572519,1045,631,0.603827751,239,0.378763867,99,0.156893819,2389,1603,0.670992047,830,0.517779164,516,0.321896444
2010-NC,2010,NC,NORTH CAROLINA,0.707780458,0.21411339,0.014173703,0.027442702,6998,6632,0.947699343,4455,0.671743064,3009,0.453709288,3320,3127,0.94186747,2045,0.653981452,1378,0.440677966,3678,3505,0.952963567,2410,0.687589158,1631,0.465335235,4731,4694,0.992179243,3254,0.693225394,2207,0.470174691,1438,1420,0.987482615,871,0.613380282,582,0.409859155,124,94,0.758064516,70,0.744680851,31,0.329787234,469,182,0.388059701,105,0.576923077,80,0.43956044
2010-ND,2010,ND,NORTH DAKOTA,0.890985325,0.008385744,0,0.006289308,488,477,0.977459016,361,0.756813417,266,0.557651992,243,239,0.983539095,177,0.740585774,132,0.552301255,245,239,0.975510204,184,0.769874477,134,0.560669456,430,425,0.988372093,322,0.757647059,239,0.562352941,4,4,1,2,0.5,0,0,7,0,0,0,0,0,0,3,3,1,2,0.666666667,0,0
2010-OH,2010,OH,OHIO,0.860651866,0.1059282,0.00649504,0.01511573,8642,8468,0.979865772,5601,0.661431271,3824,0.451582428,4135,4048,0.978960097,2664,0.658102767,1866,0.460968379,4506,4420,0.980914336,2936,0.664253394,1958,0.442986425,7316,7288,0.996172772,4847,0.665065862,3344,0.458836443,930,897,0.964516129,606,0.675585284,389,0.433667781,110,55,0.5,27,0.490909091,21,0.381818182,187,128,0.684491979,64,0.5,38,0.296875
2010-OK,2010,OK,OKLAHOMA,0.718417047,0.072678843,0.01826484,0.04414003,2695,2628,0.975139147,1603,0.609969559,1061,0.403729072,1295,1263,0.975289575,756,0.598574822,489,0.387173397,1400,1365,0.975,847,0.620512821,572,0.419047619,1892,1888,0.997885835,1200,0.63559322,818,0.433262712,195,191,0.979487179,111,0.581151832,71,0.371727749,68,48,0.705882353,24,0.5,13,0.270833333,159,116,0.729559748,38,0.327586207,19,0.163793103
2010-OR,2010,OR,OREGON,0.887985866,0.02155477,0.022614841,0.037809187,2974,2830,0.951580363,2005,0.708480565,1594,0.563250883,1455,1383,0.950515464,962,0.695589299,781,0.564714389,1520,1447,0.951973684,1043,0.720801659,813,0.561852108,2544,2513,0.987814465,1818,0.723438122,1462,0.581774771,63,61,0.968253968,39,0.639344262,25,0.409836066,93,64,0.688172043,40,0.625,31,0.484375,189,107,0.566137566,50,0.46728972,35,0.327102804
2010-PA,2010,PA,PENNSYLVANIA,0.859192633,0.086518899,0.012099797,0.034586144,9631,9339,0.969681238,6031,0.645786487,4104,0.439447478,4581,4421,0.965073128,2812,0.636055191,1956,0.442433838,5050,4918,0.973861386,3220,0.654737698,2148,0.436762912,8104,8024,0.990128332,5281,0.658150548,3599,0.448529412,907,808,0.890848953,494,0.611386139,368,0.455445545,173,113,0.653179191,60,0.530973451,30,0.265486726,390,323,0.828205128,155,0.479876161,79,0.244582043
2010-RI,2010,RI,RHODE ISLAND,0.855033557,0.045637584,0.022818792,0.07114094,812,745,0.917487685,510,0.684563758,348,0.467114094,387,350,0.904392765,238,0.68,168,0.48,425,396,0.931764706,272,0.686868687,180,0.454545455,649,637,0.981510015,460,0.722135008,320,0.502354788,45,34,0.755555556,18,0.529411765,12,0.352941176,29,17,0.586206897,6,0.352941176,3,0.176470588,84,53,0.630952381,20,0.377358491,10,0.188679245
2010-SC,2010,SC,SOUTH CAROLINA,0.696915244,0.268942797,0.008685235,0.013477089,3453,3339,0.96698523,2304,0.690026954,1700,0.509134471,1635,1577,0.964525994,1054,0.668357641,777,0.492707673,1818,1762,0.96919692,1250,0.709421112,922,0.523269012,2355,2327,0.988110403,1634,0.702191663,1188,0.510528578,898,898,1,616,0.68596882,482,0.53674833,49,29,0.591836735,15,0.517241379,7,0.24137931,112,45,0.401785714,15,0.333333333,4,0.088888889
2010-SD,2010,SD,SOUTH DAKOTA,0.914821124,0.00681431,0.005110733,0.017035775,602,587,0.975083056,406,0.69165247,322,0.548551959,297,287,0.966329966,194,0.675958188,151,0.526132404,305,301,0.986885246,212,0.704318937,171,0.568106312,539,537,0.996289425,378,0.703910615,301,0.560521415,7,4,0.571428571,2,0.5,1,0.25,3,3,1,1,0.333333333,0,0,19,10,0.526315789,6,0.6,3,0.3
2010-TN,2010,TN,TENNESSEE,0.812403783,0.1464702,0.009896635,0.015834616,4745,4547,0.958271865,2854,0.627666593,1714,0.376951836,2278,2155,0.946005268,1317,0.611136891,789,0.36612529,2466,2392,0.96999189,1537,0.642558528,925,0.386705686,3722,3694,0.992477163,2332,0.63129399,1419,0.384136437,716,666,0.930167598,415,0.623123123,242,0.363363363,77,45,0.584415584,13,0.288888889,6,0.133333333,160,72,0.45,37,0.513888889,19,0.263888889
2010-TX,2010,TX,TEXAS,0.540738817,0.129390378,0.036811011,0.2841005,17847,15403,0.863058217,9493,0.616308511,5600,0.363565539,8742,7430,0.849919927,4438,0.59730821,2631,0.35410498,9105,7973,0.875672707,5054,0.633889377,2969,0.372381789,8452,8329,0.985447231,5571,0.668867811,3645,0.437627566,2060,1993,0.967475728,1242,0.623181134,770,0.386352233,798,567,0.710526316,262,0.462081129,126,0.222222222,6403,4376,0.683429642,2334,0.533363803,1012,0.231261426
2010-UT,2010,UT,UTAH,0.911111111,0.005,0.017777778,0.039444444,1929,1800,0.933125972,1095,0.608333333,695,0.386111111,958,885,0.923799582,514,0.58079096,338,0.381920904,971,916,0.943357364,581,0.634279476,357,0.389737991,1667,1640,0.983803239,1045,0.637195122,664,0.404878049,19,9,0.473684211,6,0.666666667,2,0.222222222,44,32,0.727272727,15,0.46875,11,0.34375,151,71,0.470198675,21,0.295774648,13,0.183098592
2010-VT,2010,VT,VERMONT,0.964656965,0.004158004,0.006237006,0.004158004,490,481,0.981632653,356,0.74012474,265,0.550935551,238,233,0.978991597,169,0.725321888,126,0.540772532,252,248,0.984126984,187,0.754032258,138,0.556451613,469,464,0.989339019,345,0.743534483,257,0.55387931,4,2,0.5,2,1,1,0.5,4,3,0.75,1,0.333333333,0,0,4,2,0.5,1,0.5,1,0.5
2010-VA,2010,VA,VIRGINIA,0.698773449,0.187770563,0.048520924,0.045815296,5873,5544,0.94398093,3546,0.63961039,2257,0.407106782,2812,2632,0.93598862,1637,0.621960486,1047,0.397796353,3061,2913,0.951649788,1909,0.655338139,1210,0.415379334,3955,3874,0.979519595,2693,0.695147135,1738,0.448631905,1104,1041,0.942934783,536,0.514889529,370,0.355427474,363,269,0.741046832,156,0.579925651,61,0.226765799,369,254,0.688346883,88,0.346456693,48,0.188976378
2010-WA,2010,WA,WASHINGTON,0.828984257,0.028897994,0.051110632,0.055855079,5095,4637,0.910107949,3367,0.726116023,2692,0.580547768,2501,2266,0.906037585,1604,0.707855252,1289,0.568843778,2595,2370,0.913294798,1763,0.743881857,1403,0.591983122,3942,3844,0.975139523,2921,0.759885536,2405,0.625650364,157,134,0.853503185,60,0.447761194,47,0.350746269,375,237,0.632,141,0.594936709,92,0.388185654,461,259,0.561822126,110,0.424710425,77,0.297297297
2010-WV,2010,WV,WEST VIRGINIA,0.954866008,0.033850494,0.002115656,0.003526093,1420,1418,0.998591549,883,0.622708039,581,0.409732017,686,685,0.998542274,406,0.59270073,266,0.388321168,734,733,0.998637602,477,0.650750341,315,0.429740791,1355,1354,0.999261993,856,0.632200886,559,0.412850812,48,48,1,22,0.458333333,18,0.375,4,3,0.75,0,0,0,0,5,5,1,2,0.4,2,0.4
2010-WI,2010,WI,WISCONSIN,0.909047161,0.046438884,0.012271415,0.023099134,4291,4156,0.968538802,2908,0.699711261,2258,0.543310876,2105,2024,0.96152019,1360,0.671936759,1059,0.523221344,2185,2132,0.975743707,1549,0.726547842,1199,0.562382739,3810,3778,0.99160105,2688,0.71148756,2091,0.553467443,204,193,0.946078431,113,0.585492228,89,0.461139896,68,51,0.75,29,0.568627451,23,0.450980392,181,96,0.53038674,53,0.552083333,38,0.395833333
2010-WY,2010,WY,WYOMING,0.89800995,0.012437811,0,0.062189055,411,402,0.97810219,239,0.594527363,190,0.472636816,210,204,0.971428571,118,0.578431373,94,0.460784314,202,197,0.975247525,121,0.614213198,96,0.487309645,363,361,0.994490358,222,0.614958449,177,0.490304709,6,5,0.833333333,2,0.4,2,0.4,3,0,0,0,0,0,0,31,25,0.806451613,9,0.36,6,0.24
2014-USA,2014,USA,UNITED STATES,0.699051109,0.126888575,0.043211589,0.114085141,239874,219941,0.916902207,142166,0.646382439,92251,0.419435212,115637,105299,0.910599549,66147,0.628182604,43009,0.408446424,124237,114642,0.922768579,76019,0.663099039,49243,0.429537168,156438,153750,0.982817474,104664,0.680741463,70351,0.45756748,29668,27908,0.940676824,17700,0.634226745,11078,0.396947112,13495,9504,0.704260837,4642,0.488425926,2575,0.270938552,36802,25092,0.681810771,12862,0.512593655,6775,0.270006377
2014-AL,2014,AL,ALABAMA,0.702756465,0.258596192,0.006535948,0.011651037,3656,3519,0.962527352,2366,0.672350099,1497,0.425404945,1734,1642,0.946943483,1063,0.647381242,677,0.412302071,1922,1877,0.976586889,1303,0.694192861,820,0.436867342,2478,2473,0.997982244,1686,0.681763041,1045,0.422563688,922,910,0.986984816,596,0.654945055,414,0.454945055,51,23,0.450980392,17,0.739130435,9,0.391304348,136,41,0.301470588,17,0.414634146,3,0.073170732
2014-AK,2014,AK,ALASKA,0.62027833,0.035785288,0.041749503,0.047713718,521,503,0.965451056,336,0.667992048,255,0.50695825,264,256,0.96969697,168,0.65625,128,0.5,257,247,0.961089494,168,0.680161943,127,0.51417004,318,312,0.981132075,223,0.71474359,181,0.580128205,18,18,1,9,0.5,6,0.333333333,28,21,0.75,8,0.380952381,7,0.333333333,28,24,0.857142857,12,0.5,8,0.333333333
2014-AZ,2014,AZ,ARIZONA,0.612690471,0.045258131,0.022287924,0.260404821,4994,4397,0.880456548,2738,0.622697294,1785,0.405958608,2423,2133,0.880313661,1309,0.613689639,823,0.385841538,2571,2264,0.88059121,1430,0.631625442,961,0.424469965,2743,2694,0.982136347,1757,0.652190052,1250,0.463994061,215,199,0.925581395,120,0.603015075,66,0.331658291,189,98,0.518518519,39,0.397959184,20,0.204081633,1580,1145,0.724683544,687,0.6,364,0.31790393
2014-AR,2014,AR,ARKANSAS,0.793874575,0.147301896,0.013612056,0.026737968,2189,2057,0.939698492,1292,0.628099174,798,0.387943607,1058,993,0.938563327,592,0.596173212,364,0.366565962,1131,1064,0.940760389,700,0.657894737,434,0.407894737,1645,1633,0.992705167,1058,0.647887324,647,0.396203307,307,303,0.986970684,184,0.607260726,116,0.382838284,54,28,0.518518519,8,0.285714286,2,0.071428571,136,55,0.404411765,20,0.363636364,14,0.254545455
2014-CA,2014,CA,CALIFORNIA,0.486894296,0.073072991,0.142547536,0.280474341,29030,24455,0.842404409,14113,0.577100797,8949,0.365937436,14156,11811,0.83434586,6622,0.560663788,4240,0.358987385,14874,12645,0.850141186,7491,0.592408066,4708,0.372321076,12326,11907,0.966006815,7830,0.657596372,5551,0.466196355,1846,1787,0.968039003,1043,0.583659765,535,0.299384443,4409,3486,0.790655477,1628,0.467010901,933,0.267641997,10023,6859,0.68432605,3294,0.480244934,1707,0.248870098
2014-CO,2014,CO,COLORADO,0.794480171,0.035369775,0.016881029,0.143086817,4009,3732,0.930905463,2654,0.711146838,2211,0.59244373,1979,1849,0.934310258,1288,0.696592753,1059,0.572742023,2030,1883,0.927586207,1366,0.725438131,1152,0.611789697,3010,2965,0.985049834,2192,0.739291737,1888,0.636762226,147,132,0.897959184,75,0.568181818,56,0.424242424,112,63,0.5625,48,0.761904762,40,0.634920635,701,534,0.761768902,321,0.601123596,218,0.4082397
2014-CT,2014,CT,CONNECTICUT,0.78671875,0.09609375,0.028125,0.0859375,2783,2560,0.919870643,1668,0.6515625,1195,0.466796875,1333,1217,0.912978245,765,0.628594906,588,0.4831553,1450,1343,0.926206897,903,0.672375279,607,0.451973194,2076,2014,0.970134875,1374,0.682224429,1009,0.500993049,291,246,0.845360825,121,0.491869919,83,0.337398374,101,72,0.712871287,40,0.555555556,28,0.388888889,319,220,0.689655172,116,0.527272727,68,0.309090909
2014-DE,2014,DE,DELAWARE,0.703479576,0.208774584,0.030257186,0.046898638,712,661,0.928370787,442,0.668683812,299,0.452344932,337,311,0.922848665,206,0.662379421,139,0.446945338,375,350,0.933333333,236,0.674285714,160,0.457142857,471,465,0.987261146,326,0.701075269,224,0.48172043,147,138,0.93877551,91,0.65942029,59,0.427536232,32,20,0.625,4,0.2,3,0.15,56,31,0.553571429,14,0.451612903,5,0.161290323
2014-DC,2014,DC,DISTRICT OF COLUMBIA,0.420833333,0.489583333,0.020833333,0.058333333,538,480,0.892193309,353,0.735416667,247,0.514583333,249,219,0.879518072,165,0.753424658,118,0.538812785,289,261,0.903114187,188,0.720306513,129,0.494252874,213,202,0.948356808,162,0.801980198,113,0.559405941,248,235,0.947580645,164,0.69787234,114,0.485106383,21,10,0.476190476,5,0.5,2,0.2,53,28,0.528301887,19,0.678571429,13,0.464285714
2014-FL,2014,FL,FLORIDA,0.642841703,0.152172347,0.021543339,0.178687225,15414,13879,0.900415207,8691,0.626197853,6220,0.448159089,7335,6551,0.893115201,4008,0.61181499,2840,0.4335216,8079,7327,0.906919173,4683,0.639142896,3380,0.461307493,9134,8922,0.976790015,5596,0.627213629,4237,0.474893522,2331,2112,0.906048906,1358,0.642992424,929,0.439867424,374,299,0.799465241,184,0.615384615,128,0.428093645,3530,2480,0.702549575,1493,0.602016129,892,0.359677419
2014-GA,2014,GA,GEORGIA,0.606154757,0.318094393,0.035804113,0.030625832,7306,6759,0.92513003,4306,0.637076491,2919,0.43186862,3458,3143,0.908906883,1959,0.62328985,1297,0.412663061,3848,3616,0.93970894,2347,0.649059735,1622,0.448561947,4142,4097,0.989135683,2708,0.660971443,1835,0.447888699,2199,2150,0.977717144,1339,0.622790698,925,0.430232558,388,242,0.62371134,108,0.446280992,62,0.256198347,508,207,0.407480315,99,0.47826087,62,0.299516908
2014-HI,2014,HI,HAWAII,0.210251046,0.018828452,0.447698745,0.064853556,1035,956,0.923671498,490,0.512552301,399,0.417364017,502,475,0.946215139,243,0.511578947,197,0.414736842,533,481,0.902439024,247,0.513513514,202,0.41995842,211,201,0.952606635,110,0.547263682,91,0.452736318,19,18,0.947368421,8,0.444444444,7,0.388888889,482,428,0.887966805,228,0.53271028,196,0.457943925,64,62,0.96875,31,0.5,21,0.338709677
2014-ID,2014,ID,IDAHO,0.860633484,0.009049774,0.010859729,0.086877828,1182,1105,0.934856176,671,0.607239819,462,0.418099548,585,535,0.914529915,312,0.58317757,213,0.398130841,597,569,0.953098827,359,0.630931459,248,0.435852373,963,951,0.987538941,625,0.657202944,435,0.457413249,10,10,1,1,0.1,0,0,20,12,0.6,4,0.333333333,2,0.166666667,153,96,0.62745098,23,0.239583333,17,0.177083333
2014-IL,2014,IL,ILLINOIS,0.696793654,0.148475031,0.044240867,0.09965367,9757,8951,0.917392641,5716,0.638587867,3734,0.417160094,4714,4239,0.899236317,2574,0.607218684,1730,0.408115121,5042,4712,0.934549782,3142,0.666808149,2004,0.425297114,6382,6237,0.97727985,4269,0.684463684,2857,0.458072791,1348,1329,0.985905045,768,0.577878104,535,0.402558315,616,396,0.642857143,167,0.421717172,73,0.184343434,1316,892,0.67781155,410,0.459641256,218,0.244394619
2014-IN,2014,IN,INDIANA,0.861282762,0.082037076,0.008097166,0.038354997,4913,4693,0.955220843,3048,0.649477946,1646,0.350735137,2357,2244,0.9520577,1426,0.635472371,795,0.354278075,2556,2449,0.958137715,1622,0.662311147,850,0.347080441,4062,4042,0.995076317,2715,0.67169718,1463,0.36194953,395,385,0.974683544,226,0.587012987,143,0.371428571,95,38,0.4,4,0.105263158,0,0,314,180,0.573248408,78,0.433333333,35,0.194444444
2014-IA,2014,IA,IOWA,0.921318681,0.026813187,0.014505495,0.022857143,2336,2275,0.973886986,1584,0.696263736,1203,0.528791209,1154,1120,0.970537262,755,0.674107143,569,0.508035714,1182,1155,0.97715736,829,0.717748918,634,0.548917749,2099,2096,0.998570748,1496,0.713740458,1143,0.545324427,69,61,0.884057971,31,0.508196721,20,0.327868852,54,33,0.611111111,17,0.515151515,12,0.363636364,81,52,0.641975309,21,0.403846154,11,0.211538462
2014-KS,2014,KS,KANSAS,0.838434521,0.06121425,0.022579027,0.062719518,2125,1993,0.937882353,1353,0.678876066,962,0.482689413,1037,956,0.921890068,635,0.664225941,453,0.473849372,1088,1037,0.953125,718,0.692381871,509,0.490838959,1673,1671,0.998804543,1170,0.700179533,838,0.50149611,129,122,0.945736434,73,0.598360656,53,0.43442623,76,45,0.592105263,30,0.666666667,22,0.488888889,216,125,0.578703704,70,0.56,44,0.352
2014-KY,2014,KY,KENTUCKY,0.879638291,0.082008107,0.008107265,0.017149984,3323,3207,0.965091785,2298,0.71655753,1525,0.475522295,1597,1532,0.959298685,1091,0.712140992,754,0.492167102,1725,1675,0.971014493,1207,0.720597015,770,0.459701493,2842,2821,0.992610837,2031,0.719957462,1349,0.47819922,271,263,0.970479705,184,0.699619772,117,0.44486692,53,26,0.490566038,23,0.884615385,23,0.884615385,113,55,0.486725664,34,0.618181818,23,0.418181818
2014-LA,2014,LA,LOUISIANA,0.622381807,0.309395572,0.018551765,0.029922202,3450,3342,0.968695652,2398,0.717534411,1677,0.501795332,1645,1583,0.96231003,1108,0.699936829,768,0.485154769,1805,1759,0.974515235,1290,0.733371234,908,0.516202388,2094,2080,0.993314231,1543,0.741826923,1065,0.512019231,1042,1034,0.992322457,729,0.705029014,533,0.515473888,82,62,0.756097561,24,0.387096774,13,0.209677419,165,100,0.606060606,57,0.57,31,0.31
2014-ME,2014,ME,MAINE,0.949282297,0.006698565,0.002870813,0.009569378,1061,1045,0.984919887,799,0.764593301,642,0.614354067,512,503,0.982421875,373,0.741550696,302,0.600397614,549,541,0.985428051,426,0.787430684,340,0.628465804,999,992,0.992992993,766,0.772177419,613,0.617943548,9,7,0.777777778,5,0.714285714,3,0.428571429,11,3,0.272727273,2,0.666666667,2,0.666666667,10,10,1,4,0.4,3,0.3
2014-MD,2014,MD,MARYLAND,0.597878496,0.291224687,0.055689489,0.045564127,4542,4148,0.913254073,2995,0.722034716,2028,0.488910318,2135,1947,0.911943794,1378,0.707755521,938,0.481766821,2407,2201,0.914416286,1617,0.734666061,1090,0.495229441,2508,2480,0.988835726,1857,0.748790323,1300,0.524193548,1325,1208,0.911698113,856,0.708609272,581,0.480960265,343,231,0.673469388,135,0.584415584,69,0.298701299,332,189,0.569277108,120,0.634920635,58,0.306878307
2014-MA,2014,MA,MASSACHUSETTS,0.824299065,0.064382139,0.044444444,0.064797508,5279,4815,0.912104565,3250,0.674974039,2259,0.469158879,2504,2241,0.894968051,1485,0.662650602,1036,0.462293619,2775,2574,0.927567568,1765,0.685703186,1223,0.475135975,4113,3969,0.964989059,2860,0.72058453,2073,0.522297808,408,310,0.759803922,141,0.45483871,80,0.258064516,325,214,0.658461538,85,0.397196262,37,0.172897196,462,312,0.675324675,155,0.496794872,53,0.169871795
2014-MI,2014,MI,MICHIGAN,0.789401049,0.133176925,0.02442727,0.040712117,7576,7246,0.956441394,5159,0.711979023,3416,0.471432514,3615,3456,0.956016598,2397,0.693576389,1551,0.448784722,3961,3791,0.957081545,2762,0.72856766,1864,0.491690847,5836,5720,0.980123372,4128,0.721678322,2808,0.490909091,979,965,0.985699694,685,0.70984456,438,0.45388601,277,177,0.63898917,86,0.485875706,51,0.288135593,395,295,0.746835443,179,0.606779661,82,0.277966102
2014-MN,2014,MN,MINNESOTA,0.894228324,0.03941012,0.019832189,0.025425884,4104,3933,0.958333333,2822,0.717518434,2047,0.520467836,2007,1924,0.958644743,1346,0.6995842,974,0.506237006,2097,2009,0.958035289,1476,0.734693878,1073,0.534096565,3538,3517,0.994064443,2623,0.745806085,1925,0.547341484,196,155,0.790816327,83,0.535483871,34,0.219354839,112,78,0.696428571,34,0.435897436,29,0.371794872,183,100,0.546448087,48,0.48,34,0.34
2014-MS,2014,MS,MISSISSIPPI,0.608309991,0.358543417,0.009803922,0.014939309,2182,2142,0.981668194,1628,0.760037348,907,0.423436041,1028,1008,0.980544747,740,0.734126984,413,0.409722222,1154,1135,0.983535529,888,0.782378855,493,0.434361233,1308,1303,0.99617737,948,0.727551804,525,0.402916347,769,768,0.99869961,639,0.83203125,357,0.46484375,27,21,0.777777778,5,0.238095238,1,0.047619048,60,32,0.533333333,17,0.53125,13,0.40625
2014-MO,2014,MO,MISSOURI,0.851885301,0.108150824,0.011966584,0.010611876,4505,4429,0.983129856,3194,0.721156017,1713,0.386769022,2172,2144,0.987108656,1514,0.706156716,863,0.402518657,2333,2285,0.979425632,1680,0.735229759,850,0.371991247,3779,3773,0.998412278,2766,0.733103631,1487,0.394116088,485,479,0.987628866,325,0.678496868,177,0.369519833,76,53,0.697368421,39,0.735849057,13,0.245283019,88,47,0.534090909,28,0.595744681,15,0.319148936
2014-MT,2014,MT,MONTANA,0.909207161,0.003836317,0.002557545,0.020460358,788,782,0.992385787,506,0.647058824,391,0.5,392,389,0.992346939,250,0.642673522,191,0.491002571,396,393,0.992424242,257,0.65394402,201,0.511450382,714,711,0.995798319,473,0.665260197,372,0.523206751,3,3,1,3,1,0,0,5,2,0.4,2,1,2,1,16,16,1,11,0.6875,8,0.5
2014-NE,2014,NE,NEBRASKA,0.88820827,0.04058193,0.005359877,0.049770291,1400,1306,0.932857143,873,0.668453292,579,0.443338438,688,635,0.922965116,415,0.653543307,286,0.450393701,712,671,0.94241573,459,0.684053651,293,0.436661699,1165,1160,0.995708155,803,0.692241379,541,0.46637931,55,53,0.963636364,36,0.679245283,21,0.396226415,22,7,0.318181818,3,0.428571429,0,0,135,65,0.481481481,26,0.4,13,0.2
2014-NV,2014,NV,NEVADA,0.595263724,0.102798708,0.069967707,0.188912809,2128,1858,0.873120301,1088,0.585575888,693,0.372981701,1055,924,0.875829384,524,0.567099567,348,0.376623377,1073,934,0.870456664,564,0.60385439,345,0.369379015,1143,1106,0.967629046,690,0.623869801,488,0.441229656,193,191,0.989637306,124,0.64921466,61,0.319371728,181,130,0.718232044,49,0.376923077,25,0.192307692,527,351,0.666034156,189,0.538461538,97,0.276353276
2014-NH,2014,NH,NEW HAMPSHIRE,0.942857143,0.01182266,0.012807882,0.020689655,1047,1015,0.969436485,694,0.683743842,509,0.501477833,512,498,0.97265625,331,0.664658635,246,0.493975904,535,517,0.96635514,363,0.70212766,263,0.508704062,974,957,0.982546201,655,0.684430512,480,0.501567398,15,12,0.8,7,0.583333333,4,0.333333333,23,13,0.565217391,7,0.538461538,6,0.461538462,23,21,0.913043478,15,0.714285714,10,0.476190476
2014-NJ,2014,NJ,NEW JERSEY,0.662040954,0.131832797,0.071924183,0.136232865,6820,5909,0.866422287,3919,0.663225588,2151,0.364020985,3277,2825,0.862068966,1808,0.64,969,0.34300885,3543,3084,0.870448772,2112,0.684824903,1182,0.383268482,4036,3912,0.969276511,2705,0.691462168,1527,0.390337423,953,779,0.817418678,496,0.636713736,276,0.354300385,641,425,0.663026521,226,0.531764706,82,0.192941176,1229,805,0.655004068,497,0.617391304,274,0.340372671
2014-NM,2014,NM,NEW MEXICO,0.466478476,0.027522936,0.018348624,0.3549753,1536,1417,0.922526042,919,0.648553282,646,0.455892731,739,676,0.914749662,433,0.640532544,304,0.449704142,797,740,0.928481807,486,0.656756757,342,0.462162162,674,661,0.980712166,479,0.724659607,374,0.56580938,40,39,0.975,28,0.717948718,8,0.205128205,33,26,0.787878788,13,0.5,11,0.423076923,601,503,0.836938436,302,0.600397614,179,0.355864811
2014-NY,2014,NY,NEW YORK,0.660789068,0.162442142,0.05929028,0.131070458,15274,13611,0.891122168,8078,0.593490559,4680,0.343839542,7294,6460,0.885659446,3679,0.569504644,2131,0.329876161,7980,7150,0.895989975,4399,0.615244755,2548,0.356363636,9385,8994,0.958337773,5471,0.608294419,3321,0.369246164,2581,2211,0.856644711,1385,0.626413388,762,0.344640434,1206,807,0.669154229,366,0.453531599,156,0.19330855,2394,1784,0.745196324,995,0.557735426,502,0.281390135
2014-NC,2014,NC,NORTH CAROLINA,0.707598075,0.222692139,0.014437801,0.02975062,7412,6857,0.925121425,4779,0.69695202,3170,0.462301298,3510,3204,0.912820513,2178,0.679775281,1428,0.445692884,3902,3654,0.93644285,2601,0.71182266,1742,0.476737822,4878,4852,0.994669947,3461,0.713314097,2290,0.471970322,1572,1527,0.971374046,1040,0.681074001,735,0.481335953,190,99,0.521052632,59,0.595959596,26,0.262626263,602,204,0.338870432,107,0.524509804,53,0.259803922
2014-ND,2014,ND,NORTH DAKOTA,0.908592322,0.010968921,0.005484461,0.02559415,567,547,0.964726631,363,0.663619744,279,0.510054845,290,279,0.962068966,180,0.64516129,136,0.487455197,276,268,0.971014493,183,0.682835821,143,0.53358209,501,497,0.992015968,342,0.688128773,264,0.531187123,10,6,0.6,2,0.333333333,2,0.333333333,10,3,0.3,1,0.333333333,1,0.333333333,19,14,0.736842105,5,0.357142857,2,0.142857143
2014-OH,2014,OH,OHIO,0.840874368,0.116464919,0.013632624,0.018451052,8772,8509,0.97001824,5657,0.664825479,3378,0.396991421,4197,4081,0.97236121,2640,0.64690027,1616,0.395981377,4575,4428,0.967868852,3018,0.681571816,1762,0.397922313,7235,7155,0.98894264,4787,0.669042628,2873,0.401537386,1024,991,0.967773438,680,0.68617558,403,0.406659939,231,116,0.502164502,70,0.603448276,44,0.379310345,192,157,0.817708333,93,0.592356688,36,0.229299363
2014-OK,2014,OK,OKLAHOMA,0.753531599,0.07063197,0.008921933,0.057992565,2851,2690,0.943528586,1644,0.611152416,920,0.342007435,1394,1296,0.929698709,753,0.581018519,418,0.322530864,1457,1394,0.956760467,890,0.638450502,502,0.360114778,2038,2027,0.994602552,1286,0.634435126,733,0.361618155,192,190,0.989583333,96,0.505263158,56,0.294736842,65,24,0.369230769,17,0.708333333,8,0.333333333,267,156,0.584269663,84,0.538461538,28,0.179487179
2014-OR,2014,OR,OREGON,0.852961672,0.017421603,0.034494774,0.064111498,3078,2870,0.932423652,2008,0.699651568,1594,0.555400697,1512,1394,0.921957672,950,0.681492109,741,0.531563845,1566,1475,0.941890166,1058,0.717288136,852,0.577627119,2475,2448,0.989090909,1770,0.723039216,1458,0.595588235,56,50,0.892857143,29,0.58,14,0.28,123,99,0.804878049,47,0.474747475,24,0.242424242,322,184,0.571428571,106,0.576086957,62,0.336956522
2014-PA,2014,PA,PENNSYLVANIA,0.834191988,0.096730102,0.017348334,0.056776364,9924,9511,0.958383716,6121,0.643570602,3803,0.399852802,4779,4571,0.95647625,2845,0.6224021,1768,0.386786261,5145,4940,0.960155491,3276,0.663157895,2035,0.41194332,8015,7934,0.989893949,5252,0.66196118,3272,0.412402319,1001,920,0.919080919,492,0.534782609,341,0.370652174,295,165,0.559322034,93,0.563636364,46,0.278787879,689,540,0.783744557,260,0.481481481,119,0.22037037
2014-RI,2014,RI,RHODE ISLAND,0.845751634,0.061437908,0.019607843,0.058823529,819,765,0.934065934,486,0.635294118,331,0.432679739,387,362,0.935400517,231,0.638121547,154,0.425414365,432,403,0.93287037,255,0.632754342,177,0.439205955,659,647,0.981790592,434,0.670788253,302,0.466769706,55,47,0.854545455,28,0.595744681,16,0.340425532,23,15,0.652173913,1,0.066666667,0,0,75,45,0.6,22,0.488888889,13,0.288888889
2014-SC,2014,SC,SOUTH CAROLINA,0.68758756,0.26449986,0.01064724,0.029700196,3667,3569,0.973275157,2458,0.688708322,1514,0.424208462,1730,1678,0.969942197,1132,0.674612634,699,0.416567342,1937,1891,0.976251936,1325,0.700687467,815,0.430988895,2477,2454,0.990714574,1730,0.704971475,1061,0.432355338,965,944,0.978238342,640,0.677966102,419,0.443855932,50,38,0.76,18,0.473684211,13,0.342105263,171,106,0.619883041,48,0.452830189,14,0.132075472
2014-SD,2014,SD,SOUTH DAKOTA,0.888349515,0.017799353,0.001618123,0.01618123,625,618,0.9888,401,0.648867314,273,0.441747573,308,304,0.987012987,189,0.621710526,132,0.434210526,317,314,0.990536278,212,0.675159236,141,0.449044586,551,549,0.996370236,367,0.66848816,259,0.471766849,12,11,0.916666667,5,0.454545455,3,0.272727273,4,1,0.25,0,0,0,0,12,10,0.833333333,3,0.3,0,0
2014-TN,2014,TN,TENNESSEE,0.788992731,0.162409138,0.011214953,0.021806854,4975,4815,0.967839196,3088,0.64132918,1763,0.366147456,2366,2275,0.961538462,1376,0.604835165,793,0.348571429,2609,2539,0.973169797,1712,0.674281213,970,0.382040173,3821,3799,0.994242345,2503,0.658857594,1467,0.386154251,793,782,0.986128625,473,0.604859335,244,0.31202046,84,54,0.642857143,21,0.388888889,12,0.222222222,202,105,0.51980198,42,0.4,13,0.123809524
2014-TX,2014,TX,TEXAS,0.536274044,0.13049157,0.033543101,0.28959867,19354,16844,0.870311047,9946,0.590477321,5836,0.346473522,9412,8076,0.858053549,4606,0.570331847,2600,0.321941555,9941,8767,0.881903229,5340,0.609102316,3236,0.369111441,9238,9033,0.97780905,5982,0.662238459,3776,0.418022805,2327,2198,0.944563816,1334,0.606915378,777,0.353503185,853,565,0.662368113,259,0.45840708,102,0.180530973,6762,4878,0.721384206,2255,0.462279623,1092,0.223862239
2014-UT,2014,UT,UTAH,0.875259875,0.008316008,0.012474012,0.081081081,2026,1924,0.949654492,1101,0.572245322,703,0.365384615,1011,955,0.944609298,539,0.564397906,339,0.354973822,1016,969,0.953740157,562,0.57997936,364,0.375644995,1704,1684,0.988262911,1009,0.599168646,650,0.385985748,26,16,0.615384615,6,0.375,6,0.375,37,24,0.648648649,13,0.541666667,10,0.416666667,222,156,0.702702703,56,0.358974359,28,0.179487179
2014-VT,2014,VT,VERMONT,0.960580913,0.008298755,0.010373444,0.006224066,493,482,0.977687627,324,0.67219917,205,0.425311203,240,233,0.970833333,152,0.652360515,93,0.399141631,253,248,0.980237154,172,0.693548387,112,0.451612903,471,463,0.983014862,316,0.6825054,201,0.43412527,4,4,1,2,0.5,0,0,7,5,0.714285714,0,0,0,0,4,3,0.75,2,0.666666667,2,0.666666667
2014-VA,2014,VA,VIRGINIA,0.6953125,0.195822011,0.058254076,0.040081522,6221,5888,0.946471628,3924,0.666440217,2453,0.416610054,2975,2842,0.955294118,1892,0.66572836,1200,0.422237861,3246,3046,0.938385705,2032,0.667104399,1253,0.41135916,4145,4094,0.987696019,2850,0.696140694,1869,0.456521739,1188,1153,0.970538721,712,0.617519514,394,0.341717259,438,343,0.783105023,209,0.609329446,108,0.314868805,389,236,0.606683805,112,0.474576271,60,0.254237288
2014-WA,2014,WA,WASHINGTON,0.762981575,0.033291457,0.056113903,0.079145729,5333,4776,0.895555972,3281,0.686976549,2390,0.50041876,2616,2331,0.891055046,1543,0.661947662,1125,0.482625483,2717,2445,0.899889584,1739,0.711247444,1265,0.517382413,3716,3644,0.980624327,2683,0.736278814,2022,0.554884742,195,159,0.815384615,74,0.465408805,53,0.333333333,451,268,0.594235033,161,0.600746269,110,0.410447761,635,378,0.595275591,169,0.447089947,95,0.251322751
2014-WV,2014,WV,WEST VIRGINIA,0.943055556,0.028472222,0.003472222,0.011111111,1449,1440,0.99378882,896,0.622222222,484,0.336111111,705,703,0.997163121,431,0.613086771,236,0.335704125,744,738,0.991935484,465,0.630081301,248,0.33604336,1360,1358,0.998529412,852,0.627393225,470,0.346097202,41,41,1,17,0.414634146,5,0.12195122,10,5,0.5,4,0.8,2,0.4,18,16,0.888888889,11,0.6875,3,0.1875
2014-WI,2014,WI,WISCONSIN,0.871691871,0.053638941,0.021502836,0.039697543,4356,4232,0.971533517,3005,0.710066163,2343,0.553638941,2136,2059,0.963951311,1433,0.695968917,1140,0.553666829,2220,2173,0.978828829,1572,0.723423838,1203,0.553612517,3715,3689,0.993001346,2727,0.739224722,2170,0.588235294,230,227,0.986956522,129,0.568281938,93,0.40969163,106,91,0.858490566,30,0.32967033,9,0.098901099,248,168,0.677419355,77,0.458333333,53,0.31547619
2014-WY,2014,WY,WYOMING,0.892271663,0.021077283,0.00234192,0.046838407,441,427,0.968253968,241,0.56440281,172,0.402810304,223,215,0.964125561,117,0.544186047,85,0.395348837,217,212,0.976958525,124,0.58490566,87,0.410377358,384,381,0.9921875,218,0.572178478,158,0.414698163,11,9,0.818181818,5,0.555555556,3,0.333333333,3,1,0.333333333,0,0,0,0,29,20,0.689655172,9,0.45,6,0.3
2018-USA,2018,USA,UNITED STATES,0.677274157,0.130043001,0.048629562,0.126533876,249748,228832,0.916251582,153066,0.668901203,122281,0.534370193,120573,110006,0.912360147,71726,0.652018981,56964,0.5178263,129176,118826,0.919876757,81340,0.684530322,65317,0.549686096,157610,154982,0.983325931,110054,0.710108271,89075,0.574744164,31623,29758,0.941023938,19023,0.63925667,15194,0.510585389,15659,11128,0.710645635,5898,0.530014378,4519,0.406092739,41049,28955,0.705376501,15558,0.537316526,11695,0.403902607
2018-AL,2018,AL,ALABAMA,0.684400111,0.270157938,0.010252147,0.02133555,3753,3609,0.961630695,2490,0.689941812,1830,0.507065669,1772,1681,0.948645598,1122,0.667459845,821,0.488399762,1982,1927,0.972250252,1368,0.70991178,1010,0.524130773,2494,2470,0.990376905,1760,0.712550607,1298,0.525506073,976,975,0.99897541,657,0.673846154,483,0.495384615,61,37,0.606557377,13,0.351351351,7,0.189189189,169,77,0.455621302,26,0.337662338,22,0.285714286
2018-AK,2018,AK,ALASKA,0.623742455,0.030181087,0.07444668,0.036217304,523,497,0.950286807,337,0.67806841,263,0.52917505,265,255,0.962264151,175,0.68627451,133,0.521568627,258,242,0.937984496,162,0.669421488,130,0.537190083,314,310,0.987261146,229,0.738709677,187,0.603225806,16,15,0.9375,9,0.6,8,0.533333333,55,37,0.672727273,23,0.621621622,15,0.405405405,20,18,0.9,10,0.555555556,8,0.444444444
2018-AZ,2018,AZ,ARIZONA,0.644313643,0.046668068,0.022282951,0.25331091,5361,4757,0.887334453,3262,0.685726298,2800,0.588606264,2606,2259,0.866845741,1539,0.6812749,1288,0.570163789,2755,2497,0.906352087,1723,0.690028034,1512,0.605526632,3128,3065,0.979859335,2272,0.741272431,2000,0.652528548,257,222,0.86381323,114,0.513513514,104,0.468468468,198,106,0.535353535,63,0.594339623,59,0.556603774,1624,1205,0.741995074,757,0.628215768,588,0.487966805
2018-AR,2018,AR,ARKANSAS,0.776645042,0.146895273,0.008804449,0.047265987,2261,2158,0.954444936,1262,0.584800741,919,0.425857275,1093,1034,0.946020128,602,0.582205029,431,0.416827853,1169,1125,0.962360992,660,0.586666667,488,0.433777778,1678,1676,0.998808105,995,0.593675418,737,0.43973747,327,317,0.96941896,178,0.561514196,132,0.416403785,37,19,0.513513514,9,0.473684211,6,0.315789474,172,102,0.593023256,43,0.421568627,21,0.205882353
2018-CA,2018,CA,CALIFORNIA,0.453947111,0.072282076,0.156043095,0.298256611,30243,25525,0.843996958,15690,0.614691479,13240,0.51870715,14767,12449,0.843028374,7372,0.592176078,6205,0.498433609,15476,13076,0.844921168,8318,0.636127256,7035,0.538008565,11986,11587,0.966711163,8005,0.690860447,7116,0.614136532,1912,1845,0.964958159,1061,0.575067751,933,0.505691057,5222,3983,0.762734584,2061,0.517449159,1620,0.406728597,10595,7613,0.718546484,4211,0.553132799,3300,0.433469066
2018-CO,2018,CO,COLORADO,0.771159097,0.042194093,0.023082651,0.146438322,4353,4029,0.925568573,2645,0.656490444,2342,0.581285679,2171,2004,0.923076923,1315,0.656187625,1144,0.570858283,2182,2025,0.928047663,1330,0.656790123,1198,0.591604938,3136,3107,0.990752551,2141,0.689089154,1945,0.626005793,185,170,0.918918919,73,0.429411765,51,0.3,156,93,0.596153846,75,0.806451613,66,0.709677419,806,590,0.732009926,323,0.547457627,259,0.438983051
2018-CT,2018,CT,CONNECTICUT,0.743599842,0.101614809,0.039385585,0.115399764,2834,2539,0.895906845,1726,0.679795195,1370,0.539582513,1365,1222,0.895238095,804,0.657937807,662,0.541734861,1469,1316,0.895847515,921,0.699848024,708,0.537993921,1934,1888,0.976215098,1347,0.71345339,1090,0.577330508,319,258,0.808777429,158,0.612403101,124,0.480620155,142,100,0.704225352,51,0.51,38,0.38,464,293,0.631465517,164,0.559726962,120,0.409556314
2018-DE,2018,DE,DELAWARE,0.656381487,0.223001403,0.039270687,0.072931276,756,713,0.943121693,472,0.661991585,369,0.517531557,359,334,0.930362117,215,0.643712575,167,0.5,397,379,0.95465995,258,0.680738786,202,0.53298153,477,468,0.981132075,316,0.675213675,247,0.527777778,163,159,0.975460123,109,0.685534591,90,0.566037736,41,28,0.682926829,15,0.535714286,11,0.392857143,73,52,0.712328767,27,0.519230769,20,0.384615385
2018-DC,2018,DC,DISTRICT OF COLUMBIA,0.435546875,0.4453125,0.04296875,0.068359375,567,512,0.902998236,397,0.775390625,313,0.611328125,264,235,0.890151515,179,0.761702128,141,0.6,304,277,0.911184211,218,0.78700361,172,0.620938628,235,223,0.94893617,191,0.856502242,155,0.695067265,251,228,0.908366534,163,0.714912281,123,0.539473684,30,22,0.733333333,16,0.727272727,13,0.590909091,53,35,0.660377358,24,0.685714286,20,0.571428571
2018-FL,2018,FL,FLORIDA,0.620190071,0.153984183,0.021931282,0.209078222,16845,15047,0.893262096,9435,0.627035289,7918,0.526217851,8035,7145,0.889234599,4383,0.613435969,3648,0.51056683,8810,7902,0.896935301,5052,0.639331815,4270,0.540369527,9592,9332,0.972894078,6211,0.665559366,5315,0.569545649,2644,2317,0.876323752,1340,0.578334053,1094,0.472162279,454,330,0.726872247,159,0.481818182,134,0.406060606,4288,3146,0.733675373,1723,0.547679593,1393,0.442784488
2018-GA,2018,GA,GEORGIA,0.609218985,0.315278348,0.026125017,0.036109971,7850,7311,0.93133758,4840,0.66201614,4084,0.558610313,3700,3417,0.923513514,2189,0.640620427,1814,0.530875037,4150,3893,0.938072289,2651,0.680965836,2270,0.583097868,4491,4454,0.9917613,2973,0.667489897,2496,0.56039515,2439,2305,0.945059451,1577,0.684164859,1374,0.596095445,318,191,0.600628931,108,0.565445026,84,0.439790576,525,264,0.502857143,135,0.511363636,101,0.382575758
2018-HI,2018,HI,HAWAII,0.21215242,0.021627188,0.429454171,0.081359423,1057,971,0.918637654,523,0.538619979,427,0.439752832,504,462,0.916666667,237,0.512987013,193,0.417748918,553,509,0.920433996,287,0.563850688,234,0.459724951,211,206,0.976303318,125,0.606796117,104,0.504854369,22,21,0.954545455,10,0.476190476,4,0.19047619,480,417,0.86875,218,0.522781775,186,0.446043165,82,79,0.963414634,34,0.430379747,25,0.316455696
2018-ID,2018,ID,IDAHO,0.851549755,0.006525285,0.017944535,0.102773246,1299,1226,0.943802925,743,0.606035889,587,0.478792822,645,608,0.942635659,362,0.595394737,286,0.470394737,654,618,0.944954128,381,0.616504854,301,0.487055016,1048,1044,0.996183206,664,0.636015326,531,0.50862069,8,8,1,8,1,6,0.75,33,22,0.666666667,9,0.409090909,8,0.363636364,182,126,0.692307692,51,0.404761905,30,0.238095238
2018-IL,2018,IL,ILLINOIS,0.684028166,0.142394099,0.050855035,0.118587236,9732,8947,0.919338266,6068,0.678216162,4740,0.529786521,4711,4316,0.916153683,2794,0.647358665,2183,0.5057924,5021,4630,0.922127066,3274,0.70712743,2557,0.552267819,6248,6120,0.979513444,4436,0.724836601,3494,0.570915033,1334,1274,0.955022489,861,0.675824176,723,0.567503925,673,455,0.676077266,205,0.450549451,150,0.32967033,1458,1061,0.727709191,537,0.506126296,354,0.333647502
2018-IN,2018,IN,INDIANA,0.818238731,0.097662771,0.020450751,0.044240401,5006,4792,0.957251298,3131,0.653380634,2364,0.493322204,2404,2331,0.969633943,1522,0.652938653,1115,0.478335478,2602,2461,0.945810915,1609,0.653799269,1249,0.507517269,3937,3921,0.995935992,2634,0.671767406,1996,0.509053813,484,468,0.966942149,299,0.638888889,221,0.472222222,138,98,0.710144928,40,0.408163265,27,0.275510204,337,212,0.629080119,96,0.452830189,77,0.363207547
2018-IA,2018,IA,IOWA,0.885663243,0.033943725,0.009825815,0.066100938,2376,2239,0.942340067,1658,0.740509156,1335,0.596248325,1176,1105,0.93962585,833,0.753846154,660,0.597285068,1201,1134,0.944213156,825,0.727513228,675,0.595238095,2007,1983,0.988041854,1499,0.755925366,1206,0.60816944,89,76,0.853932584,47,0.618421053,41,0.539473684,62,22,0.35483871,14,0.636363636,12,0.545454545,206,148,0.718446602,85,0.574324324,69,0.466216216
2018-KS,2018,KS,KANSAS,0.820335637,0.061697927,0.022704837,0.066140178,2149,2026,0.942764076,1449,0.715202369,1152,0.568608095,1049,980,0.93422307,692,0.706122449,554,0.565306122,1100,1046,0.950909091,757,0.723709369,598,0.571701721,1667,1662,0.9970006,1249,0.751504212,982,0.590854392,129,125,0.968992248,65,0.52,58,0.464,59,46,0.779661017,33,0.717391304,33,0.717391304,231,134,0.58008658,71,0.529850746,55,0.410447761
2018-KY,2018,KY,KENTUCKY,0.89904586,0.071714374,0.011388119,0.011388119,3370,3249,0.964094955,2389,0.73530317,1746,0.537396122,1627,1553,0.954517517,1092,0.703155184,789,0.508048938,1743,1696,0.973034997,1297,0.764740566,958,0.564858491,2928,2921,0.99760929,2183,0.747346799,1579,0.540568299,248,233,0.939516129,164,0.703862661,131,0.56223176,82,37,0.451219512,14,0.378378378,12,0.324324324,96,37,0.385416667,15,0.405405405,12,0.324324324
2018-LA,2018,LA,LOUISIANA,0.608238124,0.32230908,0.010222489,0.033674083,3458,3326,0.961827646,2263,0.680396873,1656,0.49789537,1635,1557,0.952293578,1032,0.662813102,774,0.497109827,1823,1770,0.970927043,1231,0.695480226,882,0.498305085,2047,2023,0.988275525,1455,0.719228868,1046,0.51705388,1076,1072,0.996282528,688,0.641791045,531,0.495335821,60,34,0.566666667,17,0.5,9,0.264705882,189,112,0.592592593,56,0.5,35,0.3125
2018-ME,2018,ME,MAINE,0.941287879,0.010416667,0.016098485,0.009469697,1074,1056,0.983240223,828,0.784090909,693,0.65625,527,519,0.984819734,397,0.764932563,329,0.633911368,546,537,0.983516484,431,0.802607076,364,0.677839851,1001,994,0.993006993,788,0.792756539,666,0.670020121,17,11,0.647058824,5,0.454545455,3,0.272727273,20,17,0.85,6,0.352941176,6,0.352941176,11,10,0.909090909,8,0.8,3,0.3
2018-MD,2018,MD,MARYLAND,0.565522074,0.302032235,0.050689091,0.076617613,4666,4281,0.917488213,3095,0.722961925,2320,0.541929456,2217,2047,0.923319802,1457,0.711773327,1107,0.540791402,2449,2235,0.912617395,1639,0.733333333,1213,0.542729306,2466,2421,0.981751825,1869,0.771995043,1414,0.584056175,1414,1293,0.914427157,856,0.662026295,630,0.487238979,315,217,0.688888889,142,0.65437788,94,0.433179724,500,328,0.656,195,0.594512195,158,0.481707317
2018-MA,2018,MA,MASSACHUSETTS,0.784305753,0.083960155,0.047570644,0.084163448,5460,4919,0.900915751,3345,0.680016263,2731,0.555194145,2594,2335,0.900154202,1556,0.666381156,1280,0.548179872,2866,2583,0.901256106,1789,0.692605497,1451,0.561749903,4006,3858,0.963055417,2737,0.70943494,2266,0.587350959,454,413,0.90969163,240,0.581113801,194,0.469733656,416,234,0.5625,113,0.482905983,101,0.431623932,565,414,0.732743363,249,0.601449275,177,0.427536232
2018-MI,2018,MI,MICHIGAN,0.803903096,0.134993271,0.018034993,0.027321669,7657,7430,0.970353925,5453,0.733916555,4418,0.59461642,3688,3564,0.96637744,2563,0.719135802,2072,0.581369248,3970,3866,0.973803526,2890,0.74754268,2346,0.606828764,6033,5973,0.990054699,4526,0.757743178,3648,0.610748368,1027,1003,0.976630964,670,0.667996012,557,0.555333998,242,134,0.553719008,91,0.679104478,72,0.537313433,241,203,0.842323651,99,0.487684729,81,0.399014778
2018-MN,2018,MN,MINNESOTA,0.866450325,0.048427359,0.039191213,0.016225662,4238,4006,0.945257197,3000,0.748876685,2523,0.629805292,2099,1969,0.938065746,1429,0.725749111,1194,0.606399187,2139,2037,0.952314165,1570,0.770741286,1329,0.652430044,3485,3471,0.995982783,2683,0.772976088,2249,0.647940075,252,194,0.76984127,128,0.659793814,106,0.546391753,225,157,0.697777778,78,0.496815287,68,0.433121019,156,65,0.416666667,44,0.676923077,37,0.569230769
2018-MS,2018,MS,MISSISSIPPI,0.603305785,0.365472911,0.006427916,0.015151515,2194,2178,0.992707384,1599,0.73415978,1180,0.541781451,1027,1016,0.989289192,718,0.706692913,531,0.522637795,1167,1162,0.99571551,881,0.758175559,650,0.559380379,1317,1314,0.997722096,943,0.717656012,679,0.51674277,798,796,0.997493734,621,0.780150754,476,0.59798995,16,14,0.875,3,0.214285714,0,0,44,33,0.75,16,0.484848485,11,0.333333333
2018-MO,2018,MO,MISSOURI,0.844872918,0.108895706,0.007668712,0.023663453,4676,4564,0.976047904,3299,0.72283085,2509,0.549737073,2243,2202,0.981720909,1541,0.699818347,1162,0.527702089,2433,2361,0.970406905,1758,0.744599746,1346,0.570097416,3874,3856,0.99535364,2839,0.736255187,2185,0.566649378,504,497,0.986111111,326,0.655935614,238,0.478873239,55,35,0.636363636,17,0.485714286,3,0.085714286,176,108,0.613636364,53,0.490740741,47,0.435185185
2018-MT,2018,MT,MONTANA,0.911330049,0.004926108,0.004926108,0.024630542,822,812,0.98783455,579,0.713054187,518,0.637931034,405,402,0.992592593,279,0.694029851,247,0.614427861,417,411,0.985611511,300,0.729927007,271,0.659367397,747,740,0.990629183,534,0.721621622,483,0.652702703,4,4,1,1,0.25,0,0,5,4,0.8,3,0.75,3,0.75,22,20,0.909090909,11,0.55,11,0.55
2018-NE,2018,NE,NEBRASKA,0.831831832,0.044294294,0.027777778,0.078828829,1428,1332,0.932773109,883,0.662912913,676,0.507507508,710,652,0.918309859,418,0.641104294,314,0.481595092,718,680,0.947075209,466,0.685294118,362,0.532352941,1113,1108,0.995507637,782,0.705776173,606,0.546931408,60,59,0.983333333,26,0.440677966,15,0.254237288,58,37,0.637931034,11,0.297297297,8,0.216216216,175,105,0.6,50,0.476190476,34,0.323809524
2018-NV,2018,NV,NEVADA,0.599419448,0.086115143,0.08563135,0.200774069,2324,2067,0.889414802,1277,0.61780358,1006,0.486695694,1145,1043,0.910917031,616,0.590604027,497,0.476510067,1179,1024,0.868532655,662,0.646484375,509,0.497070313,1261,1239,0.982553529,850,0.686037127,701,0.565778854,197,178,0.903553299,108,0.606741573,65,0.365168539,230,177,0.769565217,69,0.389830508,49,0.276836158,584,415,0.710616438,212,0.510843373,156,0.375903614
2018-NH,2018,NH,NEW HAMPSHIRE,0.932682927,0.003902439,0.022439024,0.024390244,1080,1025,0.949074074,726,0.708292683,576,0.56195122,530,507,0.956603774,359,0.708086785,280,0.552268245,550,519,0.943636364,367,0.707129094,296,0.570327553,970,956,0.98556701,683,0.714435146,545,0.570083682,16,4,0.25,2,0.5,2,0.5,38,23,0.605263158,15,0.652173913,10,0.434782609,42,25,0.595238095,18,0.72,14,0.56
2018-NJ,2018,NJ,NEW JERSEY,0.629328227,0.146322004,0.077070369,0.146800702,7009,6267,0.894136111,4297,0.685655018,3384,0.539971278,3348,2998,0.895459976,2046,0.68245497,1577,0.526017345,3660,3269,0.893169399,2251,0.688589783,1808,0.553074335,4081,3944,0.966429797,2847,0.721855984,2283,0.578853955,1013,917,0.905231984,611,0.666303162,472,0.514721919,690,483,0.7,281,0.581780538,188,0.389233954,1259,920,0.730738681,578,0.62826087,471,0.511956522
2018-NM,2018,NM,NEW MEXICO,0.426936027,0.018181818,0.014141414,0.402020202,1576,1485,0.942258883,916,0.616835017,715,0.481481481,761,715,0.939553219,422,0.59020979,327,0.457342657,815,770,0.944785276,493,0.64025974,387,0.502597403,644,634,0.98447205,465,0.733438486,388,0.611987382,30,27,0.9,15,0.555555556,9,0.333333333,32,21,0.65625,9,0.428571429,7,0.333333333,666,597,0.896396396,322,0.539363484,242,0.405360134
2018-NY,2018,NY,NEW YORK,0.636363636,0.168444899,0.077535808,0.130444315,15478,13684,0.884093552,8553,0.625036539,6775,0.495103771,7364,6512,0.88430201,3934,0.604115479,3081,0.473126536,8113,7171,0.883890053,4619,0.644122159,3694,0.515130386,9108,8708,0.956082565,5770,0.662609095,4604,0.528709233,2570,2305,0.89688716,1410,0.611713666,1182,0.512798265,1443,1061,0.735273735,504,0.475023563,344,0.324222432,2604,1785,0.685483871,963,0.539495798,731,0.40952381
2018-NC,2018,NC,NORTH CAROLINA,0.694519076,0.221117679,0.02001612,0.036002149,7911,7444,0.940968272,5160,0.693175712,3899,0.523777539,3748,3495,0.932497332,2384,0.68211731,1822,0.521316166,4163,3949,0.948594763,2776,0.702962775,2077,0.525955938,5239,5170,0.986829548,3721,0.719729207,2814,0.544294004,1685,1646,0.976854599,1110,0.67436209,852,0.517618469,186,149,0.801075269,90,0.604026846,68,0.456375839,588,268,0.455782313,131,0.48880597,104,0.388059701
2018-ND,2018,ND,NORTH DAKOTA,0.892791128,0.011090573,0.005545287,0.027726433,560,541,0.966071429,397,0.733826248,335,0.61922366,286,275,0.961538462,194,0.705454545,160,0.581818182,274,266,0.97080292,204,0.766917293,175,0.657894737,488,483,0.989754098,362,0.749482402,311,0.64389234,14,6,0.428571429,2,0.333333333,1,0.166666667,8,3,0.375,0,0,0,0,16,15,0.9375,10,0.666666667,7,0.466666667
2018-OH,2018,OH,OHIO,0.82662037,0.116898148,0.014930556,0.021412037,8873,8640,0.973740561,6062,0.70162037,4538,0.525231481,4294,4158,0.968327899,2840,0.683020683,2035,0.489417989,4579,4482,0.978816335,3222,0.718875502,2503,0.558456046,7203,7142,0.991531306,5058,0.708204985,3849,0.538924671,1054,1010,0.958254269,707,0.7,519,0.513861386,207,129,0.623188406,93,0.720930233,65,0.503875969,235,185,0.787234043,121,0.654054054,60,0.324324324
2018-OK,2018,OK,OKLAHOMA,0.714128843,0.067349927,0.018301611,0.076866764,2868,2732,0.952580195,1777,0.650439239,1350,0.494143485,1388,1330,0.958213256,824,0.619548872,626,0.470676692,1480,1402,0.947297297,953,0.679743224,724,0.516405136,1957,1951,0.996934083,1341,0.687339826,1035,0.530497181,195,184,0.943589744,90,0.489130435,61,0.331521739,70,50,0.714285714,23,0.46,15,0.3,310,210,0.677419355,88,0.419047619,71,0.338095238
2018-OR,2018,OR,OREGON,0.818674315,0.022625876,0.043977055,0.085086042,3293,3138,0.952930459,2274,0.724665392,1918,0.611217336,1612,1542,0.956575682,1078,0.699092088,912,0.591439689,1681,1596,0.94943486,1197,0.75,1006,0.630325815,2584,2569,0.994195046,1956,0.761385753,1694,0.659400545,78,71,0.91025641,43,0.605633803,41,0.577464789,172,138,0.802325581,71,0.514492754,36,0.260869565,365,267,0.731506849,140,0.524344569,93,0.348314607
2018-PA,2018,PA,PENNSYLVANIA,0.805804749,0.108496042,0.024274406,0.055831135,9928,9475,0.954371475,6469,0.682744063,5173,0.545963061,4736,4532,0.956925676,3056,0.674315975,2445,0.539496911,5192,4943,0.952041602,3414,0.69067368,2728,0.551891564,7712,7635,0.99001556,5434,0.711722331,4323,0.566208251,1059,1028,0.970727101,653,0.635214008,562,0.546692607,423,230,0.543735225,106,0.460869565,87,0.37826087,657,529,0.805175038,218,0.412098299,154,0.291115312
2018-RI,2018,RI,RHODE ISLAND,0.809462916,0.057544757,0.020460358,0.101023018,828,782,0.944444444,532,0.680306905,403,0.515345269,394,373,0.946700508,238,0.638069705,186,0.498659517,435,408,0.937931034,293,0.718137255,217,0.531862745,642,633,0.985981308,447,0.706161137,345,0.545023697,53,45,0.849056604,26,0.577777778,16,0.355555556,26,16,0.615384615,7,0.4375,5,0.3125,98,79,0.806122449,44,0.556962025,30,0.379746835
2018-SC,2018,SC,SOUTH CAROLINA,0.686654285,0.264261077,0.007694349,0.02918546,3914,3769,0.9629535,2430,0.644733351,1836,0.487131865,1849,1767,0.955651704,1121,0.634408602,828,0.468590832,2066,2002,0.969022265,1309,0.653846154,1007,0.502997003,2610,2588,0.991570881,1690,0.65301391,1257,0.485703246,1000,996,0.996,646,0.648594378,519,0.521084337,54,29,0.537037037,19,0.655172414,9,0.310344828,207,110,0.531400966,36,0.327272727,19,0.172727273
2018-SD,2018,SD,SOUTH DAKOTA,0.87755102,0.010989011,0.004709576,0.020408163,648,637,0.983024691,429,0.673469388,331,0.519623234,325,319,0.981538462,207,0.648902821,160,0.501567398,323,318,0.984520124,222,0.698113208,170,0.534591195,561,559,0.996434938,389,0.69588551,303,0.542039356,12,7,0.583333333,2,0.285714286,1,0.142857143,5,3,0.6,1,0.333333333,1,0.333333333,15,13,0.866666667,5,0.384615385,4,0.307692308
2018-TN,2018,TN,TENNESSEE,0.767942584,0.159688995,0.019338118,0.033293461,5202,5016,0.964244521,3183,0.634569378,2487,0.495813397,2501,2386,0.954018393,1476,0.61860855,1174,0.492036882,2701,2630,0.973713439,1707,0.64904943,1313,0.499239544,3879,3852,0.993039443,2536,0.658359294,1991,0.516874351,830,801,0.965060241,484,0.604244694,368,0.459425718,109,97,0.889908257,32,0.329896907,29,0.298969072,282,167,0.592198582,69,0.413173653,48,0.28742515
2018-TX,2018,TX,TEXAS,0.508599107,0.135517579,0.040056602,0.304451943,21064,18374,0.872293961,11634,0.633177316,8886,0.483618156,10274,8812,0.857699046,5361,0.608374943,4064,0.461189287,10790,9562,0.886190918,6273,0.656034302,4822,0.504287806,9492,9345,0.984513274,6686,0.715462814,5394,0.577207063,2625,2490,0.948571429,1580,0.634538153,1203,0.48313253,1097,736,0.670920693,397,0.539402174,288,0.391304348,7658,5594,0.730477932,2843,0.508223096,1918,0.342867358
2018-UT,2018,UT,UTAH,0.846372688,0.013750593,0.020862968,0.089615932,2247,2109,0.93858478,1443,0.684210526,1214,0.57562826,1109,1040,0.937781785,691,0.664423077,568,0.546153846,1138,1068,0.938488576,752,0.70411985,646,0.604868914,1799,1785,0.992217899,1293,0.724369748,1092,0.611764706,31,29,0.935483871,8,0.275862069,5,0.172413793,63,44,0.698412698,26,0.590909091,22,0.5,291,189,0.649484536,96,0.507936508,82,0.433862434
2018-VT,2018,VT,VERMONT,0.937625755,0.00804829,0.00804829,0.016096579,503,497,0.988071571,343,0.690140845,273,0.549295775,247,243,0.983805668,168,0.691358025,132,0.543209877,257,253,0.984435798,175,0.691699605,141,0.557312253,472,466,0.987288136,323,0.693133047,258,0.553648069,4,4,1,2,0.5,1,0.25,5,4,0.8,3,0.75,3,0.75,8,8,1,7,0.875,6,0.75
2018-VA,2018,VA,VIRGINIA,0.65962238,0.195738784,0.06374502,0.056123333,6386,5773,0.904008769,4159,0.720422657,3319,0.57491772,3051,2724,0.892822026,1958,0.718795888,1578,0.579295154,3335,3049,0.914242879,2201,0.721876025,1742,0.571334864,3874,3808,0.982963345,2924,0.767857143,2314,0.607668067,1198,1130,0.943238731,754,0.667256637,637,0.563716814,510,368,0.721568627,226,0.614130435,169,0.45923913,669,324,0.484304933,159,0.490740741,112,0.345679012
2018-WA,2018,WA,WASHINGTON,0.746939556,0.044376435,0.068094874,0.08951798,5775,5228,0.905281385,3852,0.736801836,3234,0.618592196,2869,2590,0.902753573,1861,0.718532819,1541,0.594980695,2906,2638,0.907777013,1991,0.754738438,1693,0.641774071,3995,3905,0.97747184,2983,0.763892446,2558,0.655057618,232,232,1,155,0.668103448,103,0.443965517,530,356,0.671698113,262,0.735955056,224,0.629213483,736,468,0.635869565,267,0.570512821,204,0.435897436
2018-WV,2018,WV,WEST VIRGINIA,0.929190751,0.033959538,0.00433526,0.014450867,1406,1384,0.984352774,892,0.644508671,610,0.440751445,685,674,0.983941606,423,0.627596439,294,0.43620178,721,710,0.984743412,470,0.661971831,316,0.445070423,1291,1286,0.996127033,847,0.658631415,582,0.452566096,49,47,0.959183673,19,0.404255319,12,0.255319149,17,6,0.352941176,4,0.666666667,3,0.5,24,20,0.833333333,10,0.5,4,0.2
2018-WI,2018,WI,WISCONSIN,0.875,0.055633147,0.018389199,0.033054004,4436,4296,0.968440036,3129,0.728351955,2776,0.646182495,2186,2105,0.96294602,1519,0.721615202,1328,0.63087886,2250,2191,0.973777778,1610,0.734824281,1448,0.66088544,3782,3759,0.993918562,2815,0.74886938,2514,0.668794892,264,239,0.90530303,137,0.573221757,110,0.460251046,89,79,0.887640449,52,0.658227848,52,0.658227848,232,142,0.612068966,91,0.64084507,84,0.591549296
2018-WY,2018,WY,WYOMING,0.872037915,0.009478673,0.002369668,0.087677725,430,422,0.981395349,268,0.63507109,220,0.521327014,216,212,0.981481481,134,0.632075472,107,0.504716981,214,210,0.981308411,135,0.642857143,113,0.538095238,369,368,0.997289973,244,0.663043478,202,0.548913043,5,4,0.8,3,0.75,2,0.5,3,1,0.333333333,0,0,0,0,41,37,0.902439024,16,0.432432432,13,0.351351351
