yearstate,electionyear,stateabbreviation,democratcandidatevotes,republicancandidatevotes,othercandidatevotes,totalvotes,percentdemocrat,percentrepublican,percentother,firstplace,secondplace,competivness
2000-AK,2000,AK,124376,358260,77317,559953,0.22,0.6398,0.1381,0.6398,0.22,0.4198
2000-AL,2000,AL,1178271,1790402,136593,3105266,0.38,0.5766,0.044,0.5766,0.38,0.1966
2000-AR,2000,AR,778134,750086,26326,1554546,0.5,0.4825,0.0169,0.5,0.4825,0.0175
2000-AZ,2000,AZ,1243190,2744563,406995,4394748,0.28,0.6245,0.0926,0.6245,0.28,0.3445
2000-CA,2000,CA,17200888,12900577,1925670,32027135,0.54,0.4028,0.0601,0.54,0.4028,0.1372
2000-CO,2000,CO,1234272,1852399,278579,3365250,0.37,0.5504,0.0828,0.5504,0.37,0.1804
2000-CT,2000,CT,2344154,1604001,136121,4084276,0.57,0.3927,0.0333,0.57,0.3927,0.1773
2000-DC,2000,DC,330747,28331,18447,377525,0.88,0.075,0.0489,0.88,0.075,0.805
2000-DE,2000,DE,458122,491976,17712,967810,0.47,0.5083,0.0183,0.5083,0.47,0.0383
2000-FL,2000,FL,7877929,8469761,483523,16831213,0.47,0.5032,0.0287,0.5032,0.47,0.0332
2000-GA,2000,GA,2034315,2918057,2489567,7441939,0.27,0.3921,0.3345,0.3921,0.3345,0.0576
2000-HI,2000,HI,677874,333441,42683,1053998,0.64,0.3164,0.0405,0.64,0.3164,0.3236
2000-IA,2000,IA,1170159,1351695,69643,2591497,0.45,0.5216,0.0269,0.5216,0.45,0.0716
2000-ID,2000,ID,280982,669592,43882,994456,0.28,0.6733,0.0441,0.6733,0.28,0.3933
2000-IL,2000,IL,5042700,3926727,166048,9135475,0.55,0.4298,0.0182,0.55,0.4298,0.1202
2000-IN,2000,IN,2538420,3814334,148501,6501255,0.39,0.5867,0.0228,0.5867,0.39,0.1967
2000-KS,2000,KS,727470,1280310,102817,2110597,0.34,0.6066,0.0487,0.6066,0.34,0.2666
2000-KY,2000,KY,1200650,1697407,81539,2979596,0.4,0.5697,0.0274,0.5697,0.4,0.1697
2000-LA,2000,LA,1152012,1674986,140829,2967827,0.39,0.5644,0.0475,0.5644,0.39,0.1744
2000-MA,2000,MA,5473923,1556341,619515,7649779,0.72,0.2034,0.081,0.72,0.2034,0.5166
2000-MD,2000,MD,3436652,2385281,77209,5899142,0.58,0.4043,0.0131,0.58,0.4043,0.1757
2000-ME,2000,ME,939740,927742,57606,1925088,0.49,0.4819,0.0299,0.49,0.4819,0.0081
2000-MI,2000,MI,6410048,5734823,325051,12469922,0.51,0.4599,0.0261,0.51,0.4599,0.0501
2000-MN,2000,MN,3584023,3150504,487416,7221943,0.5,0.4362,0.0675,0.5,0.4362,0.0638
2000-MO,2000,MO,3438970,3468500,139796,7047266,0.49,0.4922,0.0198,0.4922,0.49,0.0022
2000-MS,2000,MS,1214391,1696268,63808,2974467,0.41,0.5703,0.0215,0.5703,0.41,0.1603
2000-MT,2000,MT,521527,659678,51916,1233121,0.42,0.535,0.0421,0.535,0.42,0.115
2000-NC,2000,NC,2451292,3145969,93801,5691062,0.43,0.5528,0.0165,0.5528,0.43,0.1228
2000-ND,2000,ND,422927,413172,25354,861453,0.49,0.4796,0.0294,0.49,0.4796,0.0104
2000-NE,2000,NE,762944,1258352,51144,2072440,0.37,0.6072,0.0247,0.6072,0.37,0.2372
2000-NH,2000,NH,505102,576749,43647,1125498,0.45,0.5124,0.0388,0.5124,0.45,0.0624
2000-NJ,2000,NJ,4832327,4088610,270184,9191121,0.53,0.4448,0.0294,0.53,0.4448,0.0852
2000-NM,2000,NM,950368,785951,39326,1775645,0.54,0.4426,0.0221,0.54,0.4426,0.0974
2000-NV,2000,NV,743086,963146,88192,1794424,0.41,0.5367,0.0491,0.5367,0.41,0.1267
2000-NY,2000,NY,11044633,7792744,588311,19425688,0.57,0.4012,0.0303,0.57,0.4012,0.1688
2000-OH,2000,OH,5853340,7221819,603651,13678810,0.43,0.528,0.0441,0.528,0.43,0.098
2000-OK,2000,OK,811231,1446157,64356,2321744,0.35,0.6229,0.0277,0.6229,0.35,0.2729
2000-OR,2000,OR,1510707,1320675,142588,2973970,0.51,0.4441,0.0479,0.51,0.4441,0.0659
2000-PA,2000,PA,6920102,6992146,290722,14202970,0.49,0.4923,0.0205,0.4923,0.49,0.0023
2000-RI,2000,RI,657778,442597,84401,1184776,0.56,0.3736,0.0712,0.56,0.3736,0.1864
2000-SC,2000,SC,1090448,1515268,97282,2702998,0.4,0.5606,0.036,0.5606,0.4,0.1606
2000-SD,2000,SD,197125,421783,12122,631030,0.31,0.6684,0.0192,0.6684,0.31,0.3584
2000-TN,2000,TN,2421972,3309377,127823,5859172,0.41,0.5648,0.0218,0.5648,0.41,0.1548
2000-TX,2000,TX,7263112,10814141,592799,18670052,0.39,0.5792,0.0318,0.5792,0.39,0.1892
2000-UT,2000,UT,750419,1446547,102246,2299212,0.33,0.6291,0.0445,0.6291,0.33,0.2991
2000-VA,2000,VA,3573867,3989949,315661,7879477,0.45,0.5064,0.0401,0.5064,0.45,0.0564
2000-VT,2000,VT,237292,360885,267997,866174,0.27,0.4166,0.3094,0.4166,0.3094,0.1072
2000-WA,2000,WA,3692961,3303949,334313,7331223,0.5,0.4507,0.0456,0.5,0.4507,0.0493
2000-WI,2000,WI,3994091,3489470,161443,7645004,0.52,0.4564,0.0211,0.52,0.4564,0.0636
2000-WV,2000,WV,1185496,566879,79098,1831473,0.65,0.3095,0.0432,0.65,0.3095,0.3405
2000-WY,2000,WY,168206,447417,28699,644322,0.26,0.6944,0.0445,0.6944,0.26,0.4344
2004-AK,2004,AK,111025,190889,10684,312598,0.3552,0.6107,0.0342,0.6107,0.3552,0.2555
2004-AL,2004,AL,693933,1176394,13122,1883449,0.3684,0.6246,0.007,0.6246,0.3684,0.2562
2004-AR,2004,AR,469953,572898,12094,1054945,0.4455,0.5431,0.0115,0.5431,0.4455,0.0976
2004-AZ,2004,AZ,893524,1104294,14767,2012585,0.444,0.5487,0.0073,0.5487,0.444,0.1047
2004-CA,2004,CA,6745485,5509826,166541,12421852,0.543,0.4436,0.0134,0.543,0.4436,0.0994
2004-CO,2004,CO,1001732,1101255,27343,2130330,0.4702,0.5169,0.0128,0.5169,0.4702,0.0467
2004-CT,2004,CT,857488,693826,27455,1578769,0.5431,0.4395,0.0174,0.5431,0.4395,0.1036
2004-DC,2004,DC,202970,21256,3360,227586,0.8918,0.0934,0.0148,0.8918,0.0934,0.7984
2004-DE,2004,DE,200152,171660,3378,375190,0.5335,0.4575,0.009,0.5335,0.4575,0.076
2004-FL,2004,FL,3583544,3964522,61744,7609810,0.4709,0.521,0.0081,0.521,0.4709,0.0501
2004-GA,2004,GA,1366149,1914254,21472,3301875,0.4137,0.5797,0.0065,0.5797,0.4137,0.166
2004-HI,2004,HI,231708,194191,3114,429013,0.5401,0.4526,0.0073,0.5401,0.4526,0.0875
2004-IA,2004,IA,741898,751957,13053,1506908,0.4923,0.499,0.0087,0.499,0.4923,0.0067
2004-ID,2004,ID,181098,409235,8114,598447,0.3026,0.6838,0.0136,0.6838,0.3026,0.3812
2004-IL,2004,IL,2891550,2345946,36826,5274322,0.5482,0.4448,0.007,0.5482,0.4448,0.1034
2004-IN,2004,IN,969011,1479438,19553,2468002,0.3926,0.5994,0.0079,0.5994,0.3926,0.2068
2004-KS,2004,KS,434993,736456,16307,1187756,0.3662,0.62,0.0137,0.62,0.3662,0.2538
2004-KY,2004,KY,712733,1069439,13710,1795882,0.3969,0.5955,0.0076,0.5955,0.3969,0.1986
2004-LA,2004,LA,820299,1102169,20638,1943106,0.4222,0.5672,0.0106,0.5672,0.4222,0.145
2004-MA,2004,MA,1803800,1071109,37479,2912388,0.6194,0.3678,0.0129,0.6194,0.3678,0.2516
2004-MD,2004,MD,1334493,1024703,27482,2386678,0.5591,0.4293,0.0115,0.5591,0.4293,0.1298
2004-ME,2004,ME,396842,330201,13709,740752,0.5357,0.4458,0.0185,0.5357,0.4458,0.0899
2004-MI,2004,MI,2479183,2313746,46323,4839252,0.5123,0.4781,0.0096,0.5123,0.4781,0.0342
2004-MN,2004,MN,1445014,1346695,36678,2828387,0.5109,0.4761,0.013,0.5109,0.4761,0.0348
2004-MO,2004,MO,1259171,1455713,16480,2731364,0.461,0.533,0.006,0.533,0.461,0.072
2004-MS,2004,MS,458094,684981,9070,1152145,0.3976,0.5945,0.0079,0.5945,0.3976,0.1969
2004-MT,2004,MT,173710,266063,10672,450445,0.3856,0.5907,0.0237,0.5907,0.3856,0.2051
2004-NC,2004,NC,1525849,1961166,13992,3501007,0.4358,0.5602,0.004,0.5602,0.4358,0.1244
2004-ND,2004,ND,111052,196651,5130,312833,0.355,0.6286,0.0164,0.6286,0.355,0.2736
2004-NE,2004,NE,254328,512814,11044,778186,0.3268,0.659,0.0142,0.659,0.3268,0.3322
2004-NH,2004,NH,340511,331237,5990,677738,0.5024,0.4887,0.0088,0.5024,0.4887,0.0137
2004-NJ,2004,NJ,1911430,1670003,30258,3611691,0.5292,0.4624,0.0084,0.5292,0.4624,0.0668
2004-NM,2004,NM,370942,376930,8432,756304,0.4905,0.4984,0.0111,0.4984,0.4905,0.0079
2004-NV,2004,NV,397190,418690,13707,829587,0.4788,0.5047,0.0165,0.5047,0.4788,0.0259
2004-NY,2004,NY,4314280,2962567,114189,7391036,0.5837,0.4008,0.0154,0.5837,0.4008,0.1829
2004-OH,2004,OH,2741167,2859768,26973,5627908,0.4871,0.5081,0.0048,0.5081,0.4871,0.021
2004-OK,2004,OK,503966,959792,0,1463758,0.3443,0.6557,0,0.6557,0.3443,0.3114
2004-OR,2004,OR,943163,866831,26788,1836782,0.5135,0.4719,0.0146,0.5135,0.4719,0.0416
2004-PA,2004,PA,2938095,2793847,37648,5769590,0.5092,0.4842,0.0065,0.5092,0.4842,0.025
2004-RI,2004,RI,259765,169046,8323,437134,0.5942,0.3867,0.019,0.5942,0.3867,0.2075
2004-SC,2004,SC,661699,937974,18057,1617730,0.409,0.5798,0.0112,0.5798,0.409,0.1708
2004-SD,2004,SD,149244,232584,6387,388215,0.3844,0.5991,0.0165,0.5991,0.3844,0.2147
2004-TN,2004,TN,1036477,1384375,16467,2437319,0.4253,0.568,0.0068,0.568,0.4253,0.1427
2004-TX,2004,TX,2832704,4526917,51144,7410765,0.3822,0.6109,0.0069,0.6109,0.3822,0.2287
2004-UT,2004,UT,241199,663742,22903,927844,0.26,0.7154,0.0247,0.7154,0.26,0.4554
2004-VA,2004,VA,1454742,1716959,26666,3198367,0.4548,0.5368,0.0083,0.5368,0.4548,0.082
2004-VT,2004,VT,184067,121180,7062,312309,0.5894,0.388,0.0226,0.5894,0.388,0.2014
2004-WA,2004,WA,1510201,1304894,43989,2859084,0.5282,0.4564,0.0154,0.5282,0.4564,0.0718
2004-WI,2004,WI,1489504,1478120,29383,2997007,0.497,0.4932,0.0098,0.497,0.4932,0.0038
2004-WV,2004,WV,326541,423778,5568,755887,0.432,0.5606,0.0074,0.5606,0.432,0.1286
2004-WY,2004,WY,70776,167629,5023,243428,0.2907,0.6886,0.0206,0.6886,0.2907,0.3979
2008-AK,2008,AK,123594,193841,8762,326197,0.3789,0.5942,0.0269,0.5942,0.3789,0.2153
2008-AL,2008,AL,813479,1266546,19794,2099819,0.3874,0.6032,0.0094,0.6032,0.3874,0.2158
2008-AR,2008,AR,422310,638017,26290,1086617,0.3886,0.5872,0.0242,0.5872,0.3886,0.1986
2008-AZ,2008,AZ,1034707,1230111,28657,2293475,0.4512,0.5364,0.0125,0.5364,0.4512,0.0852
2008-CA,2008,CA,8274473,5011781,275646,13561900,0.6101,0.3695,0.0203,0.6101,0.3695,0.2406
2008-CO,2008,CO,1288633,1073629,39200,2401462,0.5366,0.4471,0.0163,0.5366,0.4471,0.0895
2008-CT,2008,CT,997772,629428,19597,1646797,0.6059,0.3822,0.0119,0.6059,0.3822,0.2237
2008-DC,2008,DC,245800,17367,2686,265853,0.9246,0.0653,0.0101,0.9246,0.0653,0.8593
2008-DE,2008,DE,255459,152374,4579,412412,0.6194,0.3695,0.0111,0.6194,0.3695,0.2499
2008-FL,2008,FL,4282074,4045624,63046,8390744,0.5103,0.4822,0.0075,0.5103,0.4822,0.0281
2008-GA,2008,GA,1844123,2048759,31604,3924486,0.4699,0.522,0.0081,0.522,0.4699,0.0521
2008-HI,2008,HI,325871,120566,7131,453568,0.7185,0.2658,0.0157,0.7185,0.2658,0.4527
2008-IA,2008,IA,828940,682379,25804,1537123,0.5393,0.4439,0.0168,0.5393,0.4439,0.0954
2008-ID,2008,ID,236440,403012,15670,655122,0.3609,0.6152,0.0239,0.6152,0.3609,0.2543
2008-IL,2008,IL,3419348,2031179,71844,5522371,0.6192,0.3678,0.013,0.6192,0.3678,0.2514
2008-IN,2008,IN,1374039,1345648,31367,2751054,0.4995,0.4891,0.0114,0.4995,0.4891,0.0104
2008-KS,2008,KS,514765,699655,21452,1235872,0.4165,0.5661,0.0174,0.5661,0.4165,0.1496
2008-KY,2008,KY,751985,1048462,26173,1826620,0.4117,0.574,0.0143,0.574,0.4117,0.1623
2008-LA,2008,LA,782989,1148275,29497,1960761,0.3993,0.5856,0.015,0.5856,0.3993,0.1863
2008-MA,2008,MA,1904097,1108854,68034,3080985,0.618,0.3599,0.0221,0.618,0.3599,0.2581
2008-MD,2008,MD,1629467,959862,42267,2631596,0.6192,0.3647,0.0161,0.6192,0.3647,0.2545
2008-ME,2008,ME,421923,295273,13967,731163,0.5771,0.4038,0.0191,0.5771,0.4038,0.1733
2008-MI,2008,MI,2872579,2048639,80548,5001766,0.5743,0.4096,0.0161,0.5743,0.4096,0.1647
2008-MN,2008,MN,1573354,1275409,61606,2910369,0.5406,0.4382,0.0212,0.5406,0.4382,0.1024
2008-MO,2008,MO,1441911,1445814,37480,2925205,0.4929,0.4943,0.0128,0.4943,0.4929,0.0014
2008-MS,2008,MS,554662,724597,10606,1289865,0.43,0.5618,0.0082,0.5618,0.43,0.1318
2008-MT,2008,MT,231667,242763,15872,490302,0.4725,0.4951,0.0324,0.4951,0.4725,0.0226
2008-NC,2008,NC,2142651,2128474,39664,4310789,0.497,0.4938,0.0092,0.497,0.4938,0.0032
2008-ND,2008,ND,141278,168601,6742,316621,0.4462,0.5325,0.0213,0.5325,0.4462,0.0863
2008-NE,2008,NE,333319,452979,14983,801281,0.416,0.5653,0.0187,0.5653,0.416,0.1493
2008-NH,2008,NH,384826,316534,9610,710970,0.5413,0.4452,0.0135,0.5413,0.4452,0.0961
2008-NJ,2008,NJ,2215422,1613207,39608,3868237,0.5727,0.417,0.0102,0.5727,0.417,0.1557
2008-NM,2008,NM,472422,346832,10904,830158,0.5691,0.4178,0.0131,0.5691,0.4178,0.1513
2008-NV,2008,NV,533736,412827,21285,967848,0.5515,0.4265,0.022,0.5515,0.4265,0.125
2008-NY,2008,NY,4804945,2752771,83215,7640931,0.6288,0.3603,0.0109,0.6288,0.3603,0.2685
2008-OH,2008,OH,2940044,2677820,90486,5708350,0.515,0.4691,0.0159,0.515,0.4691,0.0459
2008-OK,2008,OK,502496,960165,0,1462661,0.3435,0.6565,0,0.6565,0.3435,0.313
2008-OR,2008,OR,1037291,738475,52098,1827864,0.5675,0.404,0.0285,0.5675,0.404,0.1635
2008-PA,2008,PA,3276363,2655885,81024,6013272,0.5449,0.4417,0.0135,0.5449,0.4417,0.1032
2008-RI,2008,RI,296571,165391,9804,471766,0.6286,0.3506,0.0208,0.6286,0.3506,0.278
2008-SC,2008,SC,862449,1034896,23624,1920969,0.449,0.5387,0.0123,0.5387,0.449,0.0897
2008-SD,2008,SD,170924,203054,7997,381975,0.4475,0.5316,0.0209,0.5316,0.4475,0.0841
2008-TN,2008,TN,1087437,1479178,33134,2599749,0.4183,0.569,0.0127,0.569,0.4183,0.1507
2008-TX,2008,TX,3528633,4479328,69834,8077795,0.4368,0.5545,0.0086,0.5545,0.4368,0.1177
2008-UT,2008,UT,327670,596030,28670,952370,0.3441,0.6258,0.0301,0.6258,0.3441,0.2817
2008-VA,2008,VA,1959532,1725005,38723,3723260,0.5263,0.4633,0.0104,0.5263,0.4633,0.063
2008-VT,2008,VT,219262,98974,6810,325046,0.6746,0.3045,0.021,0.6746,0.3045,0.3701
2008-WA,2008,WA,1750848,1229216,56814,3036878,0.5765,0.4048,0.0187,0.5765,0.4048,0.1717
2008-WI,2008,WI,1677211,1262393,43813,2983417,0.5622,0.4231,0.0147,0.5622,0.4231,0.1391
2008-WV,2008,WV,303857,397466,12128,713451,0.4259,0.5571,0.017,0.5571,0.4259,0.1312
2008-WY,2008,WY,82868,164958,6832,254658,0.3254,0.6478,0.0268,0.6478,0.3254,0.3224
2012-AK,2012,AK,122640,164676,13179,300495,0.4081,0.548,0.0439,0.548,0.4081,0.1399
2012-AL,2012,AL,795696,1255925,22717,2074338,0.3836,0.6055,0.011,0.6055,0.3836,0.2219
2012-AR,2012,AR,394409,647744,27315,1069468,0.3688,0.6057,0.0255,0.6057,0.3688,0.2369
2012-AZ,2012,AZ,1025232,1233654,40368,2299254,0.4459,0.5365,0.0176,0.5365,0.4459,0.0906
2012-CA,2012,CA,7854285,4839958,344304,13038547,0.6024,0.3712,0.0264,0.6024,0.3712,0.2312
2012-CO,2012,CO,1323102,1185243,61177,2569522,0.5149,0.4613,0.0238,0.5149,0.4613,0.0536
2012-CT,2012,CT,905083,634892,18985,1558960,0.5806,0.4073,0.0122,0.5806,0.4073,0.1733
2012-DC,2012,DC,267070,21381,5313,293764,0.9091,0.0728,0.0181,0.9091,0.0728,0.8363
2012-DE,2012,DE,242584,165484,5853,413921,0.5861,0.3998,0.0141,0.5861,0.3998,0.1863
2012-FL,2012,FL,4237756,4163447,72976,8474179,0.5001,0.4913,0.0086,0.5001,0.4913,0.0088
2012-GA,2012,GA,1773827,2078688,47535,3900050,0.4548,0.533,0.0122,0.533,0.4548,0.0782
2012-HI,2012,HI,306658,121015,7024,434697,0.7055,0.2784,0.0162,0.7055,0.2784,0.4271
2012-IA,2012,IA,822544,730617,29019,1582180,0.5199,0.4618,0.0183,0.5199,0.4618,0.0581
2012-ID,2012,ID,212787,420911,18576,652274,0.3262,0.6453,0.0285,0.6453,0.3262,0.3191
2012-IL,2012,IL,3019512,2135216,87286,5242014,0.576,0.4073,0.0167,0.576,0.4073,0.1687
2012-IN,2012,IN,1152887,1420543,51104,2624534,0.4393,0.5413,0.0195,0.5413,0.4393,0.102
2012-KS,2012,KS,440726,692634,26611,1159971,0.3799,0.5971,0.0229,0.5971,0.3799,0.2172
2012-KY,2012,KY,679370,1087190,30652,1797212,0.378,0.6049,0.0171,0.6049,0.378,0.2269
2012-LA,2012,LA,809141,1152262,32662,1994065,0.4058,0.5778,0.0164,0.5778,0.4058,0.172
2012-MA,2012,MA,1921290,1188314,58163,3167767,0.6065,0.3751,0.0184,0.6065,0.3751,0.2314
2012-MD,2012,MD,1677844,971869,57614,2707327,0.6197,0.359,0.0213,0.6197,0.359,0.2607
2012-ME,2012,ME,401306,292276,19598,713180,0.5627,0.4098,0.0275,0.5627,0.4098,0.1529
2012-MI,2012,MI,2564569,2115256,51136,4730961,0.5421,0.4471,0.0108,0.5421,0.4471,0.095
2012-MN,2012,MN,1546167,1320225,70169,2936561,0.5265,0.4496,0.0239,0.5265,0.4496,0.0769
2012-MO,2012,MO,1223796,1482440,51087,2757323,0.4438,0.5376,0.0185,0.5376,0.4438,0.0938
2012-MS,2012,MS,562949,710746,11889,1285584,0.4379,0.5529,0.0092,0.5529,0.4379,0.115
2012-MT,2012,MT,201839,267928,14281,484048,0.417,0.5535,0.0295,0.5535,0.417,0.1365
2012-NC,2012,NC,2178391,2270395,56586,4505372,0.4835,0.5039,0.0126,0.5039,0.4835,0.0204
2012-ND,2012,ND,124827,188163,9637,322627,0.3869,0.5832,0.0299,0.5832,0.3869,0.1963
2012-NE,2012,NE,302081,475064,17234,794379,0.3803,0.598,0.0217,0.598,0.3803,0.2177
2012-NH,2012,NH,369561,329918,11493,710972,0.5198,0.464,0.0162,0.5198,0.464,0.0558
2012-NJ,2012,NJ,2125101,1477568,37623,3640292,0.5838,0.4059,0.0103,0.5838,0.4059,0.1779
2012-NM,2012,NM,415335,335788,32635,783758,0.5299,0.4284,0.0416,0.5299,0.4284,0.1015
2012-NV,2012,NV,531373,463567,19978,1014918,0.5236,0.4568,0.0197,0.5236,0.4568,0.0668
2012-NY,2012,NY,4485741,2490431,104987,7081159,0.6335,0.3517,0.0148,0.6335,0.3517,0.2818
2012-OH,2012,OH,2827709,2661437,91701,5580847,0.5067,0.4769,0.0164,0.5067,0.4769,0.0298
2012-OK,2012,OK,443547,891325,0,1334872,0.3323,0.6677,0,0.6677,0.3323,0.3354
2012-OR,2012,OR,970488,754175,64607,1789270,0.5424,0.4215,0.0361,0.5424,0.4215,0.1209
2012-PA,2012,PA,2990274,2680434,82962,5753670,0.5197,0.4659,0.0144,0.5197,0.4659,0.0538
2012-RI,2012,RI,279677,157204,9168,446049,0.627,0.3524,0.0206,0.627,0.3524,0.2746
2012-SC,2012,SC,865941,1071645,26532,1964118,0.4409,0.5456,0.0135,0.5456,0.4409,0.1047
2012-SD,2012,SD,145039,210610,8166,363815,0.3987,0.5789,0.0224,0.5789,0.3987,0.1802
2012-TN,2012,TN,960709,1462330,35538,2458577,0.3908,0.5948,0.0145,0.5948,0.3908,0.204
2012-TX,2012,TX,3308124,4569843,115884,7993851,0.4138,0.5717,0.0145,0.5717,0.4138,0.1579
2012-UT,2012,UT,251813,740600,25027,1017440,0.2475,0.7279,0.0246,0.7279,0.2475,0.4804
2012-VA,2012,VA,1971820,1822522,60147,3854489,0.5116,0.4728,0.0156,0.5116,0.4728,0.0388
2012-VT,2012,VT,199239,92698,7353,299290,0.6657,0.3097,0.0246,0.6657,0.3097,0.356
2012-WA,2012,WA,1755396,1290670,79450,3125516,0.5616,0.4129,0.0254,0.5616,0.4129,0.1487
2012-WI,2012,WI,1620985,1407966,39483,3068434,0.5283,0.4589,0.0129,0.5283,0.4589,0.0694
2012-WV,2012,WV,238269,417655,14514,670438,0.3554,0.623,0.0216,0.623,0.3554,0.2676
2012-WY,2012,WY,69286,170962,8813,249061,0.2782,0.6864,0.0354,0.6864,0.2782,0.4082
2016-AK,2016,AK,163387,116454,38767,318608,0.5128,0.3655,0.1217,0.5128,0.3655,0.1473
2016-AL,2016,AL,1318255,729547,75570,2123372,0.6208,0.3436,0.0356,0.6208,0.3436,0.2772
2016-AR,2016,AR,684872,380494,65310,1130676,0.6057,0.3365,0.0578,0.6057,0.3365,0.2692
2016-AZ,2016,AZ,1252401,1161167,159597,2573165,0.4867,0.4513,0.062,0.4867,0.4513,0.0354
2016-CA,2016,CA,4483814,8753792,943998,14181604,0.3162,0.6173,0.0666,0.6173,0.3162,0.3011
2016-CO,2016,CO,1202484,1338870,238893,2780247,0.4325,0.4816,0.0859,0.4816,0.4325,0.0491
2016-CT,2016,CT,673215,897572,74133,1644920,0.4093,0.5457,0.0451,0.5457,0.4093,0.1364
2016-DC,2016,DC,12723,282830,15715,311268,0.0409,0.9086,0.0505,0.9086,0.0505,0.8581
2016-DE,2016,DE,185127,235603,23084,443814,0.4171,0.5309,0.052,0.5309,0.4171,0.1138
2016-FL,2016,FL,4617886,4504975,297178,9420039,0.4902,0.4782,0.0315,0.4902,0.4782,0.012
2016-GA,2016,GA,2089104,1877963,147665,4114732,0.5077,0.4564,0.0359,0.5077,0.4564,0.0513
2016-HI,2016,HI,128847,266891,33199,428937,0.3004,0.6222,0.0774,0.6222,0.3004,0.3218
2016-IA,2016,IA,800983,653669,111379,1566031,0.5115,0.4174,0.0711,0.5115,0.4174,0.0941
2016-ID,2016,ID,409055,189765,91435,690255,0.5926,0.2749,0.1325,0.5926,0.2749,0.3177
2016-IL,2016,IL,2146015,3090729,299680,5536424,0.3876,0.5583,0.0541,0.5583,0.3876,0.1707
2016-IN,2016,IN,1557286,1033126,144546,2734958,0.5694,0.3777,0.0529,0.5694,0.3777,0.1917
2016-KS,2016,KS,671018,427005,86379,1184402,0.5665,0.3605,0.0729,0.5665,0.3605,0.206
2016-KY,2016,KY,1202971,628854,92324,1924149,0.6252,0.3268,0.048,0.6252,0.3268,0.2984
2016-LA,2016,LA,1178638,780154,70240,2029032,0.5809,0.3845,0.0346,0.5809,0.3845,0.1964
2016-MA,2016,MA,1090893,1995196,238957,3325046,0.3281,0.6001,0.0719,0.6001,0.3281,0.272
2016-MD,2016,MD,943169,1677928,160349,2781446,0.3391,0.6033,0.0576,0.6033,0.3391,0.2642
2016-ME,2016,ME,335593,357735,54599,747927,0.4487,0.4783,0.073,0.4783,0.4487,0.0296
2016-MI,2016,MI,2279543,2268839,250902,4799284,0.475,0.4727,0.0523,0.475,0.4727,0.0023
2016-MN,2016,MN,1322951,1367716,254146,2944813,0.4492,0.4644,0.0863,0.4644,0.4492,0.0152
2016-MO,2016,MO,1594511,1071068,143026,2808605,0.5677,0.3814,0.0509,0.5677,0.3814,0.1863
2016-MS,2016,MS,700714,485131,23512,1209357,0.5794,0.4011,0.0194,0.5794,0.4011,0.1783
2016-MT,2016,MT,279240,177709,40198,497147,0.5617,0.3575,0.0809,0.5617,0.3575,0.2042
2016-NC,2016,NC,2362631,2189316,189617,4741564,0.4983,0.4617,0.04,0.4983,0.4617,0.0366
2016-ND,2016,ND,216794,93758,33808,344360,0.6296,0.2723,0.0982,0.6296,0.2723,0.3573
2016-NE,2016,NE,495961,284494,63772,844227,0.5875,0.337,0.0755,0.5875,0.337,0.2505
2016-NH,2016,NH,345790,348526,49980,744296,0.4646,0.4683,0.0672,0.4683,0.4646,0.0037
2016-NJ,2016,NJ,1601933,2148278,123835,3874046,0.4135,0.5545,0.032,0.5545,0.4135,0.141
2016-NM,2016,NM,319667,385234,93418,798319,0.4004,0.4826,0.117,0.4826,0.4004,0.0822
2016-NV,2016,NV,512058,539260,74067,1125385,0.455,0.4792,0.0658,0.4792,0.455,0.0242
2016-NY,2016,NY,2819533,4556118,345791,7721442,0.3652,0.5901,0.0448,0.5901,0.3652,0.2249
2016-OH,2016,OH,2841005,2394164,261318,5496487,0.5169,0.4356,0.0475,0.5169,0.4356,0.0813
2016-OK,2016,OK,949136,420375,83481,1452992,0.6532,0.2893,0.0575,0.6532,0.2893,0.3639
2016-OR,2016,OR,782403,1002106,216827,2001336,0.3909,0.5007,0.1083,0.5007,0.3909,0.1098
2016-PA,2016,PA,2970733,2926441,268304,6165478,0.4818,0.4746,0.0435,0.4818,0.4746,0.0072
2016-RI,2016,RI,180543,252525,31076,464144,0.389,0.5441,0.067,0.5441,0.389,0.1551
2016-SC,2016,SC,1155389,855373,92265,2103027,0.5494,0.4067,0.0439,0.5494,0.4067,0.1427
2016-SD,2016,SD,227721,117458,24914,370093,0.6153,0.3174,0.0673,0.6153,0.3174,0.2979
2016-TN,2016,TN,1522925,870695,114407,2508027,0.6072,0.3472,0.0456,0.6072,0.3472,0.26
2016-TX,2016,TX,4685047,3877868,406311,8969226,0.5223,0.4324,0.0453,0.5223,0.4324,0.0899
2016-UT,2016,UT,515231,310676,305523,1131430,0.4554,0.2746,0.27,0.4554,0.2746,0.1808
2016-VA,2016,VA,1769443,1981473,233715,3984631,0.4441,0.4973,0.0587,0.4973,0.4441,0.0532
2016-VT,2016,VT,95369,178573,41125,315067,0.3027,0.5668,0.1305,0.5668,0.3027,0.2641
2016-WA,2016,WA,1221747,1742718,352554,3317019,0.3683,0.5254,0.1063,0.5254,0.3683,0.1571
2016-WI,2016,WI,1405284,1382536,188330,2976150,0.4722,0.4645,0.0633,0.4722,0.4645,0.0077
2016-WV,2016,WV,489371,188794,36258,714423,0.685,0.2643,0.0508,0.685,0.2643,0.4207
2016-WY,2016,WY,174419,55973,25457,255849,0.6817,0.2188,0.0995,0.6817,0.2188,0.4629
2010-AL,2010,AL,934576,1882626,36044,2853246,0.3275483,0.659819,0.0126326,0.659819,0.327548343,0.3322707
2010-AK,2010,AK,137651,266223,107999,511873,0.2689163,0.5200958,0.2109879,0.5200958,0.268916313,0.2511795
2010-AS,2010,AS,6182,4422,356,10960,0.5640511,0.4034672,0.0324818,0.5640511,0.403467153,0.1605839
2010-AZ,2010,AZ,1303848,1906125,196656,3406629,0.3827385,0.5595341,0.0577274,0.5595341,0.382738478,0.1767956
2010-AR,2010,AR,606131,887040,60911,1554082,0.3900251,0.5707807,0.0391942,0.5707807,0.390025108,0.1807556
2010-CA,2010,CA,10366648,8412974,868111,19647733,0.5276257,0.4281906,0.0441838,0.5276257,0.42819057,0.0994351
2010-CO,2010,CO,1658754,1710846,176535,3546135,0.4677639,0.4824537,0.0497824,0.4824537,0.467763918,0.0146898
2010-CT,2010,CT,1240151,956317,94849,2291317,0.5412394,0.4173656,0.041395,0.5412394,0.417365646,0.1238737
2010-DE,2010,DE,347555,248495,16988,613038,0.5669388,0.4053501,0.0277112,0.5669388,0.405350076,0.1615887
2010-DC,2010,DC,117990,8109,6557,132656,0.8894434,0.061128,0.0494286,0.8894434,0.06112803,0.8283153
2010-FL,2010,FL,2946536,5649968,1932022,10528526,0.2798622,0.5366343,0.1835036,0.5366343,0.279862157,0.2567721
2010-GA,2010,GA,1936863,3018046,69029,5023938,0.3855269,0.6007331,0.01374,0.6007331,0.385526852,0.2152063
2010-GU,2010,GU,35919,0,1502,37421,0.9598621,0,0.0401379,0.9598621,0.04013789,0.9197242
2010-HI,2010,HI,503658,209066,17980,730704,0.6892777,0.2861159,0.0246064,0.6892777,0.286115855,0.4031619
2010-ID,2010,ID,262941,583652,50081,896674,0.2932404,0.6509077,0.055852,0.6509077,0.293240353,0.3576673
2010-IL,2010,IL,5237280,5176443,532893,10946616,0.4784383,0.4728807,0.0486811,0.4784383,0.47288066,0.0055576
2010-IN,2010,IN,1438117,2039702,198091,3675910,0.3912275,0.5548836,0.053889,0.5548836,0.391227478,0.1636561
2010-IA,2010,IA,851560,1315629,55465,2222654,0.3831276,0.591918,0.0249544,0.591918,0.383127558,0.2087905
2010-KS,2010,KS,495963,1115311,61947,1673221,0.2964121,0.6665653,0.0370226,0.6665653,0.29641213,0.3701531
2010-KY,2010,KY,1106371,1600075,3948,2710394,0.4081956,0.5903478,0.0014566,0.5903478,0.408195635,0.1821521
2010-LA,2010,LA,787793,1390801,122347,2300941,0.3423786,0.6044488,0.0531726,0.6044488,0.342378618,0.2620702
2010-ME,2010,ME,316156,248170,42,564368,0.5601948,0.4397308,0.0000744,0.5601948,0.439730814,0.120464
2010-MD,2010,MD,2244587,1329912,84831,3659330,0.6133874,0.3634305,0.0231821,0.6133874,0.363430464,0.249957
2010-MA,2010,MA,1335738,808305,80212,2224255,0.6005328,0.3634048,0.0360624,0.6005328,0.363404825,0.2371279
2010-MI,2010,MI,1415212,1671707,107982,3194901,0.4429596,0.5232422,0.0337982,0.5232422,0.442959578,0.0802826
2010-MN,2010,MN,1002026,970741,117824,2090591,0.4793027,0.4643381,0.0563592,0.4793027,0.464338075,0.0149647
2010-MS,2010,MS,350695,423579,14275,788549,0.4447346,0.5371626,0.0181029,0.5371626,0.444734569,0.092428
2010-MO,2010,MO,1497800,2157450,209324,3864574,0.3875718,0.5582633,0.0541648,0.5582633,0.387571826,0.1706915
2010-MT,2010,MT,121954,217696,20691,360341,0.3384405,0.6041389,0.0574206,0.6041389,0.338440533,0.2656983
2010-NE,2010,NE,137524,327986,20036,485546,0.2832358,0.6754993,0.0412649,0.6754993,0.28323578,0.3922636
2010-NV,2010,NV,680620,678730,64842,1424192,0.477899,0.476572,0.045529,0.477899,0.476571979,0.0013271
2010-NH,2010,NH,368108,503483,34083,905674,0.4064465,0.5559208,0.0376327,0.5559208,0.40644647,0.1494743
2010-NJ,2010,NJ,1024730,1055299,41555,2121584,0.4830023,0.4974109,0.0195868,0.4974109,0.483002323,0.0144086
2010-NM,2010,NM,308473,289217,0,597690,0.5161087,0.4838913,0,0.5161087,0.483891315,0.0322174
2010-NY,2010,NY,7618622,4225756,1946939,13791317,0.5524216,0.306407,0.1411714,0.5524216,0.306406995,0.2460146
2010-NC,2010,NC,2349709,2898959,73960,5322628,0.4414566,0.5446481,0.0138954,0.5446481,0.441456551,0.1031915
2010-ND,2010,ND,159497,311491,4961,475949,0.3351136,0.654463,0.0104234,0.654463,0.335113636,0.3193493
2010-MP,2010,MP,1707,2049,7596,11352,0.15037,0.1804968,0.6691332,0.6691332,0.180496829,0.4886364
2010-OH,2010,OH,3114409,4221817,304146,7640372,0.4076253,0.5525669,0.0398077,0.5525669,0.407625309,0.1449416
2010-OK,2010,OK,487780,1238044,84306,1810130,0.2694724,0.6839531,0.0465746,0.6839531,0.269472358,0.4144807
2010-OR,2010,OR,1558876,1223206,89862,2871944,0.5427947,0.4259157,0.0312896,0.5427947,0.425915686,0.116879
2010-PA,2010,PA,3830918,4063090,40054,7934062,0.4828445,0.5121072,0.0050484,0.5121072,0.482844475,0.0292627
2010-RI,2010,RI,185711,126951,22405,335067,0.5542503,0.3788824,0.0668672,0.5542503,0.378882432,0.1753679
2010-SC,2010,SC,901921,1564703,192359,2658983,0.3391977,0.5884592,0.0723431,0.5884592,0.339197731,0.2492615
2010-SD,2010,SD,146589,381650,19134,547373,0.2678046,0.6972394,0.0349561,0.6972394,0.267804587,0.4294348
2010-TN,2010,TN,541527,955078,62524,1559129,0.3473266,0.6125715,0.0401019,0.6125715,0.347326616,0.2652449
2010-TX,2010,TX,1450197,3058228,237188,4745613,0.3055869,0.6444327,0.0499805,0.6444327,0.305586865,0.3388458
2010-UT,2010,UT,425921,781148,67255,1274324,0.3342329,0.6129901,0.052777,0.6129901,0.334232895,0.2787572
2010-VT,2010,VT,305287,149102,19310,473699,0.6444747,0.3147611,0.0407643,0.6444747,0.314761061,0.3297136
2010-VI,2010,VI,19844,2329,5493,27666,0.7172703,0.0841828,0.198547,0.7172703,0.198546953,0.5187233
2010-VA,2010,VA,911116,1186098,92627,2189841,0.4160649,0.5416366,0.0422985,0.5416366,0.416064911,0.1255717
2010-WA,2010,WA,2611432,2331330,47741,4990503,0.5232803,0.4671533,0.0095664,0.5232803,0.467153311,0.056127
2010-WV,2010,WV,511215,513098,20008,1044321,0.489519,0.4913221,0.0191589,0.4913221,0.489519027,0.0018031
2010-WI,2010,WI,1959648,2291760,60405,4311813,0.4544835,0.5315073,0.0140092,0.5315073,0.454483532,0.0770237
2010-WY,2010,WY,45768,131661,9540,186969,0.2447892,0.7041863,0.0510245,0.7041863,0.244789243,0.459397
2014-AL,2014,AL,331764,1500139,67067,1898970,0.1747073,0.7899751,0.0353176,0.7899751,0.174707341,0.6152678
2014-AK,2014,AK,244033,278017,40091,562141,0.4341135,0.4945681,0.0713184,0.4945681,0.434113505,0.0604546
2014-AS,2014,AS,5328,4306,612,10246,0.5200078,0.4202616,0.0597306,0.5200078,0.420261565,0.0997462
2014-AZ,2014,AZ,577947,817178,72492,1467617,0.3937996,0.556806,0.0493944,0.556806,0.393799608,0.1630064
2014-AR,2014,AR,588948,988450,100759,1678157,0.3509493,0.5890093,0.0600415,0.5890093,0.350949285,0.23806
2014-CA,2014,CA,4067737,2950679,114005,7132421,0.5703164,0.4136995,0.0159841,0.5703164,0.4136995,0.1566169
2014-CO,2014,CO,1880620,1984088,176875,4041583,0.4653177,0.4909185,0.0437638,0.4909185,0.465317674,0.0256009
2014-CT,2014,CT,596390,409513,61954,1067857,0.5584924,0.3834905,0.0580171,0.5584924,0.383490486,0.1750019
2014-DE,2014,DE,267906,183969,13780,465655,0.5753315,0.3950758,0.0295927,0.5753315,0.395075754,0.1802558
2014-DC,2014,DC,143923,11673,16297,171893,0.8372825,0.0679085,0.094809,0.8372825,0.09480898,0.7424735
2014-FL,2014,FL,2130626,2713451,154478,4998555,0.4262484,0.5428471,0.0309045,0.5428471,0.426248386,0.1165987
2014-GA,2014,GA,2117172,2707164,49134,4873470,0.434428,0.55549,0.0100819,0.55549,0.434428036,0.121062
2014-GU,2014,GU,20693,14956,113,35762,0.5786309,0.4182093,0.0031598,0.5786309,0.418209272,0.1604217
2014-HI,2014,HI,482227,218090,13634,713951,0.6754343,0.3054691,0.0190965,0.6754343,0.305469143,0.3699652
2014-ID,2014,ID,311652,560668,7,872327,0.3572651,0.6427269,0.000008,0.6427269,0.357265108,0.2854618
2014-IL,2014,IL,3752416,3260387,158718,7171521,0.5232385,0.4546298,0.0221317,0.5232385,0.454629778,0.0686087
2014-IN,2014,IN,502104,793759,44951,1340814,0.374477,0.5919978,0.0335252,0.5919978,0.374476997,0.2175208
2014-IA,2014,IA,1003559,1184440,62035,2250034,0.4460195,0.5264098,0.0275707,0.5264098,0.446019482,0.0803903
2014-KS,2014,KS,311530,1001106,415632,1728268,0.1802556,0.5792539,0.2404905,0.5792539,0.240490479,0.3387634
2014-KY,2014,KY,1092849,1693944,46701,2833494,0.3856895,0.5978287,0.0164818,0.5978287,0.385689541,0.2121391
2014-LA,2014,LA,1752106,2689630,144300,4586036,0.3820524,0.5864825,0.0314651,0.5864825,0.382052387,0.2044301
2014-ME,2014,ME,495474,641554,59326,1196354,0.4141533,0.5362577,0.049589,0.5362577,0.414153336,0.1221043
2014-MD,2014,MD,978267,704400,20370,1703037,0.574425,0.413614,0.011961,0.574425,0.413614032,0.160811
2014-MA,2014,MA,2765386,1100548,32854,3898788,0.7092938,0.2822795,0.0084267,0.7092938,0.282279519,0.4270142
2014-MI,2014,MI,3223966,2756948,230338,6211252,0.5190525,0.4438635,0.037084,0.5190525,0.443863492,0.075189
2014-MN,2014,MN,2038965,1763766,142336,3945067,0.5168391,0.4470814,0.0360795,0.5168391,0.44708138,0.0697578
2014-MS,2014,MS,469453,707650,81034,1258137,0.3731335,0.5624586,0.0644079,0.5624586,0.37313345,0.1893252
2014-MO,2014,MO,513600,838283,74420,1426303,0.3600918,0.5877314,0.0521769,0.5877314,0.36009179,0.2276396
2014-MT,2014,MT,296874,417580,23335,737789,0.4023833,0.5659884,0.0316283,0.5659884,0.402383337,0.163605
2014-NE,2014,NE,355361,688452,32054,1075867,0.330302,0.6399044,0.0297936,0.6399044,0.33030198,0.3096024
2014-NV,2014,NV,210147,28053,304809,543009,0.3870046,0.0516621,0.5613332,0.5613332,0.387004635,0.1743286
2014-NH,2014,NH,498653,467726,2700,969079,0.5145638,0.48265,0.0027862,0.5145638,0.482650021,0.0319138
2014-NJ,2014,NJ,2050824,1732289,69062,3852175,0.5323808,0.4496911,0.0179281,0.5323808,0.449691149,0.0826896
2014-NM,2014,NM,557631,469639,121,1027391,0.5427641,0.4571181,0.0001178,0.5427641,0.457118079,0.0856461
2014-NY,2014,NY,1788105,1257412,606190,3651707,0.4896628,0.3443354,0.1660018,0.4896628,0.344335403,0.1453274
2014-NC,2014,NC,2739346,3020201,132978,5892525,0.4648849,0.5125478,0.0225672,0.5125478,0.464884918,0.0476629
2014-ND,2014,ND,95678,138100,14892,248670,0.3847589,0.5553545,0.0598866,0.5553545,0.384758917,0.1705956
2014-MP,2014,MP,8549,0,4547,13096,0.6527947,0,0.3472053,0.6527947,0.347205254,0.3055895
2014-OH,2014,OH,1179587,1770923,49651,3000161,0.3931746,0.590276,0.0165494,0.590276,0.393174566,0.1971014
2014-OK,2014,OK,646252,1572781,76003,2295036,0.2815869,0.6852969,0.0331163,0.6852969,0.281586868,0.40371
2014-OR,2014,OR,1592676,1121756,197888,2912320,0.5468753,0.3851761,0.0679486,0.5468753,0.38517608,0.1616993
2014-PA,2014,PA,1467594,1833205,28404,3329203,0.4408244,0.5506438,0.0085318,0.5506438,0.440824426,0.1098194
2014-RI,2014,RI,416451,215405,1299,633155,0.6577394,0.340209,0.0020516,0.6577394,0.340208954,0.3175305
2014-SC,2014,SC,1293334,2164612,176893,3634839,0.355816,0.595518,0.048666,0.595518,0.355816035,0.239702
2014-SD,2014,SD,174941,324575,56215,555731,0.3147944,0.5840506,0.1011551,0.5840506,0.314794388,0.2692562
2014-TN,2014,TN,886269,1698933,160024,2745226,0.3228401,0.6188682,0.0582917,0.6188682,0.322840087,0.2960281
2014-TX,2014,TX,3071403,5546123,484331,9101857,0.337448,0.6093397,0.0532123,0.6093397,0.337447952,0.2718918
2014-UT,2014,UT,183491,351034,31445,565970,0.3242062,0.6202343,0.0555595,0.6202343,0.32420623,0.2960281
2014-VT,2014,VT,123349,59432,8723,191504,0.6441067,0.3103434,0.04555,0.6441067,0.310343387,0.3337633
2014-VI,2014,VI,21224,1964,224,23412,0.9065437,0.0838886,0.0095677,0.9065437,0.083888604,0.822655
2014-VA,2014,VA,2010842,2348528,201747,4561117,0.4408661,0.5149019,0.0442319,0.5149019,0.44086613,0.0740358
2014-WA,2014,WA,1047747,981853,0,2029600,0.5162332,0.4837668,0,0.5162332,0.483766752,0.0324665
2014-WV,2014,WV,338844,524643,29590,893077,0.3794119,0.5874555,0.0331326,0.5874555,0.379411854,0.2080437
2014-WI,2014,WI,1102581,1233336,19663,2355580,0.468072,0.5235806,0.0083474,0.5235806,0.468071982,0.0555086
2014-WY,2014,WY,67180,234592,31718,333490,0.2014453,0.7034454,0.0951093,0.7034454,0.201445321,0.5020001
2018-AL,2018,AL,678687,975737,5471,1659895,0.4088735,0.5878306,0.003296,0.5878306,0.408873453,0.1789571
2018-AK,2018,AK,131199,149779,1188,282166,0.464971,0.5308187,0.0042103,0.5308187,0.464970975,0.0658478
2018-AS,2018,AS,637,7194,807,8638,0.0737439,0.8328317,0.0934244,0.8328317,0.093424404,0.7394073
2018-AZ,2018,AZ,2370293,2274451,80834,4725578,0.501588,0.4813064,0.0171056,0.501588,0.481306414,0.0202815
2018-AR,2018,AR,312978,556339,19981,889298,0.3519383,0.6255934,0.0224683,0.6255934,0.35193827,0.2736552
2018-CA,2018,CA,14029867,9067338,200681,23297886,0.6021949,0.3891914,0.0086137,0.6021949,0.389191449,0.2130034
2018-CO,2018,CO,1343211,1079772,90923,2513906,0.5343123,0.4295196,0.036168,0.5343123,0.42951964,0.1047927
2018-CT,2018,CT,1596337,1058212,112099,2766648,0.5769932,0.3824888,0.040518,0.5769932,0.382488846,0.1945043
2018-DE,2018,DE,444738,262511,9171,716420,0.6207783,0.3664205,0.0128012,0.6207783,0.366420535,0.2543578
2018-DC,2018,DC,199124,9700,19945,228769,0.8704151,0.0424008,0.087184,0.8704151,0.087184015,0.7832311
2018-FL,2018,FL,7396700,7774922,39859,15211481,0.4862577,0.511122,0.0026203,0.511122,0.486257715,0.0248642
2018-GA,2018,GA,1814469,1987191,683,3802343,0.4771976,0.5226228,0.0001796,0.5226228,0.477197612,0.0454251
2018-GU,2018,GU,19193,15398,399,34990,0.5485282,0.4400686,0.0114033,0.5485282,0.440068591,0.1084596
2018-HI,2018,HI,564237,199383,7063,770683,0.7321259,0.2587095,0.0091646,0.7321259,0.258709482,0.4734164
2018-ID,2018,ID,207303,367993,20428,595724,0.347985,0.617724,0.034291,0.617724,0.347984973,0.269739
2018-IL,2018,IL,2757540,1754449,27715,4539704,0.6074273,0.3864677,0.006105,0.6074273,0.386467708,0.2209596
2018-IN,2018,IN,2023657,2405978,109079,4538714,0.4458657,0.5301013,0.024033,0.5301013,0.445865723,0.0842355
2018-IA,2018,IA,664676,612338,39634,1316648,0.5048244,0.4650734,0.0301022,0.5048244,0.465073429,0.0397509
2018-KS,2018,KS,464380,563190,22752,1050322,0.4421311,0.536207,0.0216619,0.536207,0.44213108,0.0940759
2018-KY,2018,KY,612977,935304,21517,1569798,0.3904815,0.5958117,0.0137069,0.5958117,0.39048145,0.2053302
2018-LA,2018,LA,553184,835715,71694,1460593,0.3787393,0.5721751,0.0490855,0.5721751,0.37873932,0.1934358
2018-ME,2018,ME,399476,468874,397736,1266086,0.3155204,0.3703335,0.3141461,0.3703335,0.315520431,0.054813
2018-MD,2018,MD,2984661,1434923,166589,4586173,0.6507956,0.3128803,0.0363242,0.6507956,0.31288026,0.3379153
2018-MA,2018,MA,3576968,1477163,138040,5192171,0.6889157,0.2844981,0.0265862,0.6889157,0.284498142,0.4044175
2018-MI,2018,MI,4558811,3792277,235879,8586967,0.5308989,0.4416317,0.0274694,0.5308989,0.441631719,0.0892671
2018-MN,2018,MN,4357483,3161747,242001,7761231,0.5614423,0.407377,0.0311807,0.5614423,0.407377,0.1540653
2018-MS,2018,MS,768337,1018781,1941055,3728173,0.2060894,0.2732655,0.5206451,0.5206451,0.273265484,0.2473796
2018-MO,2018,MO,2140904,2585902,133896,4860702,0.4404516,0.5320018,0.0275466,0.5320018,0.440451606,0.0915502
2018-MT,2018,MT,487160,492624,29021,1008805,0.482908,0.4883243,0.0287677,0.4883243,0.482907995,0.0054163
2018-NE,2018,NE,534410,835228,25815,1395453,0.3829652,0.5985354,0.0184994,0.5985354,0.382965245,0.2155701
2018-NV,2018,NV,981343,880929,70634,1932906,0.5077034,0.4557537,0.0365429,0.5077034,0.455753668,0.0519498
2018-NH,2018,NH,311242,248986,10516,570744,0.5453268,0.4362481,0.0184251,0.5453268,0.436248125,0.1090787
2018-NJ,2018,NJ,3568473,2556019,143561,6268053,0.5693112,0.4077852,0.0229036,0.5693112,0.407785161,0.1615261
2018-NM,2018,NM,781024,477514,131785,1390323,0.5617572,0.3434554,0.0947873,0.5617572,0.343455442,0.2183018
2018-NY,2018,NY,7655052,3456757,1151597,12263406,0.6242191,0.2818758,0.0939052,0.6242191,0.281875769,0.3423433
2018-NC,2018,NC,1771061,1846041,46224,3663326,0.4834571,0.5039248,0.012618,0.5039248,0.48345711,0.0204677
2018-ND,2018,ND,258753,373288,15629,647670,0.3995136,0.5763552,0.0241311,0.5763552,0.399513641,0.1768416
2018-MP,2018,MP,0,5199,9150,14349,0,0.3623249,0.6376751,0.6376751,0.362324901,0.2753502
2018-OH,2018,OH,4443362,4352932,33358,8829652,0.5032318,0.4929902,0.003778,0.5032318,0.492990211,0.0102416
2018-OK,2018,OK,428452,730531,19853,1178836,0.3634534,0.6197054,0.0168412,0.6197054,0.363453441,0.2562519
2018-OR,2018,OR,1061412,702531,83703,1847646,0.5744672,0.3802303,0.0453025,0.5744672,0.380230304,0.1942369
2018-PA,2018,PA,5808723,4623205,121407,10553335,0.5504159,0.43808,0.0115041,0.5504159,0.43808,0.1123359
2018-RI,2018,RI,474052,274259,1707,750018,0.6320542,0.3656699,0.0022759,0.6320542,0.365669891,0.2663843
2018-SC,2018,SC,758340,927494,23458,1709292,0.4436574,0.5426188,0.0137238,0.5426188,0.443657374,0.0989614
2018-SD,2018,SD,121033,202695,12237,335965,0.3602548,0.6033218,0.0364234,0.6033218,0.360254788,0.243067
2018-TN,2018,TN,1831900,2507138,64527,4403565,0.4160039,0.5693428,0.0146534,0.5693428,0.416003851,0.1533389
2018-TX,2018,TX,7898384,8395912,280067,16574363,0.4765422,0.5065602,0.0168976,0.5065602,0.476542236,0.0300179
2018-UT,2018,UT,702550,1282522,130331,2115403,0.3321117,0.6062779,0.0616105,0.6062779,0.332111659,0.2741662
2018-VT,2018,VT,188547,145520,211008,545075,0.3459102,0.2669724,0.3871174,0.3871174,0.345910196,0.0412072
2018-VI,2018,VI,16341,0,264,16605,0.9841012,0,0.0158988,0.9841012,0.015898826,0.9682023
2018-VA,2018,VA,3777431,2783014,104523,6664968,0.5667591,0.4175585,0.0156824,0.5667591,0.417558494,0.1492006
2018-WA,2018,WA,3691957,2182548,233614,6108119,0.6044344,0.3573192,0.0382465,0.6044344,0.357319168,0.2471152
2018-WV,2018,WV,525078,608259,30688,1164025,0.4510882,0.5225481,0.0263637,0.5225481,0.45108825,0.0714598
2018-WI,2018,WI,2840406,2305928,86084,5232418,0.5428477,0.4407003,0.016452,0.5428477,0.440700265,0.1021474
2018-WY,2018,WY,121130,264173,19362,404665,0.299334,0.652819,0.047847,0.652819,0.299334017,0.353485
